date,news
2021-12-31,Abbott (ABT) Stock Moves -0.18%: What You Should Know
2021-12-31,"CES 2022: Electric Vehicles, Digital Health, Metaverse In Focus"
2021-12-31,Here's Why You Should Invest in Abbott (ABT) Stock Right Now
2021-12-30,16 big stocks near records before the New Year
2021-12-30,Covid-19 Rapid Test Shortages Seen Compounded by Slow Federal Action
2021-12-30,"The Zacks Analyst Blog Highlights: Apple, Abbott Laboratories, Infosys, General Motors and NIO"
2021-12-29,"COVID-19: 'You’re going to see increased hospitalizations based on the sheer volume,' says Dr. Rajeev Fernando"
2021-12-29,"Top Stock Reports for Apple, Abbott & Infosys"
2021-12-29,Abbott (ABT) Diagnostic and Nutrition Arms Grow Worldwide
2021-12-28,Abbott (ABT) Dips More Than Broader Markets: What You Should Know
2021-12-28,COVID-19: Many feel it’s somewhat reckless to tell people after 5 days you can assume you’re fine and clear says Emergency Medicine Physician
2021-12-28,Abbott (ABT) Scales to a 52-Week High: What's Driving It?
2021-12-28,"BlackRock Funds IV Buys International Business Machines Corp, Abbott Laboratories, Union ..."
2021-12-27,"COVID-19: ‘We don’t really know what Omicron is going to do in terms of Long-COVID,’ doctor says"
2021-12-27,Abbott Laboratories Keeps Attracting Big Money
2021-12-26,3 Dividend Stocks to Buy If the Market Crashes in 2022
2021-12-22,Doctor laments 'exhausting' Omicron wave: 'We're trying to juggle a million things at once'
2021-12-22,CVS and Walgreens are limiting sales of at-home covid tests
2021-12-22,"Abbott Rises On Raymond James Bullish Commentary, Price Target Raise"
2021-12-22,The White House Plans to Give Americans Free Rapid Covid Tests. Here’s What Test Makers Say.
2021-12-21,Abbott (ABT) Gains But Lags Market: What You Should Know
2021-12-21,3 Reasons Why Abbott (ABT) Is a Great Growth Stock
2021-12-21,ABT or RMD: Which Is the Better Value Stock Right Now?
2021-12-21,Omicron Is Driving Up Demand for Rapid Tests
2021-12-21,Is Abbott (ABT) Stock Outpacing Its Medical Peers This Year?
2021-12-21,Abbott to Present at J.P. Morgan Healthcare Conference
2021-12-21,3 Great Stocks to Buy With the Omicron Variant Spreading Like Wildfire
2021-12-20,"Market check: Stocks open lower, yield curve steepens, oil under pressure"
2021-12-20,"Abbott Named One of the Top 25 Best-Managed Companies of 2021, and Top 10 Companies for Sustainability in The Wall Street Journal"
2021-12-18,Top 10 Stock Picks of Ray Dalio
2021-12-18,Here's the lowdown on COVID-19 tests right now
2021-12-17,"Fidelity Hastings Street Trust Buys Universal Music Group NV, SAP SE, Glencore PLC, Sells BHP ..."
2021-12-16,3 COVID Stocks That Will Pay You Rich Dividends in 2022
2021-12-16,3 Stocks That Just Declared Dividend Raises
2021-12-16,Abbott Laboratories (NYSE:ABT) Is Increasing Its Dividend To US$0.47
2021-12-15,Abbott (ABT) Outpaces Stock Market Gains: What You Should Know
2021-12-15,Addressing Social Issues to Advance Health Equity
2021-12-15,"Tributary Balanced Fund Buys Qualcomm Inc, Rent-A-Center Inc, Paycom Software Inc, Sells ..."
2021-12-14,Miles White exits Abbott Labs with retirement as executive chairman
2021-12-13,"Calamos Growth and Income Portfolio Buys Abbott Laboratories, Huntington Bancshares Inc, Eli ..."
2021-12-13,"T. Rowe Price Exchange-Traded Funds, Inc. Buys Microsoft Corp, Amazon. ..."
2021-12-12,"CVS, Abbott and Other Companies That Raised Their Dividends This Week"
2021-12-12,"CVS, Abbot, and Other Companies That Raised Their Dividends This Week"
2021-12-11,What Kind Of Shareholders Own Abbott Laboratories (NYSE:ABT)?
2021-12-11,"Zoetis, CVS Health, and Other Companies That Raised Their Dividends This Week"
2021-12-10,3 Healthcare Stocks for Long-Term Dividend Growth
2021-12-10,Abbott Names Robert B. Ford Chairman of the Board; Miles D. White to Retire as Executive Chairman
2021-12-10,Abbott Increases Quarterly Dividend for 50th Consecutive Year
2021-12-09,Is Abbott Labs (ABT) Still a Great Long-Term Pick?
2021-12-09,"Tekla Healthcare Investors Buys Amgen Inc, Guardant Health Inc, Icon PLC, Sells Abbott ..."
2021-12-08,Abbott (ABT) Stock Sinks As Market Gains: What You Should Know
2021-12-08,"O'Shares U.S. Quality Dividend ETF Buys Blackstone Inc, Abbott Laboratories, Verizon ..."
2021-12-08,"Zacks Industry Outlook Highlights: Abbott Lab, Bio-Rad Lab and Hill-Rom Holdings"
2021-12-07,Abbott Laboratories (ABT): Hedge Funds Are Snapping Up
2021-12-06,"Mcdaniel Terry & Co Buys Texas Instruments Inc, Sells Abbott Laboratories, , Meta Platforms Inc"
2021-12-06,"Abbott Labs Stock Climbs Into Top-Performers Group Amid Continued double- and triple-digit Profit, Sales Growth"
2021-12-06,"Flu, Meet COVID-19: What to Know About This Season"
2021-12-06,7 Stocks to Buy to Give Your Portfolio a Booster Shot
2021-12-03,A Lasting Impact Through Better Medicine Adherence
2021-12-03,Abbott (ABT) Nutrition Sales Strong Amid Spike in COVID Cases
2021-12-03,"The Zacks Analyst Blog Highlights: Abbott Laboratories, West Pharmaceuticals Services, Baxter International and Chemed Corp"
2021-12-03,"The Zacks Analyst Blog Highlights: Tesla, Meta Platforms, Abbott Lab, Comcast and 3M"
2021-12-02,Abbott (ABT) Gains But Lags Market: What You Should Know
2021-12-02,"Top Analyst Reports for Tesla, Meta Platforms & Abbott Laboratories"
2021-12-02,4 MedTech Dividend Stocks in Focus on Amid Omicron Variant Panic
2021-12-02,Abbott and ADA Launch First Joint Community Initiative
2021-11-30,10 Biotech Penny Stocks to Buy Now
2021-11-29,UPDATE 1-Thermo Fisher says its COVID-19 tests accurately detects Omicron variant
2021-11-26,Here's Why You Should Retain Abbott (ABT) Stock For Now
2021-11-19,Why Is Abbott (ABT) Up 2.1% Since Last Earnings Report?
2021-11-18,Abbott Named to the Corporate Citizenship Hall of Fame
2021-11-17,Abbott (ABT) Introduces New Next-Generation Infant Formula
2021-11-17,Better Buy: DexCom or Abbott Labs?
2021-11-17,Will Investors Win With Johnson & Johnson's Planned Spinoff? Here's What History Shows
2021-11-16,"Stocks To Buy And Watch Actionable Now: 3 Leaders Hit New Highs, Including Home Depot"
2021-11-16,"Abbott Launches Similac® 360 Total Care® with Exclusive Blend of Five HMO Prebiotics and Designed to Support the Immune System, Digestive Health and Brain Development"
2021-11-16,Abbott Achieves Highest Score in Its Industry for the Ninth Consecutive Year on the Dow Jones Sustainability Index (DJSI)
2021-11-16,Abbott (ABT) Scales to a 52-Week High: What's Driving It?
2021-11-15,Abbott Achieves Highest Score in Its Industry for the Ninth Consecutive Year on the Dow Jones Sustainability Index (DJSI)
2021-11-15,Abbott (ABT) Aveir System Meets Primary Pivotal Trial Endpoints
2021-11-15,10 Best Biotech Stocks to Buy According to Mark Lampert’s Biotechnology Value Fund
2021-11-12,The Johnson & Johnson split ‘makes sense’ as it moves into ‘more innovative products’: Analyst
2021-11-12,A (Virtual) Field Trip Into the Heart
2021-11-12,Abbott's New Leadless Pacemaker System Meets Primary Endpoints in Pivotal Trial
2021-11-11,"The Zacks Analyst Blog Highlights: Alibaba, Abbott Laboratories, T-Mobile, Anheuser-Busch and Boston Scientific Corp"
2021-11-11,11 Best Healthcare Stocks To Invest In
2021-11-11,2 Dividend Aristocrats That Could Announce Generous Rate Hikes in December
2021-11-11,A Look At The Fair Value Of Abbott Laboratories (NYSE:ABT)
2021-11-10,"Top Analyst Reports for Alibaba, Abbott & T-Mobile US"
2021-11-10,Why Abbott (ABT) is a Top Momentum Stock for the Long-Term
2021-11-09,"Abbott and the American Diabetes Association® Launch First-of-Its-Kind Community Initiative in Columbus, Ohio, to Advance Access to Diabetes Care and Technology"
2021-11-08,"Explore the Human Heart: New Virtual Field Trip Premieres Tuesday, Nov. 9"
2021-11-05,Engineer Becomes a Mother While Responding to Pandemic
2021-11-03,Abbott Launches New Initiative to Drive Diversity in Medical Research and Improve Care Among Under-Represented Populations
2021-11-02,Was The Smart Money Right About Abbott Laboratories (ABT)?
2021-10-29,Real Sustainability Is About People
2021-10-28,4 Medical Products Stocks Poised to Beat This Earnings Season
2021-10-28,"CONMED's (CNMD) Q3 Earnings Beat Estimates, Revenues Miss"
2021-10-28,West Pharmaceutical (WST) Q3 Earnings & Revenues Beat Estimates
2021-10-28,Baxter (BAX) Q3 Earnings and Revenues Surpass Estimates
2021-10-28,"Abiomed (ABMD) Beats on Q2 Earnings, Lowers FY22 Guidance"
2021-10-27,Abbott Named One the 100 Best ESG Companies by Investor's Business Daily
2021-10-27,Earnings Estimates Rising for Abbott (ABT): Will It Gain?
2021-10-27,"In Q3 earnings, Boston Scientific acknowledges Covid-19 headwinds"
2021-10-27,"Masimo's (MASI) Q3 Earnings Surpass Estimates, '21 View Up"
2021-10-26,Has Abbott Laboratories (ABT) Outpaced Other Medical Stocks This Year?
2021-10-26,"Got $5,000? These 2 Unstoppable Stocks Are No-Brainer Buys"
2021-10-26,Analysts say Boston Scientific faces 'higher level of exposure' to risk
2021-10-25,Abbott's (ABT) Organic Sales Grow Amid Spike in COVID Cases
2021-10-25,Podcast: How to Turn STEM Curiosity Into a Career
2021-10-21,10 Stocks Making Moves on Financial Results
2021-10-21,3 Things Investors Should Love About Abbott's Q3 Results
2021-10-21,Abbott Exceeds Q3 Expectations; Shares Jump 3.3%
2021-10-20,US STOCKS-Wall Street closes higher as earnings reports soothe investor fears
2021-10-20,Why Abbott Laboratories Shot Higher Today
2021-10-20,Abbott Labs Stock Leapfrogs A Key Line Despite A Wild Card Obscuring 2022
2021-10-20,REFILE-US STOCKS-Wall Street closes higher as earnings reports soothe investor fears
2021-10-20,"US STOCKS-S&P 500, Dow near records as earnings reports soothe investor fears"
2021-10-20,Abbott Laboratories (ABT) Q3 2021 Earnings Call Transcript
2021-10-20,Abbott Stock Faces Resistance At A Key Line As A Wild Card Obscures 2022
2021-10-20,"US STOCKS-S&P 500, Dow near record highs on solid forecasts from healthcare firms"
2021-10-20,Pre-Markets Opens Flat
2021-10-20,"Markets Flat as Q3 Earnings Continue: VZ, ABT, TSLA & More"
2021-10-20,"Novavax vaccine delays slump stock, Abbott Labs raises guidance, Biogen beats Q3 estimates"
2021-10-20,"Abbott's (ABT) Q3 Earnings Beat Estimates, 2021 Guidance Up"
2021-10-20,US STOCKS-Wall St grinds higher on solid healthcare earnings; supply woes linger
2021-10-20,Why Abbott Shares Are Rising Today
2021-10-20,Abbott Labs Squashes Quarterly Views As Covid Testing Sales Pop
2021-10-20,Abbott (ABT) Q3 Earnings and Revenues Beat Estimates
2021-10-20,Abbott Labs Earnings Beat Estimates. Its Stock Is Rising.
2021-10-20,"Abbott Laboratories stock surges after big profit and sales beats, and upbeat full-year outlook"
2021-10-20,UPDATE 3-Abbott raises annual earnings outlook as COVID-19 test sales rebound
2021-10-20,Abbott raises annual earnings outlook as COVID-19 test sales rebound
2021-10-20,Abbott Reports Third-Quarter 2021 Results; Achieves Strong Double-Digit Earnings Growth and Raises Guidance
2021-10-20,Abbott Labs Earnings Are Astounding! Here's My Trade Idea
2021-10-20,"Alibaba, Verizon Rise in Premarket; Netflix Falls"
2021-10-20,"Abbott Jumps as Covid Tests Boost Earnings, Guidance"
2021-10-19,5 Must-See Earnings Charts This Week
2021-10-19,Abbott and Real Madrid Team Up to Support the Health and Nutrition of Children Globally
2021-10-19,Abbott's (ABT) Nutrition Arm in Focus on Real Madrid Alliance
2021-10-18,How Abbott's partnership with Real Madrid is helping to 'support kids worldwide'
2021-10-18,"Jason Sudeikis Joins Abbott, Real Madrid at New York Stock Exchange to Support Children's Health"
2021-10-18,Why Earnings Season Could Be Great for Abbott (ABT)
2021-10-18,Abbott and Real Madrid Team Up to Support the Health and Nutrition of Children Globally
2021-10-17,3 Solid Growth Stocks Perfect for Retirees
2021-10-16,Abbott Laboratories' (NYSE:ABT) Fundamentals Look Pretty Strong: Could The Market Be Wrong About The Stock?
2021-10-15,PerkinElmer (PKI) Receives EUA from FDA for Latest Assay
2021-10-15,FDA: Abbott is recalling two lab-based COVID-19 tests due to the possibility of false positive results
2021-10-15,This 1 Medical Stock Could Beat Earnings: Why It Should Be on Your Radar
2021-10-14,Abbott (ABT) Gains But Lags Market: What You Should Know
2021-10-14,UPDATE 1-Abbott Labs unit recalling two COVID-19 lab test kits - FDA
2021-10-14,Abbott Labs unit recalling two COVID-19 test kits - FDA
2021-10-14,BD's (BDX) Rotarex Atherectomy System Gets FDA 510 (k) Clearance
2021-10-14,Boston Scientific (BSX) Inks New Deal to Buy Baylis Medical
2021-10-14,10 Monthly Dividend Covered Call ETFs and ETNs You Can Count On
2021-10-14,"The Zacks Analyst Blog Highlights: Abbott Laboratories, UnitedHealth, Quest, and West Pharmaceutical"
2021-10-13,Analysts Estimate Abbott (ABT) to Report a Decline in Earnings: What to Look Out for
2021-10-13,PerkinElmer's (PKI) Arm Gets FDA EUA Nod for Latest Assay
2021-10-13,[video]Can Abbott Labs Get Its Act Together?
2021-10-13,Growing COVID-19 Testing Demand to Boost Abbott's (ABT) Q3 Earnings
2021-10-12,Hologic (HOLX) Launches Novodiag System for On-Demand Testing
2021-10-12,Boston Scientific's (BSX) Ranger DCB Trial Outcome Favorable
2021-10-08,10 Best Big Pharma Stocks to Buy Now
2021-10-07,Abbott (ABT) Outpaces Stock Market Gains: What You Should Know
2021-10-05,Abbott says at-home COVID tests will be widely available again by end of October
2021-10-05,How Abbott Labs’ vision for health care and digital tech is coming together
2021-10-05,Yahoo Finance Presents: Abbott President & CEO Robert Ford
2021-10-05,Abbott is first health care company to keynote at CES
2021-10-05,Abbott (ABT) Gets FDA Nod for Amplatzer Talisman System
2021-10-05,"FOCUS-Rapid COVID-19 tests increasingly scarce, pricey as demand from employers jumps"
2021-09-30,Abbott Commits to Reducing Malnutrition Globally With Launch of Abbott Center for Malnutrition Solutions
2021-09-30,Abbott Commits to Reducing Malnutrition Globally with Launch of Abbott Center for Malnutrition Solutions
2021-09-30,2 Unstoppable Stocks to Buy and Hold Forever
2021-09-28,Abbott (ABT) Stock Moves -1.53%: What You Should Know
2021-09-28,Abbot Laboratories Stock Could Soon Stage a Comeback
2021-09-28,Hedge Funds Are Selling Abbott Laboratories (ABT)
2021-09-27,10 Best Biotech Stocks Under $10
2021-09-26,3 Winning Stocks to Buy No Matter What the Market Is Doing
2021-09-23,Abbott Hosts Conference Call for Third-Quarter Earnings
2021-09-22,Abbott (ABT) Stock Sinks As Market Gains: What You Should Know
2021-09-21,"U.S. government to buy point-of-care COVID-19 tests from Abbott, Celltrion -source"
2021-09-21,Abbott's (ABT) Portico With FlexNav System Gets FDA Approval
2021-09-20,Elon Musk chips in $50 million for SpaceX Inspiration4’s children’s cancer fundraising effort
2021-09-20,Abbott Receives FDA Approval for Minimally Invasive Portico™ with FlexNav™ TAVR System to Treat Patients with Aortic Valve Disease
2021-09-20,"As Variants Spread, Self-Reporting Can Provide Solace"
2021-09-20,Investing in Abbott Laboratories (NYSE:ABT) five years ago would have delivered you a 229% gain
2021-09-17,SpaceX Inspiration4 flight has raised $147M of its $200M goal for children’s cancer research
2021-09-17,SpaceX flight has raised $147M of its $200M goal for children’s cancer research
2021-09-17,FDA Warns On Potential False Positive Results With Abbott's COVID-19 Lab Tests
2021-09-17,Podcast: How to Find Support When You're Studying STEM
2021-09-16,Abbott (ABT) Stock Moves -0.04%: What You Should Know
2021-09-16,3 Top Growth Stocks You Can Buy and Hold Forever
2021-09-15,Kids Back to School? Our Tech Can Help Ease Your Mind
2021-09-15,Abbott Declares 391st Consecutive Quarterly Dividend
2021-09-14,3 Diagnostics Stocks in Focus on Biden's Delta Variant Mandate
2021-09-13,Abbott (ABT) Nutrition Sales Grow Despite Pandemic Woes
2021-09-13,"Got $3,000? Keep It Safe With These 3 Healthcare Stocks"
2021-09-13,10 Best Value Dividend Stocks to Buy Now
2021-09-12,3 Dividend Stocks to Buy and Hold Forever
2021-09-11,3 Dividend Investing Tips That Could Earn You Thousands
2021-09-10,"UPDATE 1-3M, Qiagen to comply with Biden's COVID-19 vaccination, test mandate"
2021-09-10,Abbott (ABT) Gains As Market Dips: What You Should Know
2021-09-10,"Qiagen supports White House COVID-19 vaccination, test mandate"
2021-09-10,Biden Vaccination Plan Could Be a Boon for Covid Test Makers
2021-09-09,"Top Stock Reports for Abbott, Intel & QUALCOMM"
2021-09-07,Abbott Labs Stock Strength Rises Into New Percentile As Health Care Giant Expands Organically And Via Acquisition
2021-09-07,Abbott (ABT) Hits a New 52-Week High: What's Driving It?
2021-09-03,Shares Of Abbott Laboratories (ABT) Rise Above Previous 52-Week High
2021-09-03,Abbott (ABT) Expands Vascular Portfolio With New Acquisition
2021-09-02,Breakout Watch: Medical Breakthroughs Drive 105% Earnings Growth For Abbott Stock
2021-09-02,"Abbott Expands Peripheral Vascular Offerings with Acquisition of Walk Vascular, LLC"
2021-09-02,This May Be Abbott's Billion-Dollar Opportunity
2021-09-02,Abbott's (ABT) Heart Failure Device Study Outcome Favorable (Revised)
2021-09-01,Abbott (ABT) Outpaces Stock Market Gains: What You Should Know
2021-09-01,10 Dividend Stocks with Over 9% Yield
2021-08-31,Abbott's (ABT) Amplatzer Amulet Occluder Trial Data Favorable
2021-08-30,Abbott Says Amulet Superior To Boston Scientific's Watchman In Stroke Study
2021-08-30,10 Dividend Aristocrats with Payout Ratio Less than 55%
2021-08-30,Late-Breaking Data Shows Abbott's Amplatzer™ Amulet™ Occluder Offers Superior Left Atrial Appendage Closure Compared to Watchman‡ Device for People With Atrial Fibrillation at Risk of Stroke
2021-08-30,Abbott's (ABT) Heart Failure Device Study Outcome Favorable
2021-08-27,GUIDE-HF Study Data Show Abbott's CardioMEMS™ Device Can Improve Care for More Patients with Heart Failure
2021-08-27,"FOCUS-U.S. COVID-19 tests again in short supply as infections soar, schools reopen"
2021-08-27,See Why CVS Is Limiting Purchase Of OTC COVID-19 Tests
2021-08-26,Texas Deploys Medical Help; Illinois Cracks Down: Virus Update
2021-08-26,Abbott (ABT) Gains As Market Dips: What You Should Know
2021-08-26,Polen Focus Growth: “Abbott Laboratories (ABT) was the Lone Detractor in the Quarter”
2021-08-25,10 Best No-Fee DRIP Stocks to Buy Now
2021-08-25,"Abbott's (ABT) Base Volume Rebounds, Lowered View Concerns"
2021-08-25,"With EPS Growth And More, Abbott Laboratories (NYSE:ABT) Is Interesting"
2021-08-23,"Abbott Destroyed Several COVID Test Cards, Now Faces Diminished Capacity: NYT"
2021-08-23,NeuroSphere Virtual Clinic Brings Relief to Rural Town
2021-08-18,Should You Consider Investing in Abbott Laboratories (ABT)?
2021-08-18,Podcast: How to Find STEM Success? Learn to Pivot.
2021-08-18,Abbott (ABT) Receives FDA Nod for Amplatzer Amulet Device
2021-08-17,10 Healthcare Dividend Stocks Hedge Funds are Buying
2021-08-17,Jim Cramer: The Fortunes Have Been Restored for Regeneron and Abbott
2021-08-17,Abbott Labs Is Poised to Break Out to New Highs
2021-08-16,"Cramer's Mad Money Recap: Regeneron, Abbott, Nvidia"
2021-08-16,Strengthening Resilience in Vulnerable Communities
2021-08-16,Abbott's Amplatzer™ Amulet™ Device Approved by FDA to Treat People With Atrial Fibrillation at Risk of Stroke
2021-08-13,"Abbott's Freestyle® Libre 2 IOS App Cleared In U.S., Providing a Seamless Digital Experience to Simplify Diabetes Management"
2021-08-11,3 of the Best Stocks You Can Buy With $200 or Less
2021-08-10,"2 Stocks That Could Turn $200,000 Into $1,000,000 in 10 Years"
2021-08-09,Were Hedge Funds Right About Abbott Laboratories (ABT)?
2021-08-09,A Workplace Where Collaboration = Innovation
2021-08-06,10 Biotech Penny Stocks to Buy According to Reddit
2021-08-06,A Convergence of Challenges: Addressing the Devastating Impact of Chronic Disease on Communities in Crisis
2021-08-06,1 Healthcare Dividend Giant to Bank On Right Now
2021-08-04,Abbott (ABT) Receives FDA Approval for OCT Imaging Platform
2021-08-04,Broader Access is Vital to the Future of Testing and Healthcare Innovation
2021-08-04,"Got $5,000? Buy and Hold These 3 Market-Beating Stocks"
2021-08-03,"Top Analyst Reports for Alphabet, Abbott & T-Mobile"
2021-08-03,Abbott Receives FDA Clearance for its Imaging Technology Using Artificial Intelligence for Vessels in the Heart
2021-08-02,"Abbott Labs to pay $160 mln over kickbacks, false diabetes claims to Medicare"
2021-08-02,"Abbott Labs to pay $160 million over kickbacks, false diabetes claims to Medicare"
2021-08-02,"Abbott's FreeStyle® Libre 2 iOS App Cleared in U.S., Providing a Seamless Digital Experience to Simplify Diabetes Management"
2021-07-30,Abbott Launches Latest Insertable Cardiac Monitor For Irregular Heart Rhythms
2021-07-30,Abbott Laboratories (NYSE:ABT) Is Looking To Continue Growing Its Returns On Capital
2021-07-29,10 Medical Technology Stocks to Buy
2021-07-29,"New Study: Half of Americans Living with Diabetes May be Consuming Less Than the Recommended Amount of Protein, which is Associated with Greater Physical Limitations"
2021-07-29,3 Dividend Stocks Safe Enough to Bet the Farm On
2021-07-28,Anxious About a Market Crash? Start Doing These 3 Things Right Now
2021-07-27,Worries About the Delta Variant Could Be Overdone Based on Clues From These Healthcare Giants
2021-07-23,10 Best Dividend Aristocrats to Buy According to Hedge Funds
2021-07-23,Building Trust and Improving Care in Underserved Communities
2021-07-22,Abbott Hits The Skids As Covid Testing Demand Falls Off Despite Quarterly Beat
2021-07-22,Abbott Laboratories (ABT) Q2 2021 Earnings Call Transcript
2021-07-22,"Abbott (ABT) Q2 Earnings Beat, Molecular Diagnostic Sales Drop"
2021-07-22,"Quest Q2 Earnings Ahead Of Expectation On Recovery Of Non-COVID Business, Issues Mixed FY21 Guidance"
2021-07-22,"Abbott Labs Beats Second-Quarter Views, But Covid Testing Demand Dives"
2021-07-22,Abbott (ABT) Surpasses Q2 Earnings and Revenue Estimates
2021-07-22,"Abbott Labs stock gains after profit more than doubles, sales rise above expectations"
2021-07-22,UPDATE 2-Abbott beats profit estimates as medical device sales rebound
2021-07-22,Abbott profit more than doubles as medical device sales rebound
2021-07-22,Abbott beats profit estimates as medical device sales rebound
2021-07-22,Abbott Reports Second-Quarter 2021 Results
2021-07-22,"Chip Shortages, Jobless Claims, ECB, Musk Lifts Bitcoin  - What's Moving Markets"
2021-07-20,5 Hottest Earnings Charts This Week
2021-07-16,Lower COVID-19 Testing Demand to Drag Abbott (ABT) Q2 Earnings
2021-07-15,Abbott (ABT) Earnings Expected to Grow: Should You Buy?
2021-07-15,Delivering Long-Term Impact: Abbott's 2020 Sustainability Report
2021-07-14,Abbott (ABT) Stock Sinks As Market Gains: What You Should Know
2021-07-14,10 Best Psychedelic Stocks to Buy Now
2021-07-14,5 Stocks to Own for the Surge in Coronavirus Variants
2021-07-13,5 “Strong Buy” Dividend Stocks for July 2021
2021-07-12,PAHC vs. ABT: Which Stock Should Value Investors Buy Now?
2021-07-09,7 Super-Safe Dividend Stock Performers to Buy
2021-07-09,Abbott Lays Off Around 400 Employees As COVID-19 Test Demand Evaporates
2021-07-07,Abbott (ABT) Outpaces Stock Market Gains: What You Should Know
2021-07-07,25 Highest Asthma Rates in the US by City
2021-07-06,10 Psychedelic Startups Investors are Flocking To
2021-07-06,This Pharma Stock Is a Surefire Bet for July
2021-07-06,Abbott's (ABT) DAPT for High Bleeding Risk Gets FDA Approval
2021-07-04,Could The Abbott Laboratories (NYSE:ABT) Ownership Structure Tell Us Something Useful?
2021-07-02,The 7 Best Dividend Stocks to Buy for Income Investors In July 2021
2021-06-30,Abbott (ABT) Stock Sinks As Market Gains: What You Should Know
2021-06-30,Abbott (ABT) CE-Marked Panbio Test Now Widely Offered in Europe
2021-06-30,Abbott (ABT) Reports Late-Breaking Data on FreeStyle Libre
2021-06-30,Abbott's XIENCE Stent Receives FDA Approval for Shortest Blood Thinner Course for High Bleeding Risk Patients
2021-06-30,Forget AMC: Here Are 2 Better Post-Pandemic Stocks
2021-06-25,Late-Breaking Data Demonstrate Abbott's FreeStyle® Libre System Supports Health Equity for Millions of Americans Living with Diabetes
2021-06-25,Abbott Hosts Conference Call for Second-Quarter Earnings
2021-06-25,"Nutrien, Abbott, FedEx and NIKE highlighted as Zacks Bull and Bear of the Day"
2021-06-25,Diabetes Space Thrives on CGM Devices in 2021: 3 Stocks in Focus
2021-06-25,Bear of the Day: Abbott (ABT)
2021-06-24,Abbott (ABT) Outpaces Stock Market Gains: What You Should Know
2021-06-24,10 Medical Device Stocks for 2021
2021-06-24,PAHC vs. ABT: Which Stock Should Value Investors Buy Now?
2021-06-24,People Who Exercise Intensely Could Improve Recovery by Adjusting Their Hydration Habits
2021-06-23,Abbott Earns First-of-Its-Kind Recommendation for High School STEM Interns to Receive College Credit
2021-06-22,New Strong Sell Stocks for June 22nd
2021-06-22,Abbott Earns First-of-its-Kind Recommendation for High School STEM Interns to Receive College Credit
2021-06-21,"Abbott's (ABT) Base Business Recovers, Lowered View Concerns"
2021-06-21,UPDATE 1-U.S. Supreme Court rebuffs AbbVie appeal in patent fight involving AndroGel drug
2021-06-21,"The Zacks Analyst Blog Highlights: Abbott, Bank of America, PayPal, The Procter & Gamble Co and Boeing"
2021-06-18,Abbott (ABT) Stock Moves -1.16%: What You Should Know
2021-06-18,"Top Research Reports for Abbott, Bank of America & PayPal"
2021-06-18,Cardiology Space Gains Momentum in 2021: 5 Stocks to Focus on
2021-06-17,10 Best Healthcare Stocks to Buy According to Hedge Funds
2021-06-15,This Underappreciated Healthcare Stock Is on Sale: Should You Buy?
2021-06-14,Abbott (ABT) Outpaces Stock Market Gains: What You Should Know
2021-06-14,Is Abbott Laboratories (ABT) Going to Burn These Hedge Funds?
2021-06-14,Corporate Bosses Make Well-Timed Stock Sales in SEC ‘Blind Spot’
2021-06-13,Lower Testing Shouldn’t Lower Quidel
2021-06-12,What Should Investors Make of Abbott's Reduced Full-Year Guidance?
2021-06-11,Abbott Declares 390th Consecutive Quarterly Dividend
2021-06-09,Is Abbott Laboratories a Buy on the Dip?
2021-06-08,Abbott (ABT) Confirms Capacity to Support MCS Devices Demand
2021-06-07,Abbott (ABT) Gains As Market Dips: What You Should Know
2021-06-07,3 Medical Diagnostics Stocks in Focus on Long-Term Potential
2021-06-05,Abbott Labs Stock Drops as Covid Vaccinations Rise. What That Means for Earnings.
2021-06-04,A Look At The Fair Value Of Abbott Laboratories (NYSE:ABT)
2021-06-03,"The Zacks Analyst Blog Highlights: Citigroup, Abbott Laboratories, Intercontinental Exchange, BCE and AutoZone"
2021-06-03,Abbott (ABT) Downgrades 2021 Outlook on Lower Testing Demand
2021-06-03,Abbott Confirms Capacity to Support Expanded Use of HeartMate 3™ Heart Pump
2021-06-03,This Big Player in the COVID-19 Market Just Lowered Its Forecast. Should You Be Worried?
2021-06-02,"Buy-the-Dip Candidates: Cramer Likes Abbott Labs, Danaher, Thermo Fisher"
2021-06-02,"Top Analyst Reports for Citigroup, Abbott & Intercontinental Exchange"
2021-06-02,"Company News for Jun 2, 2021"
2021-06-02,Abbott Labs Price Target Cut by Analysts
2021-06-02,"'All or None' Marketplace, Ransomware Beef, Trading AMC and Abbott Labs"
2021-06-02,Nomura Considers Staff Jabs; HSBC Offers Vacations: Virus Update
2021-06-02,A Mild and Mixed Market Favors Speculative Small-Caps
2021-06-01,WHO Backs Sinovac Vaccine; Thailand Adds Stimulus: Virus Update
2021-06-01,Abbott Stock Crumbles On Guidance Cut As Covid Testing Demand Slides
2021-06-01,"US STOCKS-Wall St ends little changed; energy gains, health sags"
2021-06-01,Abbott Shares Slump About 8% After It Slashed 2021 Profit Outlook
2021-06-01,Why Abbott Stock Is Tumbling Today
2021-06-01,Abbott Labs Was a Covid Winner. Why Its Stock Is Getting Crushed.
2021-06-01,Abbott cuts 2021 profit forecast on lower COVID-19 testing demand
2021-06-01,Abbott Slumps As Falling Covid Cases Reduce Demand For Tests
2021-06-01,"Abbott adjusts financial outlook, citing lower demand for COVID-19 tests"
2021-06-01,Abbott Issues Updated 2021 Outlook
2021-06-01,Abbott Laboratories Slumps on Lower Profit Outlook Amid COVID Test Decline
2021-05-28,Quest Diagnostics (DGX) New Pact Targets Health Inequity Issue
2021-05-27,Abbott (ABT) Stock Sinks As Market Gains: What You Should Know
2021-05-27,Best Dividend Stocks June 2021
2021-05-26,"Abbott (ABT) Organic Growth Strong, Pediatric Nutrition Down"
2021-05-23,The Best Dividend Aristocrats to Buy With $500 Right Now
2021-05-21,Abbott (ABT) Dips More Than Broader Markets: What You Should Know
2021-05-21,Top Pharmaceutical Companies in India
2021-05-21,2 Stocks to Buy if a Market Crash Comes
2021-05-20,Abbott (ABT) Down 5.1% Since Last Earnings Report: Can It Rebound?
2021-05-19,Tech Stock Correction: Buy These 2 Healthcare Stocks on the Dip
2021-05-18,Abbott (ABT) Receives CE Mark for Latest Navitor TAVI System
2021-05-17,Abbott's Navitor Aortic Heart Valve Replacement Scores European Approval
2021-05-17,"Abbott Receives CE Mark for Navitor™, the Latest-Generation Transcatheter Aortic Valve Implantation (TAVI) System to Treat Aortic Stenosis"
2021-05-15,These 3 Things Make a Healthcare Stock Evergreen
2021-05-14,"If You Do the Math, Senseonics Makes No Sense"
2021-05-14,Polen Global Growth: “Abbott Laboratories (ABT) Continues to be Fairly Valued”
2021-05-14,QIAGEN (QGEN) Digital COVID-19 Antibody Test Gets FDA's EUA
2021-05-12,Key Chart Favors a Nice Rise in Abbott Labs Later This Year
2021-05-11,"Cramer's Mad Money Recap: Abbott Laboratories, Affirm"
2021-05-07,"The Vanguard Health Care Fund Cuts Abbott Labs, Thermo Fisher"
2021-05-07,Why Vaccines Might Not Spell Downturn For Covid Testing Firms
2021-05-06,Abbott Seeks Better Treatment Options for Patients with Both Atrial Fibrillation and Heart Failure with New Trial
2021-05-06,NVE (NVEC) Q4 2021 Earnings Call Transcript
2021-05-05,Abbott (ABT) Outpaces Stock Market Gains: What You Should Know
2021-05-05,Declining Stock and Solid Fundamentals: Is The Market Wrong About Abbott Laboratories (NYSE:ABT)?
2021-05-04,Was The Smart Money Right About Abbott Laboratories (ABT)?
2021-05-04,Why Abbott Labs' Sizzling Growth Could Taper Off
2021-05-04,2 Top Stocks to Buy and Hold for 10 Years
2021-04-28,3 Top Healthcare Stocks to Buy and Hold for the Next 10 Years
2021-04-26,Abbott Laboratories: Ignore Weakness After Earnings
2021-04-22,"UPDATE 3-Quest sees waning demand for COVID-19 tests, rebound in core U.S. business as pandemic subsides"
2021-04-22,Which Stocks Are the Biggest Losers From Sinking COVID Testing Rates?
2021-04-22,3 Things to Cheer About in Abbott's Earnings Report
2021-04-21,"Stock Market News for Apr 21, 2021"
2021-04-21,How Does Abbott Laboratories Look After Earnings?
2021-04-21,Morning Bell With Jim Cramer: Not a Dogecoin Investor
2021-04-20,Abbott Laboratories Shares Sink on Mixed Q1; New Dividend Declared
2021-04-20,"What Abbott's 'Rare, Off-Color' Earnings Say About The Covid Testing Scene"
2021-04-20,Abbott Laboratories (ABT) Q1 2021 Earnings Call Transcript
2021-04-20,"Abbott's Sales Soared in Q1, but Not Enough to Satisfy Wall Street"
2021-04-20,Abbott Laboratories Shares Slump as Q1 Earnings and Revenue Fall Shy of Expectations
2021-04-20,"Abbott (ABT) Q1 Earnings Miss, Diagnostic Test Sales Solid"
2021-04-20,Abbott (ABT) Q1 Earnings and Revenues Miss Estimates
2021-04-20,"Abbott's stock drops 3%, though earnings more than tripled for the medical test company in the first quarter"
2021-04-20,Walgreens (WBA) Inks Deal to Expand COVID-19 Testing Access
2021-04-20,UPDATE 2-Abbott quarterly sales miss estimates on lower COVID-19 test volumes
2021-04-20,"Abbott Labs Earnings, Sales Miss; ABT Stock Falls"
2021-04-20,Abbott sales miss signals slowing COVID-19 tests demand as vaccinations take off
2021-04-20,Abbott Reports First-Quarter 2021 Results
2021-04-20,Abbott Drops on Mixed Results and Lagging Guidance
2021-04-19,"Abbott's Fast, Reliable and Convenient COVID-19 Tests Help the Philippines Fight Infection Surge"
2021-04-19,UPDATE 2-CVS to offer three over-the-counter COVID-19 tests for use at home
2021-04-19,Abbott Begins Shipping BinaxNOW™ COVID-19 Ag Self Test to Retailers Today
2021-04-15,"The Zacks Analyst Blog Highlights: Abbott, Salesforce, BHP Group, Danaher and Zoom Video"
2021-04-14,"Top Stock Reports for Abbott, salesforce & BHP"
2021-04-13,Abbott (ABT) Outpaces Stock Market Gains: What You Should Know
2021-04-13,Abbott (ABT) Earnings Expected to Grow: Should You Buy?
2021-04-13,Demand for Nutrition Line to Drive Abbott (ABT) Q1 Earnings
2021-04-12,Abbott (ABT) Gets Europe Nod for TriClip G4 to Treat TR
2021-04-12,World's Fastest Marathoner Eliud Kipchoge Uses Abbott's Libre Sense at NN Mission Marathon Qualifier Race for the Olympic Games
2021-04-10,Why Abbott Labs Will Make You Richer in April (and Beyond!)
2021-04-09,Abbott Ireland Financing DAC -- Moody's announces completion of a periodic review of ratings of Abbott Laboratories
2021-04-08,Abbott's Upgraded TriClip Heart Valve System OK'd In Europe
2021-04-08,"Abbott Receives CE Mark Approval for Next-Generation TriClip™ Device, Offering New Innovations for Tricuspid Heart Valve Repair"
2021-04-08,"Zacks Market Edge Highlights: Facebook, Sony, Apple, Canada Goose and Abbott"
2021-04-07,Abbott's (ABT) DAPT for High Bleeding Risk Gets Europe Nod
2021-04-06,Abbott's XIENCE™ Stent Receives European Approval for One-Month Dual Anti-Platelet Therapy (DAPT) for High Bleeding Risk Patients
2021-04-05,Consumer inflation poses the ‘biggest risk’ to the market: Analyst
2021-04-05,Here's Why You Should Retain Abbott Laboratories (ABT) Stock
2021-04-05,Abbott's (ABT) BinaxNOW Test Gets FDA's EUA for Self Use
2021-04-01,"Pfizer, Biotech vaccine shows strong results after 6 months"
2021-04-01,Abbott-Quidel Rapid COVID-19 Test Cleared by FDA
2021-04-01,Abbott’s BinaxNOW COVID-19 Ag Self Test Cleared For Emergency Use In US
2021-04-01,U.S. okays Abbott's rapid COVID-19 test for at-home screenings in those without symptoms
2021-04-01,"Abbott's BinaxNOW™ Rapid Antigen Self Test Receives FDA Emergency Use Authorization for Asymptomatic, Over-the-Counter, Non-Prescription, Multi-Test Use"
2021-03-30,These 3 Stocks Will Make You Rethink Your Portfolio
2021-03-29,Has Abbott Laboratories (ABT) Outpaced Other Medical Stocks This Year?
2021-03-29,Abbott Hosts Conference Call for First-Quarter Earnings
2021-03-28,3 Stocks for the 2020s
2021-03-26,The Rockefeller Foundation teams up with testing companies to aid school reopenings
2021-03-26,We've Changed Our Strategy on Abbott Laboratories
2021-03-26,"The Zacks Analyst Blog Highlights: Becton, Dickinson and Co, Cardinal Health, Abbott Lab, Hologic and Bio-Rad Lab"
2021-03-26,"Got $1,400? 3 COVID Stocks to Buy and Hold for the Long Term"
2021-03-26,"'Mad Money' Lightning Round: Yelp, Abbott Laboratories"
2021-03-25,Cardinal Health (CAH) Hits New 52-week High: What's Driving It?
2021-03-25,Why You Should Retain Varian (VAR) in Your Portfolio Now
2021-03-25,5 MedTech Growth Stocks Gaining Ground in 2021 Amid Pandemic
2021-03-25,MedTech to Gain From Economic Stimulus Bill: 3 Stocks to Buy
2021-03-24,"NEOGEN's (NEOG) Earnings Miss Estimates in Q3, Margins Up"
2021-03-24,Abbott (ABT) Nutrition Shows Robust Momentum Amid Pandemic
2021-03-24,"The Zacks Analyst Blog Highlights: Abbott Laboratories, AstraZeneca, Booking, Vertex Pharmaceuticals and Yum China"
2021-03-23,"Top Analyst Reports for Abbott, AstraZeneca & Booking Holdings"
2021-03-23,Here's Why You Should Hold on to Tandem Diabetes (TNDM) Stock
2021-03-23,Intersect ENT (XENT) Hit by Low ENT Office Visits Amid COVID-19
2021-03-22,Veeva (VEEV) Application Completes Consent for First Patient (Revised)
2021-03-21,Is Abbott Laboratories (ABT) Stock A Buy or Sell?
2021-03-19,Could Abbott Laboratories Be a Millionaire-Maker Stock?
2021-03-19,This Is Why Abbott Labs Is a Great Stock to Buy Right Now
2021-03-18,ETF looks to help private sector address women’s issues
2021-03-18,Veeva (VEEV) Application Completes Consent for First Patient
2021-03-18,Medtronic (MDT) Gets FDA Nod for Revised Neuromodulation Labeling
2021-03-17,Abbott (ABT) Stock Sinks As Market Gains: What You Should Know
2021-03-17,"SHAREHOLDER ALERT: Barr Law Group Investigating VNDA, VLDR, RIDE, and ABT; Shareholders are Encouraged to Contact the Firm"
2021-03-17,CVS Health (CVS) Extends COVID-19 Testing in Massachusetts
2021-03-16,"HealthEquity (HQY) Q4 Earnings, Revenues Beat Estimates"
2021-03-16,Why You Should Add Surmodics (SRDX) to Your Portfolio Now
2021-03-16,These 3 Zero-Effort Stocks Could Make You Rich
2021-03-15,Luminex (LMNX) Files EUA Application for New Respiratory Assay
2021-03-15,Here's Why You Should Retain Allscripts (MDRX) Stock for Now
2021-03-12,Is Abbott Laboratories (ABT) Stock Outpacing Its Medical Peers This Year?
2021-03-11,Abbott (ABT) Outpaces Stock Market Gains: What You Should Know
2021-03-11,"Abbott Announces its Pandemic Defense Coalition: A Global Network of Expert Collaborators Designed To Help Prevent Future Pandemics, Currently Searching for COVID-19 Variants"
2021-03-09,Here's Why You Should Retain AMN Healthcare (AMN) Stock Now
2021-03-09,Abbott (ABT) Launches Telehealth Tool for Neuromodulation
2021-03-08,What Does Abbott's Debt Look Like?
2021-03-08,"Abbott Introduces NeuroSphere™ Virtual Clinic, First-of-its-Kind Remote Neuromodulation Patient-Care Technology in the U.S."
2021-03-08,"The Zacks Analyst Blog Highlights: Abbott, Johnson & Johnson, Masimo Corp and Medtronic"
2021-03-08,Abbott’s Alinity m Resp-4-Plex Test Cleared For Emergency Use In US; Street Says Buy
2021-03-06,Should You Be Adding Abbott Laboratories (NYSE:ABT) To Your Watchlist Today?
2021-03-05,Abbott (ABT) Gains But Lags Market: What You Should Know
2021-03-05,Abbott's Molecular Assay Gets FDA EUA Approval To Detect SARS-CoV-2 And Flu In One Test
2021-03-05,UPDATE 1-Abbott's test to distinguish coronavirus and flu viruses gets U.S. authorization
2021-03-05,Cooper Companies (COO) Q1 Earnings & Revenues Top Estimates
2021-03-05,"Abbott Receives FDA EUA for Laboratory PCR Assay That Detects and Differentiates SARS-CoV-2, Flu A, Flu B and RSV in One Test - and FDA EUA for Asymptomatic Usage of Alinity m COVID-19 Test"
2021-03-04,"National Vision (EYE) Q4 Earnings Top Estimates, Margins Up"
2021-03-04,Masimo's (MASI) Rad-G with Temperature Receives CE Marking
2021-03-04,Abbott (ABT) Gets Canadian Nod for FreeStyle Libre Expanded Use
2021-03-03,Veeva Systems (VEEV) Q4 Earnings and Revenues Beat Estimates
2021-03-03,"Patterson Companies (PDCO) Q3 Earnings Top Estimates, Up Y/Y"
2021-03-03,Abbott Receives Health Canada Authorization Under Interim Order to Expand Use of FreeStyle® Libre System for Pregnant Women in the Hospital and Professional Health Care Settings
2021-03-02,Abbott Announces HIV Vaccine Research Findings: 'Another Step Toward Unlocking A Cure'
2021-03-02,Abbott says researchers in the Democratic Republic of Congo have made findings that could lead to HIV vaccine
2021-03-02,Abbott Researchers Find Rare Group of People With Controlled HIV Who Could Be a Key To Unlocking Cure
2021-03-02,Top Healthcare Stocks to Buy for 2021
2021-03-01,"Is Abbott (ABT) a Solid Growth Stock? 3 Reasons to Think "" Yes """
2021-03-01,DENTSPLY SIRONA (XRAY) Q4 Earnings & Revenues Beat Estimates
2021-03-01,PRA Health (PRAH) Stock Down 2.8% Despite Q4 Earnings Beat
2021-03-01,Here's Why You Should Add Abbott (ABT) to Your Portfolio
2021-03-01,"Orthofix's (OFIX) Q4 Earnings Top Estimates, Margin Declines"
2021-03-01,February Ends in Green Amid Extreme Volatility: 5 Top Picks
2021-02-28,3 Great Stocks for Low-Risk Investors
2021-02-26,Why Is Abbott (ABT) Up 1% Since Last Earnings Report?
2021-02-26,"Teleflex (TFX) Beats on Q4 Earnings and Revenues, Margins Fall"
2021-02-26,Glaukos (GKOS) Q4 Earnings and Revenues Surpass Estimates
2021-02-26,"LHC Group (LHCG) Q4 Earnings Beat Estimates, Revenues Miss"
2021-02-26,Allscripts (MDRX) Q4 Earnings and Revenues Beat Estimates
2021-02-26,"NuVasive's (NUVA) Q4 Earnings Top Estimates, Margin Declines"
2021-02-25,Abbott (ABT) Stock Moves -0.65%: What You Should Know
2021-02-24,Top 15 Pharmaceutical Companies With Highest R&D Spending
2021-02-23,This Medical Stock Just Retook Its Buy Point On Its Unexpected Earnings Beat
2021-02-23,This Medical Stock Just Retook Its Buy Point On Unexpected Earnings Beat
2021-02-19,"Sherwin-Williams: Strong Business, Premium Valuation"
2021-02-19,Abbott Declares 389th Consecutive Quarterly Dividend
2021-02-18,J&J Seeks FDA Authorization For Covid Vaccine; Is JNJ Stock A Buy Now?
2021-02-17,Domino's Raises $13M For St. Jude Children's Research Hospital: What's Next?
2021-02-16,Abbott Laboratories: The Definition of a Premium Company
2021-02-12,DaVita (DVA) Q4 Earnings and Revenues Fall Shy of Estimates
2021-02-12,"DexCom (DXCM) Q4 Earnings Match Estimates, Revenues Beat"
2021-02-12,Zimmer (ZBH) Non-Core Arm Spinoff to Aid Amid COVID-19 Crisis
2021-02-12,"Bio-Rad (BIO) Q4 Earnings Surpass Estimates, Margins Rise"
2021-02-12,"Illumina (ILMN) Q4 Earnings Top Estimates, Margins Decline"
2021-02-12,Orthofix (OFIX) Launches Limb Lengthening System in US & UK
2021-02-12,This Covid Testing Stock Is Cheap. Why It’s Time to Buy.
2021-02-12,3 Top Healthcare Stocks to Buy in February
2021-02-11,Pacific Biosciences (PACB) Q4 Earnings and Revenues Miss Estimates
2021-02-11,Why You Should Retain Abiomed (ABMD) Stock in Your Portfolio
2021-02-11,"LabCorp (LH) Q4 Earnings Beat Estimates, Margins Expand"
2021-02-11,"Cerner (CERN) Q4 Earnings Match Estimates, Revenues Beat"
2021-02-11,HEXO Soars: Stock Adds 7.9% in Session
2021-02-11,Forget Moderna! This Is a More Lucrative Coronavirus Stock
2021-02-11,4 Top COVID Stocks to Buy in February
2021-02-10,Here's Why Abbott (ABT) is a Great Momentum Stock to Buy
2021-02-10,"Surmodics (SRDX) Q1 Earnings Beat Estimates, Revenues Miss"
2021-02-10,"QIAGEN (QGEN) Q4 Earnings Beat Estimates, Margins Improve"
2021-02-10,"Abbott's Fast, Reliable and Convenient COVID-19 Tests Ramp Up Indonesia's Testing Capability"
2021-02-09,"Luminex (LMNX) Q4 Earnings Miss Estimates, Revenues Beat"
2021-02-09,Cardiovascular System's (CSII) OAS Cures 1st Patient in Europe
2021-02-09,"Boston Scientific (BSX) Hurt by Product Recall, Conversion"
2021-02-09,This Stock Could Be a Surprise Growth Pick
2021-02-08,Here’s Why Polen Capital Likes  Abbott Laboratories (ABT) Stock
2021-02-08,"Hill-Rom's (HRC) Q1 Earnings Beat Estimates, Margins Up"
2021-02-07,2 Green Flags for Abbott Labs and 1 Red Flag
2021-02-06,Is Abbott Labs a Good Stock to Buy Now?
2021-02-05,"Zimmer Biomet (ZBH) Beats on Q4 Earnings, to Rejig Portfolio"
2021-02-05,Cardinal Health (CAH) Q2 Earnings & Revenues Top Estimates
2021-02-05,Here's the Best Dividend Aristocrat on the Market Right Now
2021-02-05,"Dems, Biden to Talk Stimulus; India’s Covax Haul: Virus Update"
2021-02-04,Cardiovascular Systems (CSII) Posts Break-Even Earnings in Q2
2021-02-04,Becton Dickinson (BDX) Earnings Surpass Estimates in Q1
2021-02-04,Is Abbott Laboratories (ABT) Outperforming Other Medical Stocks This Year?
2021-02-04,"Quest Diagnostics (DGX) Q4 Earnings Top, Base Recovery Slows"
2021-02-04,"Change Healthcare (CHNG) Q3 Earnings Top Estimates, Up Y/Y"
2021-02-04,Baxter (BAX) Q4 Earnings and Revenues Surpass Estimates
2021-02-04,AmerisourceBergen (ABC) Q1 Earnings & Revenues Beat Estimates
2021-02-04,"Align Technology (ALGN) Beats on Q4 Earnings, Margins Up"
2021-02-04,"Phibro (PAHC) Q2 Earnings Surpass Estimates, Margins Up"
2021-02-04,"Where to Invest $10,000 Right Now"
2021-02-04,3 Dividend Stocks That Just Hiked Their Payouts by 20%
2021-02-03,"Boston Scientific (BSX) Q4 Earnings Miss, Margins Decline"
2021-02-03,STERIS' (STE) Earnings & Revenues Surpass Estimates in Q3
2021-02-03,PerkinElmer (PKI) Q4 Earnings and Revenues Surpass Estimates
2021-02-03,"Haemonetics (HAE) Q3 Earnings Top Estimates, Margin Contracts"
2021-02-02,"IDEXX (IDXX) Earnings Beat Estimates in Q4, Margins Rise"
2021-02-02,Why Abbott (ABT) Might be Well Poised for a Surge
2021-02-02,Abbott's (ABT) Nutrition & Diabetes Care Beat COVID-19 Woes
2021-02-02,McKesson (MCK) Earnings and Revenues Beat Estimates in Q3
2021-02-02,"Onmicell (OMCL) Q4 Earnings Beat Estimates, Margin Contracts"
2021-02-02,"The Zacks Analyst Blog Highlights: Netflix, Bristol-Myers Squibb, Abbott Laboratories, Starbucks and Target"
2021-02-02,SpaceX to launch billionaire businessman into space on first ever entirely civilian spaceflight – and offers ticket to lucky member of the public
2021-02-01,"Top Research Reports for Netflix, Bristol-Myers & Abbott"
2021-02-01,Abbott (ABT) Moves to Buy: Rationale Behind the Upgrade
2021-02-01,NBA Hall of Famer Ray Allen on managing his son's Type 1 diabetes during COVID-19
2021-02-01,Yahoo Finance Presents: NBA Legend Ray Allen
2021-02-01,Upgrade: Analysts Just Made A Captivating Increase To Their Abbott Laboratories (NYSE:ABT) Forecasts
2021-01-30,Best Healthcare Stocks to Buy in 2021
2021-01-29,Here's a Quick Technical Update on Abbott Laboratories
2021-01-29,Abbott Laboratories (NYSE:ABT) Just Reported Yearly Earnings And Analysts Are Lifting Their Estimates
2021-01-28,Why Abbott Labs Stock Is Jumping Today
2021-01-28,"The Daily Biotech Pulse: Decision Day For Amgen, Zymeworks Sinks On Data, Ortho Clinical Diagnostics IPO"
2021-01-28,Better Buy: Abbott Laboratories vs. Intuitive Surgical
2021-01-27,Abbott Smashes Quarterly Estimates On Covid Testing Boom — Is ABT Stock A Buy?
2021-01-27,Abbott Laboratories Stock Loses Buy Point Despite Coronavirus Test Boom
2021-01-27,Abbott Laboratories (ABT) Q4 2020 Earnings Call Transcript
2021-01-27,Here's How Abbott Labs Hit a Home Run With Its Q4 Results
2021-01-27,Durable Goods Orders For December Rose Lower-than-Expected
2021-01-27,"Abbott (ABT) Q4 Earnings Top, Diagnostic Test Sales Solid"
2021-01-27,Abbott Stock Jumps As Coronavirus Tests Drive Quarterly Diagnostics Boom
2021-01-27,P/E Ratio Insights for Abbott Laboratories
2021-01-27,Abbott (ABT) Beats Q4 Earnings and Revenue Estimates
2021-01-27,Abbott Laboratories: Q4 Earnings Insights
2021-01-27,Abbott beats sales estimates as rapid diagnostics business now generates one-fourth of revenue
2021-01-27,"ABT Stock: Abbott Earnings Top, 2021 Guidance Strong"
2021-01-27,Abbott Reports Fourth-Quarter 2020 Results; Issues Strong Double-Digit Growth Forecast for 2021
2021-01-27,What Does Abbott's Debt Look Like?
2021-01-27,Abbott Laboratories Beats Earnings on Strong Sales
2021-01-27,Abbott's Earnings Beat Gets Boost From Sales of Rapid Covid-19 Tests
2021-01-26,Earnings Preview: Abbott Laboratories
2021-01-26,Abbott's Panbio Rapid Antigen Test Receives CE Mark for Asymptomatic Screening and Self-Administered Sample Collection with Nasal Swab
2021-01-26,2 Stocks I'll Hold Forever
2021-01-23,Shipping Costs Are Spiking. What That Means for Inflation.
2021-01-21,Abbott's Coronavirus Tests Put It Near A Record High — But Is ABT Stock A Buy?
2021-01-20,Demand for COVID-19 Tests to Drive Abbott (ABT) Q4 Earnings
2021-01-20,Abbott Receives Expanded Medicare Reimbursement for First-Of-Its-Kind MitraClip™ Device
2021-01-20,"The Zacks Analyst Blog Highlights: Quest Diagnostics, Abbott, Becton, Dickinson and Co, Quidel and Hologic"
2021-01-19,"Abbott's COVID-19 antigen test may help with faster detection, isolation - CDC"
2021-01-19,Healthcare Stocks Appear Set to Move Higher
2021-01-19,"Brain, Spine Stimulation Devices Are a Post-Pandemic Winner, Says Raymond James"
2021-01-19,Abbott vs Dexcom: Which “Strong Buy” Stock Could Deliver Higher Returns in 2021?
2021-01-14,"The Zacks Analyst Blog Highlights: Abbott Lab, QIAGEN, Quidel, Hologic and Quest Diagnostics"
2021-01-14,Abbott to Launch the NeuroSphere™ myPath™ Digital Health App Designed to Track and Report Pain Relief in Chronic Pain Patients With Physicians Prior to Device Implant
2021-01-13,"LabCorp CEO on new testing: 'Pixel for covid is the beginning, but our future is other tests'"
2021-01-13,Testing Space in Focus Again Thanks to New Wave of Coronavirus
2021-01-13,3 Dividend Aristocrats to Buy Right Now
2021-01-12,Abbott (ABT) to Expand in Booming TBI Space on New Approval
2021-01-12,Abbott Announces Fulfillment of Federal Government Purchase of 150 Million BinaxNOW™ COVID-19 Rapid Tests and Is Now Ready to Support Commercial Distribution
2021-01-11,Abbott Receives FDA 510(k) Clearance for the First Rapid Handheld Blood Test for Concussions
2021-01-09,Abbott Laboratories (NYSE:ABT) Could Be A Buy For Its Upcoming Dividend
2021-01-08,Why The Covid Pandemic Will Be A Boon For These Health Care Stocks
2021-01-07,Abbott (ABT) Gains But Lags Market: What You Should Know
2021-01-06,4 High-Yield Stocks to Ring in the New Year
2021-01-06,Abbott Hosts Conference Call for Fourth-Quarter Earnings
2021-01-06,2 Coronavirus Stocks That Will Keep Winning in 2021
2021-01-06,3 Top Coronavirus Stocks to Buy Right Now
2021-01-05,Why Abbott (ABT) is Poised to Beat Earnings Estimates Again
2021-01-05,15 Largest Medical Device Companies in the World
2020-12-31,Abbott (ABT) Outpaces Stock Market Gains: What You Should Know
2020-12-30,The 3 Safest Stocks to Buy With Your Stimulus Money
2020-12-27,2 Perfect Stocks For Low-Risk Investors in 2021
2020-12-24,The 3 Best Stocks for 2021
2020-12-22,"As Vaccines Roll Out, Americans See COVID-19 Testing as Important Partner"
2020-12-22,"Got $1,000? 3 Smart Stocks to Buy Right Now"
2020-12-22,"At US$108, Is Abbott Laboratories (NYSE:ABT) Worth Looking At Closely?"
2020-12-21,Abbott (ABT) Dips More Than Broader Markets: What You Should Know
2020-12-18,Abbott to Present at J.P. Morgan Healthcare Conference
2020-12-18,Abbott (ABT) Broadens Pediatric Client Base With New Labeling
2020-12-17,FDA Approves Labeling Update for Abbott's HeartMate 3 Heart Pump for use in Pediatric Patients
2020-12-17,What you need to know about at-home and over-the-counter COVID-19 tests
2020-12-16,Abbott Labs Gets Approval for $25 Home Covid Test
2020-12-16,"Abbott Labs' at-home, $25 rapid COVID-19 test gets EUA from FDA"
2020-12-16,Price Over Earnings Overview: Abbott Laboratories
2020-12-16,"Abbott's BinaxNOW COVID-19 Rapid Test Receives FDA Emergency Use Authorization for First Virtually Guided, At-Home Rapid Test Using eMed's Digital Health Platform"
2020-12-16,Abbott (ABT) Gains CE Mark for Quantitative Serology Testing
2020-12-15,Abbott (ABT) Stock Moves -0.23%: What You Should Know
2020-12-15,Here's Why You Should Hold on to Tandem Diabetes (TNDM) Stock
2020-12-15,Abbott Receives CE Mark for its COVID-19 IgG Quantitative Antibody Blood Test
2020-12-15,Abbott (ABT) Launches Immunity Boosting Hydration Solution
2020-12-15,20 Biggest Healthcare Companies By Revenue
2020-12-15,This Dividend Aristocrat Just Gave Investors a Great Early Christmas Gift
2020-12-14,3 Health Care Companies That Recently Raised Dividends
2020-12-14,Abbott Develops New Pedialyte® Hydration Solution to Help Support Immune Health
2020-12-14,3 COVID Stocks That Are Screaming Buys
2020-12-12,"Campbell Soup, Pfizer, Mastercard, and Other Companies That Raised Their Dividends This Week"
2020-12-11,Dividend Aristocrat Abbott Laboratories Hikes Dividend by 25%
2020-12-11,Abbott raises quarterly dividend by 25% to 45 cents a share
2020-12-11,Abbott Increases Quarterly Dividend by 25%
2020-12-10,"The Zacks Analyst Blog Highlights: Abbott Laboratories, Owens & Minor, Thermo Fisher Scientific, Quidel Corp and Hologic"
2020-12-10,Is Abbott Laboratories (ABT) a Smart Long-term Buy?
2020-12-09,Abbott (ABT) Stock Moves -0.45%: What You Should Know
2020-12-09,DexCom Has a Lot to Prove in 2021
2020-12-07,Is ABT A Good Stock To Buy Now?
2020-12-05,Nursing homes battle round 2 of the coronavirus while awaiting vaccines
2020-12-04,"Abbott's (ABT) Libre 2 Cleared in Canada, Boosts CGM Prospects"
2020-12-03,Abbott (ABT) Dips More Than Broader Markets: What You Should Know
2020-12-02,"Abbott's FreeStyle Libre 2 Now Approved for Adults and Children with Diabetes in Canada, Featuring Unsurpassed 14-Day Accuracy and Optional Alarms"
2020-12-02,4 MedTech Stocks Gaining Ground on COVID-19 Test Kit Success
2020-12-01,Pediatric Medical Space Thrives Amid COVID-19: 3 Stocks in Focus
2020-11-30,"The Zacks Analyst Blog Highlights: NVIDIA, Pfizer, Abbott, UPS and ICICI"
2020-11-27,"Top Stock Reports for NVIDIA, Pfizer & Abbott"
2020-11-26,10 Best Growth Stocks To Buy Now According To Ray Dalio
2020-11-23,3 Dividend Stocks Gurus Like
2020-11-22,What Kind Of Investors Own Most Of Abbott Laboratories (NYSE:ABT)?
2020-11-21,3 Top Coronavirus Stocks to Buy in November
2020-11-20,Why Is Abbott (ABT) Up 1.4% Since Last Earnings Report?
2020-11-18,Abbott Becomes First Anchor Sponsor of American Diabetes Association's Health Equity Now Initiative to Advance Access to Care and Technology for People with Diabetes
2020-11-18,15 Largest Biotech Companies in the World
2020-11-17,Abbott Launches the First Infant Formula in Canada with an Ingredient Identical in Structure to Immune Component Found in Breast Milk
2020-11-17,Better Buy: Abbott Laboratories vs. DexCom
2020-11-16,CORRECTED-U.S. government to send out over 7 million Abbott BinaxNOW tests this week
2020-11-16,Abbott Named Industry Sustainability Leader for the Eighth Year in a Row on the Dow Jones Sustainability Index (DJSI)
2020-11-16,Top 10 Stocks Billionaire Ray Dalio Just Bought
2020-11-14,Forget Snowflake! Buy This Ultra-High-Growth Stock
2020-11-14,"Abbott Labs, Intuitive Surgical Headline 5 Top Stocks Near Buy Points"
2020-11-14,3 Top Coronavirus Stocks to Buy Right Now
2020-11-13,Abbott (ABT) Launches Radiofrequency Ablation Device in U.S.
2020-11-12,"Zacks Industry Outlook Highlights: Abbott Laboratories, Baxter International, ResMed and Intuitive Surgical"
2020-11-11,3 Stocks to Capitalize on Promising Medical Products Industry
2020-11-10,Morning Bell With Jim Cramer: Buy Stocks That Are Down 5%
2020-11-10,Abbott Announces the U.S. Launch of the IonicRF™ Generator for Use in Patients Living With Chronic Pain
2020-11-10,3 Stocks That Should Be Big Winners Under Joe Biden's Coronavirus Plan
2020-11-07,3 Coronavirus Stocks With Long-Term Growth Potential
2020-11-07,Better Coronavirus Stock: Gilead Sciences or Abbott Laboratories?
2020-11-06,Abbott Tacks On Massive Coronavirus Test Growth — But Is ABT Stock A Buy?
2020-11-06,3 Stocks to Buy and Hold for Decades
2020-11-05,"Coronavirus update: US hits new daily record surpassing 100,000 daily cases"
2020-11-03,Abbott Laboratories Could Soon Break Out From Its Sideways Pattern
2020-11-03,Trump or Biden? 5 Stocks to Buy No Matter Who Wins the Election.
2020-11-01,This Stock Is a Buy No Matter Who Wins the Election
2020-10-31,Forget Moderna -- This Is A More Lucrative Coronavirus Stock
2020-10-31,"A Huge Bank Sold Comcast, Barrick Gold, and Berkshire Hathaway Stock. Here’s What It Bought."
2020-10-30,5 Stocks to Buy No Matter Who Wins the Election
2020-10-30,Abbott Wins Prestigious Prix Galien USA Award for First-of-its-Kind MitraClip™ Device
2020-10-30,2 No-Brainer Stocks to Buy In The Next Market Crash
2020-10-30,8 Stocks Poised to Benefit from a Weaker Dollar
2020-10-29,United to give travelers free COVID-19 tests on select Newark-London flights
2020-10-29,2 Healthcare Dividend Stocks to Buy No Matter Who Wins the Election
2020-10-27,Unusual Options Activity Insight: Abbott Laboratories
2020-10-27,Analyst Report: Abbott Laboratories
2020-10-27,"Market Update: ABT, AMD, NRZ"
2020-10-27,"EU weighs buying Roche, Abbott rapid COVID tests amid limited supplies"
2020-10-26,West Pharmaceutical ESG Rating Upgraded; WST Stock Hits Record Highs
2020-10-25,3 No-Brainer Dividend Stocks to Buy Right Now
2020-10-23,Surging Earnings Estimates Signal Upside for Abbott (ABT) Stock
2020-10-23,College Football Games Are Ad Hoc Covid-19 Testing Studies
2020-10-23,Polen Capital is Betting on Abbott Laboratories (ABT) Stock
2020-10-23,BD's (BDX) COVID-19 Real-Time PCR Detection Kit Gets CE Mark
2020-10-23,OPKO Health's (OPK) BioReference Laboratories Unveils New Test
2020-10-23,"Have $1,000? 2 Fantastic Coronavirus Stocks to Buy and Hold for the Next Decade"
2020-10-23,Abbott Laboratories Just Recorded A 11% EPS Beat: Here's What Analysts Are Forecasting Next
2020-10-22,"Abbott Laboratories Has 'Solid Upside Potential,' BofA Says After Q3 Print"
2020-10-22,"Verizon, Biogen, Abbott earnings breakdown, here's what you need to know"
2020-10-22,2 Stocks to Buy as the Third Coronavirus Wave Hits
2020-10-21,"Abbott Laboratories Earnings, Outlook Top Expectations"
2020-10-21,Analyst Report: Abbott Laboratories
2020-10-21,Here's What to Really Like About Abbott Labs' Q3 Results
2020-10-21,Covid-19 Tests Are the Real Pandemic Moneymakers
2020-10-21,Does Abbott Labs Still Pass My Test After Earnings?
2020-10-21,"Abbott (ABT) Q3 Earnings Top, Diagnostic Test Sales Solid"
2020-10-21,"Verizon (VZ), Abbott (ABT), Thermo Fisher (TMO) Report Q3; Tesla (TSLA) After the Bell"
2020-10-21,Earnings Data Deluge
2020-10-21,"Abbott Labs Climbs on Earnings Beat, Upside Guidance"
2020-10-21,US STOCKS-Futures tick higher on stimulus optimism
2020-10-21,Abbott (ABT) Q3 Earnings and Revenues Surpass Estimates
2020-10-21,A Look Into Abbott's Debt
2020-10-21,"Abbott Labs tops Q3 profit and sales estimates, offers upbeat guidance despite pandemic"
2020-10-21,Recap: Abbott Laboratories Q3 Earnings
2020-10-21,Abbott Reports Third-Quarter 2020 Results; Achieves Strong Double-Digit Earnings Growth and Raises Guidance
2020-10-20,Were Hedge Funds Right About Crowding Into Abbott Laboratories (ABT)?
2020-10-20,Abbott Laboratories's Earnings Outlook
2020-10-20,Why Abbott (ABT) Might Surprise This Earnings Season
2020-10-19,'Halftime Report' Traders Share Their Thoughts On Guggenheim's Bristol-Myers Call
2020-10-19,Stock Market Today With Jim Cramer: Buy Boeing
2020-10-17,3 Pandemic Stocks That Could Make You Rich
2020-10-17,"Moody's – Outlook for the US medical products and devices industry revised to positive on higher earnings, increased demand"
2020-10-17,Cross-Sector: Market Data Highlights
2020-10-17,Moody's – US healthcare risk heat map - Overall outlook improves as patients return and COVID testing accelerates
2020-10-16,An Analyst Plays Matchmaker With Chevron and Exxon
2020-10-16,"The Zacks Analyst Blog Highlights: Abbott Laboratories, NextEra Energy, Silgan Holdings, UniFirst Corp and Landstar System"
2020-10-15,COVID-19 Antigen Test Launch to Drive Abbott (ABT) Q3 Earnings
2020-10-15,An Investment Strategy for Q3 Earnings in a Volatile Market
2020-10-14,Abbott (ABT) Stock Moves -0.57%: What You Should Know
2020-10-14,Abbott (ABT) Earnings Expected to Grow: Should You Buy?
2020-10-13,Why Abbott (ABT) is Poised to Beat Earnings Estimates Again
2020-10-13,Another Abbott antibody test is authorized
2020-10-13,"The Zacks Analyst Blog Highlights: Visa, Walmart, Abbott Laboratories, UnitedHealth Group and Oracle"
2020-10-13,"Abbott's New Antibody Test Gets FDA's EUA, Test Suite Expands"
2020-10-12,Abbott (ABT) Upgraded to Buy: Here's What You Should Know
2020-10-12,Here's Why Momentum Investors Will Love Abbott (ABT)
2020-10-12,Is Abbott Laboratories (ABT) Outperforming Other Medical Stocks This Year?
2020-10-12,Abbott's Data From Interim Clinical Study of ID NOW Positive
2020-10-12,Abbott wins U.S. emergency use authorization for new COVID-19 antibody test
2020-10-12,Abbott Receives FDA Emergency Use Authorization for its COVID-19 IgM Antibody Blood Test
2020-10-12,"Market Crash 2.0: Where to Invest $1,000"
2020-10-07,Abbott Laboratories Says Its Rapid Coronavirus Test Correctly Identifies Positive Cases 95% of the Time
2020-10-07,"BUZZ-U.S. STOCKS ON THE MOVE-Workday, Stable Road Acquisition, RedHill Biopharma, Fox Corp, Disney"
2020-10-07,"BUZZ-U.S. STOCKS ON THE MOVE-United Airlines, CleanSpark, Netflix, TransEnterix, Peck Company"
2020-10-07,Abbott says fast COVID-19 test correctly identifies positive cases 95% of the time
2020-10-07,"BUZZ-U.S. STOCKS ON THE MOVE-Rave Restaurant, Vedanta, Hill International, Workday, Bristol-Myers"
2020-10-07,Abbott says ID NOW COVID-19 rapid test shows high sensitivity in study
2020-10-07,Abbott: ID NOW COVID-19 Interim Results Confirm Previous Data Submitted To FDA 
2020-10-07,Medtronic Stock Appears Attractive Around $100 Levels
2020-10-06,Abbott Labs to Sell 20.5 Million COVID-19 Antigen Tests to Canadian Government
2020-10-06,Canada signs deal with Abbott for Panbio COVID-19 antigen tests
2020-10-06,Canada signs deal with Abbott for Panbio COVID-19 Antigen tests
2020-10-06,3 Stocks You Can Keep Forever
2020-10-05,Why OPKO Health Jumped 13.9% in September
2020-10-05,2 Top Coronavirus Stocks to Buy Right Now
2020-10-04,Is Abbott Laboratories Stock a Buy?
2020-09-29,U.S. Cases Rise 0.6%; Global Deaths Top 1 Million: Virus Update
2020-09-29,Abbott Gets the First Big Orders for Its Fast Covid Test
2020-09-29,"Dow Loses 200 Points Ahead Of Debate, As This Key Stock Rallies"
2020-09-29,120 Million Coronavirus Tests to Be Sold to Low- and Middle-Income Countries at Steep Discount
2020-09-29,"Dow Jones Today, Stocks Slip After Rally; Abbott Labs Gets Covid Boost, Big Lots Soars On Guidance"
2020-09-29,Here's When Bill Gates Thinks the Coronavirus Pandemic Will End
2020-09-28,U.S. Cases Rise 0.4%; States to Get Rapid Tests: Virus Update
2020-09-28,Abbott Labs Gets European Approval For Newest Version Of Its Glucose Monitoring System
2020-09-28,Trump says 150 million Abbott rapid coronavirus tests will be distributed in 'the coming weeks'
2020-09-28,"Under pressure over virus, Trump to announce more tests for states"
2020-09-28,Abbott wins EU approval for smallest version of glucose monitoring device
2020-09-28,"Abbott's FreeStyle® Libre 3 System Receives CE Mark - Features World's Smallest, Thinnest Sensor with Best-in-Class Performance at the Same Low Cost for People with Diabetes"
2020-09-27,A Second Wave of Coronavirus Could Be Coming: 3 Stocks to Buy Before It Hits
2020-09-25,Abbott Labs Stock Could Still Slip Lower
2020-09-25,Is JNJ Stock A Buy As Pharma Giant Starts Final-Phase Coronavirus Vaccine Trials?
2020-09-25,3 Dividend Aristocrats to Buy and Hold Forever
2020-09-24,Jim Cramer: Abbott's Rapid Covid-19 Test and My Super Bowl Dreams
2020-09-24,Abbott's MitraClip G4 Receives CE Mark for Treatment of MR
2020-09-24,Everything Investors Need to Know About Coronavirus Tests
2020-09-23,Abbott (ABT) Stock Moves -1.98%: What You Should Know
2020-09-23,3 Safe Coronavirus Stocks to Buy Ahead of a Market Crash
2020-09-23,FOCUS-Positive about flying? Airlines look to COVID tests that give results in minutes
2020-09-22,Abbott Wins European Approval for Latest MitraClip Heart Valve Device
2020-09-22,Lufthansa plans rapid COVID-19 testing starting October -executive
2020-09-22,4 Best Diabetes Device Stocks to Focus on Amid Coronavirus Crisis
2020-09-21,"Abbott Launches Sports Biosensor in Europe, Boosts CGM Wing"
2020-09-21,Abbott Receives CE Mark for Next-Generation MitraClip™ Heart Valve Repair Device to Treat Mitral Regurgitation
2020-09-21,Abbott Hosts Conference Call for Third-Quarter Earnings
2020-09-18,Is Sorrento Stock Really Worth the Speculation?
2020-09-18,3 Dividend Stocks Perfect for Retirees
2020-09-18,20/20 GeneSystems Stock: Leveraging AI for More Accurate Cancer Screening
2020-09-18,Abbott Launches World's First Glucose Monitor for Athletes
2020-09-17,Abbott (ABT) Gains As Market Dips: What You Should Know
2020-09-17,Abbott Declares 387th Consecutive Quarterly Dividend
2020-09-17,"Abbott Introduces Libre Sense Glucose Sport Biosensor in Europe, World's First Glucose Biosensor Designed for Athletes"
2020-09-17,"RPT-FOCUS-U.S. plans for hundreds of millions of cheap, fast COVID-19 tests"
2020-09-16,"Moody's – Outlook for the US medical products and devices industry revised to positive on higher earnings, increased demand"
2020-09-16,The Argus Dividend Growth Portfolio
2020-09-14,Weekly Stock List
2020-09-13,Calculating The Fair Value Of Abbott Laboratories (NYSE:ABT)
2020-09-13,3 Rock-Solid Dividend Stocks That You Can Buy and Hold Forever
2020-09-12,Dividend Aristocrat AbbVie Declares Its Latest Payout; Yield Is 5.3%
2020-09-11,Abbott (ABT) Outpaces Stock Market Gains: What You Should Know
2020-09-10,Cross-Sector: Market Data Highlights
2020-09-10,Quest Diagnostics (DGX) Could Enter New Downtrend
2020-09-09,"Consumer goods drive record in seaborne imports to U.S. in August, and medical test kits may have peaked, report finds"
2020-09-09,"Abbott Banks on EPD, Nutrition Growth to Beat Coronavirus Woes"
2020-09-09,Why Shares of These 3 Coronavirus-Test Makers Saw Big Moves in August
2020-09-09,Moody's – US healthcare risk heat map - Overall outlook improves as patients return and COVID testing accelerates
2020-09-09,Why a $7B Fund Is Holding On to Disney and Alphabet Stock
2020-09-08,Why These 3 Coronavirus-Related Stocks Plummeted More Than 35% in August
2020-09-07,"REFILE-From Target to Twitter, U.S. companies urge workers to vote"
2020-09-07,Abbott Begins BTK Clinical Trial to Evaluate DRS Therapy
2020-09-06,Is Abbott Laboratories Stock a Buy?
2020-09-06,3 Top Coronavirus Stocks to Buy in September
2020-09-05,4 Strategies for Investing During the Coronavirus Pandemic
2020-09-04,Abbott (ABT) Dips More Than Broader Markets: What You Should Know
2020-09-04,"Quick Virus Testing, Traffic Trends, Bring Hope for Airlines"
2020-09-04,"The Zacks Analyst Blog Highlights: Medtronic, Abbott Laboratories, Myriad Genetics, Zimmer Biomet and General Electric"
2020-09-04,"Next Coronavirus Market Crash: Where to Invest $1,000"
2020-09-03,Medicare Coverage for Libre 2 Boosts Abbott's CGM Prospects
2020-09-03,Abbott Announces Start of Trial to Evaluate the New Esprit™ BTK Drug-Eluting Resorbable Scaffold
2020-09-03,Fulgent Shares Up 10% On COVID-19 Testing Deal For New York Schools
2020-09-02,"Abbot Labs: New COVID-19 Antibody Test Is a Game Changer, Says Analyst"
2020-09-02,"'Halftime Report' Traders Weigh In On DraftKings, Beyond Meat And More"
2020-09-02,Why Co-Diagnostics Shares Sank Today While the Stock Market Jumped
2020-09-02,Roche Stock Is Rising Because the Company Has a Covid-19 Antigen Test
2020-09-02,"Trump administration sending rapid COVID tests to states, CDC bars evictions"
2020-09-01,Analyst Report: Abbott Laboratories
2020-09-01,Here’s what to know about Abbott’s 15-minute COVID-19 test
2020-09-01,"In Canada, airlines face uphill climb to replace quarantines with COVID-19 testing"
2020-09-01,"U.S. to send millions of rapid COVID-19 tests to states to support school reopening, other tasks"
2020-09-01,Why Abbott Stock Is Up
2020-09-01,Abbott's FreeStyle® Libre 2 iCGM System Now Available to Medicare Beneficiaries
2020-08-31,"The Zacks Analyst Blog Highlights: Verizon Communications, Novartis, Abbott Laboratories, AT&T, Intuitive Surgical and Northrop Grumman"
2020-08-31,"The Zacks Analyst Blog Highlights: Abbott Lab, Quidel, Becton, Dickinson and Company, Hologic and Quest Diagnostics"
2020-08-31,Coronavirus Impact on Consumer Behavior
2020-08-31,Abbott Analyst: Expert View On Rapid Coronavirus Antigen Test 'Clearly Bullish'
2020-08-30,Better Coronavirus Stock: Gilead Sciences or Abbott Laboratories?
2020-08-30,Abbott Expanding Its Covid-19 Test To Asymptomatic People- Report
2020-08-29,Markets Rise on Covid Hopes. But Just Ahead Is a Treacherous Fall.
2020-08-28,Abbott (ABT) Stock Sinks As Market Gains: What You Should Know
2020-08-28,"Apple Removes All Epic Games From App Store, Terminates Dev Account"
2020-08-28,Waiting for COVID-19 testing results is 'still too long': Doctor
2020-08-28,"Top Stock Reports for Verizon, Novartis & Abbott"
2020-08-28,Hedge Funds Never Been This Bullish On Abbott Laboratories (ABT)
2020-08-28,Jim Cramer: Abbott Labs and the Rally in Travel
2020-08-28,Abbott Laboratories Meets 80-Plus Relative Strength Rating Benchmark
2020-08-28,China’s CanSino in Talks for Early Vaccine Approval
2020-08-28,Abbott Shares Climb as U.S. Buys Out Supply of New Covid-19 Test
2020-08-28,Price War in Coronavirus Test Space to Intensify Thanks to Abbott
2020-08-28,"Company News for Aug 28, 2020"
2020-08-28,Abbott (ABT) Looks Good: Stock Adds 7.9% in Session
2020-08-28,"The Daily Biotech Pulse: Moderna Japanese Vaccine Deal Talk, Lipocine FDA Decision, Liver Congress Presentations"
2020-08-28,XpresSpa Group’s Stock Drop Ignores the Potential of Pivot to Virus Testing
2020-08-28,Abbott Scores $760M US Gov Deal For Rapid Covid-19 Saliva Test
2020-08-28,"GLOBAL MARKETS-Treasury yields, dollar gain after Fed's historic policy shift"
2020-08-28,Trump administration to purchase 150 million Abbott COVID-19 tests for $750 million
2020-08-27,"GLOBAL MARKETS-Asian stocks may be choppy despite U.S. Fed inflation shift, COVID outlook"
2020-08-27,U.S. Buys Almost All Abbott’s $5 Rapid Tests Made This Year
2020-08-27,Why Abbott Laboratories Stock Surged Today
2020-08-27,Jim Cramer: Here Comes the Biggest Test Yet
2020-08-27,Why a New COVID-19 Test Is Giving Shake Shack and Other Restaurants a Big Boost
2020-08-27,"U.S. Deaths Top 180,000; Abbott Jumps on Fast Test: Virus Update"
2020-08-27,Why Fluidigm Stock Plunged Today
2020-08-27,"S&P 500 Airline Stocks, Cruise Stocks Surge on Abbott Labs FDA Approval, Federal Reserve Policy Change"
2020-08-27,&quot;Great Reopening&quot; Gets 2 Big Boosts: Fed & Abbott
2020-08-27,Stock Market Today: Dow Claws Higher on a Bumpy Day of Trading
2020-08-27,New CDC Covid Testing Guidelines Have It Backward
2020-08-27,Dow and S&P Close Higher on Rapid Virus Test News
2020-08-27,Walmart Stock Leads Dow Jones Rally On TikTok News; China IPO Xpeng Soars In Debut
2020-08-27,"US STOCKS-S&P, Dow close higher on new Fed inflation stance, COVID test hopes"
2020-08-27,"Nasdaq Falls 40; Fulgent, Fluidigm Collapse on COVID-19 Competition"
2020-08-27,"GLOBAL MARKETS-Shares, dollar climb as Fed lays out new inflation strategy"
2020-08-27,"Abbott Labs Stock Jumps After FDA Approves Its 15-Minute, $5 Coronavirus Test"
2020-08-27,S&P 500 closes at record as investors parse Fed's historic policy shift
2020-08-27,"Here's Why Quidel, Hologic, and Quest Diagnostics Shares Fell Today"
2020-08-27,Trump Expected to Announce Deal With Abbott Laboratories for Rapid Coronavirus Tests
2020-08-27,Stock Market Today With Jim Cramer: Buy Abbott Shares
2020-08-27,Stocks Gain as Fed Changes Inflation Stance
2020-08-27,"US STOCKS-S&P, Dow head higher on new Fed stance, COVID progress"
2020-08-27,Trump administration makes $750 million deal to buy 150 million of Abbott's new coronavirus tests
2020-08-27,Abbott to Receive Order for 150 Million Rapid COVID-19 Tests
2020-08-27,Pacific Ethanol Stock Jumped 24% Today: What Investors Need To Know
2020-08-27,Stocks Give Up Some Gains After Fed Says Economy Can ‘Run Hot’
2020-08-27,Why Airline Shares Are Higher Today
2020-08-27,Trump administration to purchase 150 million Abbott COVID-19 tests for $750 mln
2020-08-27,"Why Royal Caribbean, Carnival, and Norwegian Cruise Line Stocks Roared Back to Life This Morning"
2020-08-27,Dow Jones Pares Gains As Stock Market Rally Fades; Nasdaq Goes Underwater
2020-08-27,Stocks Wobble as Fed Embarks on Easier Monetary Policy
2020-08-27,"Why Co-Diagnostics, GenMark, Luminex, and Opko Stocks Are Sinking Today"
2020-08-27,Dow Jones Boosted By 5 Key Stocks; Nasdaq Hits High As Intuitive Surgical Breaks Out
2020-08-27,Why Fulgent Genetics Is Crashing Today
2020-08-27,Dow Jones Spikes 300 Points On Fed Chief Powell Speech; Abbott Labs Soars 10% On Coronavirus Test FDA Approval
2020-08-27,TikTok Sale ‘Looming’ After CEO Departure
2020-08-27,Fed Lifts Stock Markets; Abbott's $5 Quick Test Gives Travel Stocks Big Gains
2020-08-27,Abbott’s $5 Rapid Covid Test Takes $22 Billion Bite Out of Peers
2020-08-27,"US STOCKS-Fed's inflation push lifts S&P 500, Nasdaq to new highs"
2020-08-27,Hurricane Laura Lashes the Gulf Coast
2020-08-27,Dow and S&P 500 Rally as Fed's Powell Announces Easier Monetary Policy
2020-08-27,"Abbott Laboratories Shares Surge After Unveiling $5, 15-Minute Coronavirus Test"
2020-08-27,A Look Into Abbott Laboratories's Price Over Earnings
2020-08-27,US STOCKS-Wall Street rises as Fed targets 2% average inflation
2020-08-27,"Dow Jones Today, Stocks Mixed On Powell's 'Robust Update;' NetApp Stirs Database Stocks, Abbott Gets FDA Covid Nod"
2020-08-27,Looking Into Abbott Laboratories's Return On Capital Employed
2020-08-27,Abbott Labs Soars to New Heights: The Stock's Next Technical Targets
2020-08-27,Abbott Stock Jumps Because a New Rapid Covid-19 Test Could Bring Huge Sales
2020-08-27,US STOCKS-Futures fall as jobless claims hover at 1 mln mark; focus shifts to Powell
2020-08-27,"Dow Jones Today, Futures Flat After Jobs Data, Await Powell; NetApp Stirs Database Stocks, Abbott Gets FDA Covid Nod"
2020-08-27,Abbott's stock jumps 9% following authorization of its rapid $5 COVID-19 test
2020-08-27,How Does Abbott Laboratories's Debt Look?
2020-08-27,"Jerome Powell, Hurricane Laura, TikTok, Abbott - 5 Things You Must Know Thursday"
2020-08-27,US STOCKS-Futures down ahead of Powell's speech on monetary policy
2020-08-27,"Abercrombie & Fitch, Abbott Rise Premarket, Coty Falls"
2020-08-27,Abbott Jumps 22% On Emergency Use Nod For Credit Card Size Covid-19 Test
2020-08-27,"Top 5 Things to Know in the Market on Thursday, August 27th"
2020-08-27,Abbott Gets FDA Emergency Use Approval For $5 Rapid COVID-19 Test
2020-08-27,Abbott Receives FDA Authorization for a $5 App-Enabled 15-Minute COVID-19 Test
2020-08-26,Abbott wins U.S. approval for rapid COVID-19 test
2020-08-26,"Abbott's Fast, $5, 15-Minute, Easy-to-Use COVID-19 Antigen Test Receives FDA Emergency Use Authorization; Mobile App Displays Test Results to Help Our Return to Daily Life; Ramping Production to 50 Million Tests a Month"
2020-08-25,Medtronic profit falls nearly 44% as COVID-19 hurts demand
2020-08-25,"XpresSpa Shares Jump Over 18%, As Company Says It Has Expedited Airport COVID-19 Screening"
2020-08-24,"The Zacks Analyst Blog Highlights: QIAGEN, Merit Medical, OPKO, Abbott and Abiomed"
2020-08-21,MedTech Lifts S&P 500 Index: 3 Stocks With Upside Potential
2020-08-17,Is Abbott Laboratories' (NYSE:ABT) Recent Stock Performance Influenced By Its Fundamentals In Any Way?
2020-08-15,Why Is Abbott (ABT) Up 3.7% Since Last Earnings Report?
2020-08-13,2 Top Stocks for Retirees
2020-08-10,"The Zacks Analyst Blog Highlights: Adobe, Abbott Laboratories, Barrick Gold, HSBC Holdings and Square"
2020-08-07,"Top Analyst Reports for Adobe, Abbott & Barrick Gold"
2020-08-07,The Next Bull Run Will Be Harder For Sorrento Therapeutics
2020-08-06,"Becton Dickinson Earnings Top, But BDX Stock Falls On Weak Sales"
2020-08-05,Biotechs Continue Strength Abbott Labs Still In Buy Zone
2020-08-04,3 Charts That Suggest Sin Stocks Are Headed Higher
2020-08-04,Abbott Announces Start of Study to Evaluate New Device to Treat Recurrent Atrial Fibrillation
2020-08-01,3 Safe Stocks to Hold Through the Next Market Crash
2020-07-29,Sorrento Therapeutics Licenses 30-Minute Spit Test for Covid-19
2020-07-28,"Novo, Roche Scored Highest Returns on Invested Capital"
2020-07-28,3 Rock-Solid Healthcare Stocks to Buy in a Market Crash
2020-07-28,"If You Had Invested $1,000 in Abbott Labs During the Last Recession, This Is How Much You Would Have Today"
2020-07-27,INSIGHT-The U.S. has more COVID-19 testing than most. So why is it falling so short?
2020-07-26,Here's the Least Risky Solid-Growth Coronavirus Stock to Buy Right Now
2020-07-24,Stocks Showing Improved Relative Strength: Abbott Laboratories
2020-07-24,AbbVie Proves Masterful at Playing Drug Patent Game
2020-07-24,Why A Covid-19 Vaccine Won't Halt Feverish Demand For Coronavirus Tests
2020-07-24,Abbott Tacks On Massive Coronavirus Test Growth — But Is ABT Stock A Buy?
2020-07-24,Edited Transcript of ABT.N earnings conference call or presentation 16-Apr-20 1:00pm GMT
2020-07-23,Abbott Receives FDA Approval for iOS-Compatible App Allowing People Living With Chronic Pain and Movement Disorders to Personalize Therapy Via Their Mobile Device
2020-07-22,"The Zacks Analyst Blog Highlights: Bank of America, Abbott Laboratories, Chevron, Danaher and GlaxoSmithKline"
2020-07-22,HCA Healthcare quarterly profit jumps nearly 38% on government stimulus
2020-07-22,Covid-19 Testing Is Broken and There's No Plan to Fix It
2020-07-21,Stock Upgrades: Abbott Laboratories Shows Rising Relative Strength
2020-07-21,"Top Stock Reports for Bank of America, Abbott & Chevron"
2020-07-21,"Have $2,000? Consider Buying These 2 Top Coronavirus Stocks"
2020-07-20,"Abbott, J&J results buoyed by surprising June uptick in medical procedures even as coronavirus cases rise"
2020-07-19,"A Giant Fund Sold Apple, Microsoft Stock. Here Are 2 Stocks It Bought."
2020-07-18,"Abbott Laboratories Just Beat Analyst Forecasts, And Analysts Have Been Updating Their Predictions"
2020-07-17,US Indexes Close Flat Friday
2020-07-17,A Peek Into Abbott's Price Over Earnings
2020-07-17,Morning Bell With Jim Cramer: Microsoft Earnings Next Week
2020-07-17,I Ran A Stock Scan For Earnings Growth And Abbott Laboratories (NYSE:ABT) Passed With Ease
2020-07-17,Edited Transcript of ABT earnings conference call or presentation 16-Jul-20 1:30pm GMT
2020-07-16,"Abbott Laboratories Beats on Q2 Estimates, But Stock Slides"
2020-07-16,Abbott Labs Reins In Triple-Digit Growth On Coronavirus Test Demand
2020-07-16,"Coronavirus update: Walmart, Target, CVS lead corporate push for face masks amid US case spike"
2020-07-16,Abbott Labs' Earnings Sink in Q2 but Still Trounce Wall Street Estimates
2020-07-16,"Abbott (ABT) Q2 Earnings Top, Coronavirus Test Sales Solid"
2020-07-16,REFILE-Abbott CEO expects high demand for antibody tests even after approved COVID-19 vaccine
2020-07-16,"Abbott Labs Profit Beats, Helped by Virus-Test Unit"
2020-07-16,"Dow Jones Today, Stocks Drop Dip As Jobless Claims Hold Steady; Disney Stock Downgraded, China Stocks Under Pressure"
2020-07-16,Abbott sees no hit to demand for COVID-19 tests from vaccine
2020-07-16,Abbott (ABT) Q2 Earnings and Revenues Beat Estimates
2020-07-16,Dow Jones Futures: Who Will Lead Coronavirus Stock Market Rally? Netflix Earnings On Tap
2020-07-16,How A Medical Brainiac CEO Turned Brilliance Into Billions
2020-07-16,Recap: Abbott Laboratories Q2 Earnings
2020-07-16,"Abbott Labs' stock gains after profit, revenue and full-year outlook top expectations"
2020-07-16,Abbott Earnings Beat Views; Medical Giant Guides Higher
2020-07-16,Abbott quarterly profit plunges as COVID-19 batters medical device unit
2020-07-16,"Abbott Reports Second-Quarter 2020 Results, Exceeds Analysts' Expectations"
2020-07-16,"Earnings Scheduled For July 16, 2020"
2020-07-14,Why Earnings Season Could Be Great for Abbott (ABT)
2020-07-14,Abbott Laboratories and Edwards Lifesciences Settle Patent Fight
2020-07-13,"Abbott Labs, Edwards Lifesciences settle patent dispute over heart valve products"
2020-07-13,Abbott Agrees to Global Transcatheter Litigation Settlement with Edwards Lifesciences
2020-07-13,"The Zacks Analyst Blog Highlights: Oracle, Abbott Laboratories, Chevron, Sanofi and Boeing"
2020-07-13,Coronavirus Tests Rollout to Drive Abbott (ABT) Q2 Earnings?
2020-07-12,"Earnings season kicks off with big banks, Netflix: What to know in the week ahead"
2020-07-12,"Have $5,000? 3 Coronavirus Stocks You Can Buy in July Without Losing Any Sleep"
2020-07-10,"Top Analyst Reports for Oracle, Abbott & Chevron"
2020-07-10,Abbott Stock: Is It A Buy As Coronavirus Testing Becomes Widespread?
2020-07-09,Health Giant Johnson & Johnson On Deck To Report — Here's What We Know
2020-07-09,Analysts Estimate Abbott (ABT) to Report a Decline in Earnings: What to Look Out for
2020-07-09,Is Abbott Laboratories (ABT) Outperforming Other Medical Stocks This Year?
2020-07-09,Bio-Rad (BIO) Banks on Coronavirus PCR Tests Amid Cost Woes
2020-07-08,LabCorp Launches At-Home Coronavirus Test Collection Kit
2020-07-07,The March to Freedom Fund 2nd-Quarter Review
2020-07-07,"The Zacks Analyst Blog Highlights: Abbott Laboratories, Zoom Video Communications, Amazon.com and NVIDIA"
2020-07-06,"Abbott Deal, UnitedHealth Coverage Push Up Tandem Shares"
2020-07-06,Abbott Receives FDA Approval for New Heart Rhythm Devices Featuring Bluetooth Connectivity and Continuous Remote Monitoring
2020-07-06,4 Stocks to Play the Alarming Spike in Cases of COVID-19
2020-07-04,3 Top Medical-Device Stocks to Buy in the Second Half of 2020
2020-07-03,"Pomerantz Law Firm Announces the Filing of a Class Action against Co-Diagnostics, Inc. and Certain Officers - CODX"
2020-07-02,Abbott (ABT) Outpaces Stock Market Gains: What You Should Know
2020-07-02,Abbott Laboratories (ABT): Were Hedge Funds Right About This Stock?
2020-06-30,MS Global Franchise Fund's 1st-Quarter Portfolio
2020-06-30,"Abbott, Tandem Diabetes Seal Deal on Diabetes Management"
2020-06-30,Abbott Labs Stock Rises 3%
2020-06-29,U.S. FDA allows emergency use of Danaher's COVID-19 antibody test
2020-06-29,Abbott and Tandem Diabetes Care Advance Development of Integrated Technologies for Future Automated Insulin Delivery Systems
2020-06-29,These 6 health-care stocks are ‘buys’ because they can thrive under either Trump or Biden
2020-06-26,Abbott (ABT) Stock Moves -1.02%: What You Should Know
2020-06-26,New Research Finds Abbott's Optical Coherence Tomography Imaging Changed Treatment Decisions in 88% of Artery Blockages
2020-06-25,Many studies of COVID-19 antibody test accuracy fall short - review
2020-06-25,New Late-Breaking Data Highlight Impact of Abbott's Minimally Invasive Structural Heart Therapies
2020-06-25,How to invest in health-care stocks without worrying about who wins the election
2020-06-24,US Indexes Close Lower Wednesday With Coronavirus Concerns
2020-06-24,Abbott Labs Cuts Ties With GOP Lobbyist Matt Schlapp
2020-06-24,A Trio of Strong Performers to Consider
2020-06-23,Arizona's main COVID lab running behind as demand for tests soars to twice capacity
2020-06-23,Abbott Hosts Conference Call for Second-Quarter Earnings
2020-06-23,Coronavirus Diagnostic Tests in High Demand: 4 Stocks in Focus
2020-06-22,Abbott Laboratories -- Moody's assigns A3 rating to Abbott Laboratories' note offering
2020-06-18,Abbott (ABT) Stock Sinks As Market Gains: What You Should Know
2020-06-17,US Indexes Close Mostly Lower Wednesday
2020-06-17,3 MedTech Stocks to Watch Amid Coronavirus Catastrophe
2020-06-16,Abbott's Libre 2 iCGM Gets FDA Nod to Better Manage Diabetes
2020-06-16,"New Data Show Use of Abbott's FreeStyle® Libre System Reduces All-Cause, Diabetic Ketoacidosis-Related Hospitalization Rates and Acute Diabetes Events"
2020-06-16,FOCUS-U.S. health insurers may balk at paying for coronavirus antibody testing
2020-06-16,UK antibody test access stokes frustration and confusion
2020-06-16,Delay and confusion about finding a reliable antibody test in the UK
2020-06-15,"Abbott Gains FDA Nod For A New Diabetes Device, But Dexcom Rockets"
2020-06-15,Abbott Gains New Clearance As Devices Rivalry With Dexcom Builds
2020-06-15,Is Abbott Stock A Buy As Worries Of A Second Coronavirus Wave Spread?
2020-06-15,FDA clears new version of Abbott's diabetes glucose monitor
2020-06-15,Abbott's (ABT) FreeStyle Libre Study Outcome Favorable
2020-06-15,Abbott's Bluetooth-Enabled Glucose Monitor Finally Clears FDA Hurdle
2020-06-15,U.S. FDA clears new version of Abbott's low-cost glucose monitor
2020-06-15,U.S. FDA clears version 2.0 of Abbott's low-cost glucose monitor
2020-06-15,"Abbott's FreeStyle® Libre 2 iCGM Cleared in U.S. for Adults and Children with Diabetes, Achieving Highest Level of Accuracy and Performance Standards"
2020-06-14,3 Top Dividend Stocks to Buy Right Now
2020-06-13,New Late-Breaking Data Show Use of Abbott's FreeStyle® Libre System Significantly Reduces HbA1C Levels in People with Type 2 Diabetes Using Insulin or Not
2020-06-12,Abbott (ABT) Outpaces Stock Market Gains: What You Should Know
2020-06-12,Abbott Declares 386th Consecutive Quarterly Dividend
2020-06-12,3 Diabetes Management Stocks in the Spotlight Amid Coronavirus
2020-06-11,Diagnostic Testing Remains Crucial in Combatting Coronavirus
2020-06-11,Abbott Labs Stock Falls 3%
2020-06-11,INSIGHT-Europe sets sights on dud antibody tests amid COVID-19 free-for-all
2020-06-07,Five Undervalued Stocks Yielding 5%
2020-06-06,"$3,000 Invested in These Coronavirus Stocks Could Pay Off Big Time"
2020-06-06,3 Top Coronavirus Stocks to Buy in June
2020-06-05,Is Abbott Stock A Buy After Defending The Accuracy Of Coronavirus Test?
2020-06-05,Abbott Stock Down on Urgent Field Safety Notice for TactiCath
2020-06-04,US Indexes End Mostly Lower Thursday
2020-06-04,3 Dividend Stocks to Bankroll Your Retirement
2020-06-03,Wednesday Morning Market Highlights
2020-06-02,Abbott (ABT) Stock Sinks As Market Gains: What You Should Know
2020-06-02,Should You Sell Abbott Laboratories Stock?
2020-06-01,Abbott Downgraded to Sell by Goldman Sachs
2020-05-30,Better Coronavirus Stock: Abbott Labs or Roche?
2020-05-29,US Indexes Close Mostly Higher on the Last Trading Day of May
2020-05-28,Coronavirus 2020: Where to Invest $500 Right Now
2020-05-27,Abbott (ABT) Gains But Lags Market: What You Should Know
2020-05-27,UK regulator halts antibody home tests for coronavirus
2020-05-26,Abbott Laboratories (ABT): Hedge Funds Are In Wait-and-See Mode
2020-05-24,3 Large-Cap Coronavirus Stocks Still Worth Buying
2020-05-24,Is Abbott Labs Stock in Trouble?
2020-05-22,US Indexes Post Some Small Gains Friday Before the Holiday Weekend
2020-05-22,U.S. Cases Up 1.8%; Trump Pushes to Open Churches: Virus Update
2020-05-22,"CDC faces more coronavirus testing questions, this time about how many diagnostic tests are being conducted"
2020-05-22,How Quidel's New Test Could Be A Game-Changer In Coronavirus
2020-05-22,"Hong Kong, Alibaba and Nvidia - 5 Things You Must Know Friday"
2020-05-22,This new coronavirus test will give on-the-spot results within 20 minutes
2020-05-21,Abbott (ABT) Gains As Market Dips: What You Should Know
2020-05-21,Abbott says new data on rapid coronavirus test used in White House shows high accuracy
2020-05-21,Abbott Releases Interim Clinical Study Data on ID NOW COVID-19 Rapid Test Showing Strong Agreement to Lab-Based Molecular PCR Tests
2020-05-21,U.K. Buys 10 Million Antibody Tests from Roche and Abbott
2020-05-21,Abbott Announces Contract to Supply Millions of IgG Lab-Based Antibody Tests to the UK Government
2020-05-21,Britain signs deals for 10 million antibody tests from Roche and Abbott
2020-05-21,Abbott Announces Health Canada Authorization Under the COVID-19 Interim Order and Immediate Availability of its COVID-19 Antibody Test in Canada
2020-05-21,Free NHS antibody tests on way after Roche and Abbott Labs deals
2020-05-21,Will antibody tests be our passport to normality? | Free to read
2020-05-19,Abbott Ireland Financing DAC -- Moody's announces completion of a periodic review of ratings of Abbott Laboratories
2020-05-19,Is Abbott Labs Stock a Buy After Its COVID-19 Test Controversy?
2020-05-18,RPT-BUZZ-U.S. stocks weekly: Off balance
2020-05-16,"IMPORTANT INVESTOR NOTICE: The Schall Law Firm Announces it is Investigating Claims Against Abbott Laboratories and Encourages Investors with Losses of $100,000 to Contact the Firm"
2020-05-16,Abbott’s coronavirus test may need a backup for false negatives
2020-05-16,"Coronavirus update: New outbreaks reported in states that plan to reopen soon, while Trump suggests testing is ‘overrated’"
2020-05-16,Why Is Abbott (ABT) Down 6.4% Since Last Earnings Report?
2020-05-15,"Glancy Prongay & Murray LLP, a Leading Securities Fraud Law Firm, Announces Investigation of Abbott Laboratories (ABT) on Behalf of Investors"
2020-05-15,U.S. Cases Increase 2%; New York Beaches to Reopen: Virus Update
2020-05-15,"INVESTIGATION ALERT: The Schall Law Firm Announces it is Investigating Claims Against Abbott Laboratories and Encourages Investors with Losses of $100,000 to Contact the Firm"
2020-05-15,"Coronavirus latest: Friday, May 15"
2020-05-15,The Law Offices of Frank R. Cruz Announces Investigation on Behalf of Abbott Laboratories Investors (ABT)
2020-05-15,FDA probes accuracy issue with Abbott's rapid coronavirus test
2020-05-15,Healthcare Tech & Robotics ETFs in Focus amid COVID-19 Crisis
2020-05-15,Trump presses for coronavirus vaccine by end of year
2020-05-15,INVESTOR ALERT: Law Offices of Howard G. Smith Announces Investigation of Abbott Laboratories (ABT) on Behalf of Investors
2020-05-15,Trump says he isn't concerned about Abbott's coronavirus test as FDA probes accuracy
2020-05-15,Quidel Shares Rise as FDA Probes Abbott's Covid-19 Test
2020-05-15,US STOCKS-Wall St falls as trade war fears add to virus woes
2020-05-15,FDA Warns Public About Inaccuracy Issues With Abbott's Coronavirus Test
2020-05-15,Keeping an Eye on Abbott Labs Stock
2020-05-15,A Peek Into Abbot's Price Over Earnings Ratio
2020-05-15,U.S. health secretary expresses confidence in Abbott's fast COVID-19 test
2020-05-15,RPT-U.S. employers wary of coronavirus 'immunity' tests as they move to reopen
2020-05-15,Abbott Stands By Quick Covid-19 Test After FDA Warning
2020-05-15,US STOCKS-Wall St eyes weak open as trade war fears add to virus woes
2020-05-15,US STOCKS-Futures fall as China trade war fears add to coronavirus woes
2020-05-15,REFILE-U.S. employers wary of coronavirus 'immunity' tests as they move to reopen
2020-05-15,"Abbott, Taiwan Semi, Nike, Retail Sales - 5 Things You Must Know Friday"
2020-05-15,US STOCKS-Futures edge higher on China industrial data
2020-05-15,FDA Warns Abbott's Coronavirus Rapid Test Kits Used By White House Possibly Shows False Negative
2020-05-15,Abbott's Rapid Covid-19 Test Investigated by FDA for Accuracy
2020-05-15,Britain approves Abbott's COVID-19 antibody test
2020-05-15,Abbott joins Roche in winning UK approval for virus antibody test
2020-05-15,FDA investigates accuracy of Abbott’s rapid coronavirus test
2020-05-15,FDA warns on rapid coronavirus test used by White House
2020-05-15,U.S. regulator is reviewing Abbott's fast COVID test after studies raise accuracy concerns
2020-05-14,Top 5 Buys of Ray Dalio's Bridgewater in the 1st Quarter
2020-05-14,Abbott Provides Update on ID NOW™
2020-05-14,Abbott Labs Refutes Claims Its 5-Minute Coronavirus Test Is Inaccurate
2020-05-14,Abbott Laboratories Refutes Claims Its 5-Minute Coronavirus Test Is Inaccurate
2020-05-14,Europe pins hopes on antibody tests to avoid second virus wave
2020-05-14,Coronavirus Vaccine Progress Accelerates
2020-05-14,Why Co-Diagnostics Stock Is Jumping Today
2020-05-14,CVS Health to launch COVID-19 drive-thru test sites in 5 U.S. states
2020-05-14,"Top 5 Things to Know in the Market on Thursday, May 14th"
2020-05-14,"Abbott's fast COVID test could be missing cases, study says"
2020-05-13,"Abbott's fast COVID test could be missing cases, study says"
2020-05-13,"U.S. Cases Rise 1.6%, Less Than 1.9% Week Average: Virus Update"
2020-05-13,New York and New Jersey Begin Gradual Reopenings
2020-05-13,Abbott Laboratories’ Rapid Covid-19 Tests May Miss Half of Positive Cases: Report
2020-05-13,Abbott Test Misses Many Coronavirus Cases - Study
2020-05-12,Abbott Receives FDA Emergency Use Authorization for COVID-19 Molecular Test on New Alinity™ m System
2020-05-11,US Indexes Post Some Gains Monday
2020-05-11,"Coronavirus update: Global case tally tops 4.1 million; South Korea reports cluster from Seoul nightclubs, and Wuhan, China, has 4 new cases"
2020-05-11,Coronavirus Antibody Test From Abbott Receives Emergency Use Authorization
2020-05-11,U.S. FDA authorizes use of Abbott's COVID-19 antibody test on second system
2020-05-11,Abbott Virus Antibody Test Gets FDA Emergency Clearance
2020-05-11,Abbott gets second EUA for COVID-19 antibody test
2020-05-11,Abbott Receives FDA Emergency Use Authorization for COVID-19 Antibody Blood Test on Alinity™ i System
2020-05-08,Abbott's Coronavirus Antibody Test Proves Highly Accurate
2020-05-08,COVID SCIENCE-Abbott coronavirus test is accurate; infected mother's breast milk may protect infants
2020-05-08,Study suggests Abbott COVID-19 antibody test highly likely to give correct results
2020-05-08,Research from University of Washington Demonstrates High Performance of Abbott's SARS-CoV-2 Antibody Blood Test
2020-05-07,"BJ's Wholesale Club, Polaris Industries, Abbott Laboratories, Eldorado Resorts and Apple highlighted as Zacks Bull and Bear of the Day"
2020-05-07,Is Abbott A Buy After Launching Not One — But Three — Coronavirus Tests?
2020-05-06,The future of successful coronavirus response: Mass testing at work and in church and self-administered tests
2020-05-06,Biotech ETFs Poised to Benefit From Coronavirus
2020-05-06,HRC vs. ABT: Which Stock Should Value Investors Buy Now?
2020-05-06,3 Stocks Set to Pop Once the Economy Gets Back to Business
2020-05-06,3 Best-Performing Dividend Aristocrats of 2020 So Far
2020-05-06,The FDA tightens rules around antibody tests as companies talk up their value
2020-05-05,"LifeScan Global Corporation -- Moody's downgrades LifeScan's CFR to B3, stable outlook"
2020-05-05,"Coronavirus update: Death tally tops 250,000; reports say internal projections show government expects surge in COVID-19 cases"
2020-05-05,"FDA: Antibody test makers must seek EUA, noting 'unscrupulous actors'"
2020-05-04,Why Abbott Shares Rose 16.7% in April
2020-04-30,Los Angeles makes coronavirus testing available
2020-04-30,"The Zacks Analyst Blog Highlights: Cisco, Abbott Laboratories, NextEra Energy, Gilead Sciences and Edwards Lifesciences"
2020-04-30,"Have $3,000 to Invest? Here Are 3 Top Coronavirus Stocks to Buy Right Now."
2020-04-29,"Top Stock Research Reports for Cisco, Abbott, NextEra & Others"
2020-04-29,Labs see bottlenecks in France's plan to scale-up COVID-19 testing
2020-04-28,COVID-19 testing for anyone draws a crowd in hard-hit Detroit
2020-04-28,Why Polen Capital is Bullish on Abbott Laboratories (ABT)
2020-04-27,Abbott Receives Health Canada Authorization under Interim Order to Use FreeStyle® Libre System for Hospitalized Patients During COVID-19 Pandemic
2020-04-26,Italy picks U.S. firm Abbott Laboratories to supply coronavirus blood tests
2020-04-25,The Covid Crisis Will Continue to Slam the Market. But Barron’s Experts Say Stocks Could Gain 15% in 2021.
2020-04-24,"Stocks Could Rise 15% by Mid-2021, Money Managers Say"
2020-04-23,Were Hedge Funds Right About Abbott Laboratories (ABT)?
2020-04-23,Siemens Healthineers joins race to supply coronavirus antibody tests
2020-04-22,"After facing heavy financial losses, hospitals can resume elective surgeries, Newsom says"
2020-04-22,"U.S. Cases Up 3.1%, Below Past Week’s 4.4% Average: Virus Update"
2020-04-22,"Abbot Laboratories: COVID-19 Tests Will Drive Further Growth, 5-Star Analyst Raises Price Target"
2020-04-21,Quest Diagnostics starts antibody testing for coronavirus
2020-04-21,Quest Diagnostics to start testing blood for COVID-19 antibodies
2020-04-20,US Indexes Close Lower Monday
2020-04-20,Medtech Climbs While JPMorgan Warns Fear May Slow Recovery
2020-04-20,Abbott Launches Antibody Test to Detect Coronavirus Infection
2020-04-20,"The next 45 days are the ‘most critical period in U.S. financial history,’ says stock-market expert who profited in 1987 and 2008 crises"
2020-04-18,Abbott Laboratories' 1st-Quarter Results Show Why It's Best of Breed
2020-04-17,Ted Cruz: 'We are going to see human lives lost' if coronavirus shutdowns last for months
2020-04-17,"Coronavirus Stock Market Rally Accelerates As Breakouts Swell; Boeing, Gilead, JPMorgan, Bank Of America, Abbott Labs In Focus"
2020-04-17,"Coronavirus Stock Market Rally Gets Bullish Treatment News; Dow Jones Surges 600 Points; Amazon, Netflix Retreat"
2020-04-17,Steer Clear of Co-Diagnostics Stock and Its Multitude of Red Flags
2020-04-17,"Stock Market News for Apr 17, 2020"
2020-04-17,3 MedTech Stocks Likely to Have Braved Coronavirus Blow in Q1
2020-04-17,"Dow Jones Futures Jump On Gilead, Boeing News: Ride The Coronavirus Stock Market Rally Wave With These Eight Sectors"
2020-04-17,"The Daily Biotech Pulse: Moderna Secures $483M In BARDA Funding, Gilead Remdesivir Data, Veracyte's Positive Pre-Announcement"
2020-04-17,Switzerland's Roche joins race to make coronavirus antibody tests
2020-04-16,US Indexes Close Higher Thursday
2020-04-16,"Dow books slight gain, but Nasdaq jumps 1.7% to wipe out Wednesday’s slump as tech stocks shine"
2020-04-16,IBD Stock Of The Day Breaks Out As Coronavirus Test Seen Adding $1 Billion
2020-04-16,Healthcare ETFs to Gain on Progress in COVID-19 Antibody Tests
2020-04-16,These Highly Rated Medical Stocks Broke Out Under Coronavirus Limelight
2020-04-16,"Dow Closes Slightly Higher on Late Rally, S&P 500 Rebounds as Millions File Jobless Claims"
2020-04-16,Coronavirus Limelight Sends These Bullish Medical Stocks Into Breakouts
2020-04-16,Abbott Labs on Pace to Ship 4 Million Virus-Antibody Test Kits in April
2020-04-16,ABT Stock Notches Another Record High After Earnings
2020-04-16,"Dow Slips, S&P 500 Rebounds as Millions of Americans File for Unemployment"
2020-04-16,"Abbott beats Q1 earnings estimates, suspends 2020 guidance"
2020-04-16,"Abbott beats analysts' first-quarter consensus, suspends guidance for 2020"
2020-04-16,"Coronavirus update: 2.08 million cases worldwide, 138,487 deaths; Trump to unveil guidelines reopening of economy"
2020-04-16,"Coronavirus Stock Market Rally: Dow Jones Erases 200-Point Drop On Jobless Claims; Abbott Labs, Microsoft Break Out"
2020-04-16,Abbott Labs Soars To New High
2020-04-16,Medical Giant Breaks Out As Coronavirus Test Seen Adding $1 Billion In Sales
2020-04-16,Dow Drops as Millions of Americans Seek Unemployment Benefits
2020-04-16,"Abbott (ABT) Beats on Q1 Earnings, Suspends '20 Guidance"
2020-04-16,"Dow Jones Today Lags, Nasdaq Leads Following Jobless Data; A Netflix Price Target Hike; Abbott Labs, Taiwan Semi Earnings"
2020-04-16,Abbott Labs Stock at Cusp of Major Breakout
2020-04-16,"US STOCKS-Wall St set for higher open on lockdown easing hopes, jobless claims"
2020-04-16,"Abbott Laboratories Tops Q1 Earnings Forecast, Pulls 2020 Guidance"
2020-04-16,"Dow Jones Today, Futures Climb Following Jobless Data; A Netflix Price Target Hike; Abbott Labs, Taiwan Semi Earnings"
2020-04-16,Abbott (ABT) Beats Q1 Earnings and Revenue Estimates
2020-04-16,A Crisis Shows the Value of Big Government and Big Business
2020-04-16,Abbott beats profit estimates but suspends forecast on coronavirus concerns
2020-04-16,US STOCKS-Lockdown easing hopes lift futures ahead of jobless claims
2020-04-16,Abbott's stock rises on revenue jump despite COVID-19 hit to business
2020-04-16,Abbott Laboratories Earnings Beats; Coronavirus Test Play Eyes Buy Point
2020-04-16,Recap: Abbott Laboratories Q1 Earnings
2020-04-16,Coronavirus test ramp-up to help Abbott weather 'toughest quarter'
2020-04-16,"Abbott posts 16% fall in profit, suspends 2020 forecast on coronavirus concerns"
2020-04-16,Assessing the Economic Damage Continues as Hope of Reopening the Economy Builds
2020-04-16,Abbott Labs Stock Rises 4%
2020-04-16,Abbott Reports First-Quarter 2020 Results
2020-04-16,Abbott Laboratories to Host Earnings Call
2020-04-16,"US STOCKS-Futures gain ahead of earnings reports, jobless claims"
2020-04-16,"Abbot Labs Rolls Out Coronavirus Antibody Test, Seeks to Produce 20 Million Tests by June"
2020-04-16,"Abbott Labs 1Q Earnings Ahead, But Pulls 2020 Guidance"
2020-04-16,Stocks - U.S. Futures Higher Ahead of Key Jobless Claims Data
2020-04-15,"US, European and Asian Markets Down on Wednesday"
2020-04-15,Global Cases Top 2 Million; Mask Order in New York: Virus Update
2020-04-15,"Fund managers looking at medical tests, Europe, for signs U.S. economy can reopen"
2020-04-15,"Coronavirus update: 2.02 million cases worldwide, 130,528 deaths; Trump move to defund WHO draws rebuke"
2020-04-15,Day Ahead: Top 3 Things to Watch for April 16
2020-04-15,Abbott Labs Virus Tests Lift Stock - What Do the Charts Say Pre-Earnings?
2020-04-15,"Coronavirus update: 2 million cases worldwide, 128,071 deaths; Trump move to defund WHO draws rebuke"
2020-04-15,"Abbott launches COVID-19 antibody test, plans 20 million tests per month by June"
2020-04-15,Abbott Labs Launches Antibody Test for Prior Coronavirus Infections
2020-04-15,Abbott's shares rise as it launches antibody test
2020-04-15,"Abbott launches antibody test for coronavirus, plans to deliver 20 mln tests by June"
2020-04-15,"Abbott Launches Third COVID-19 Test, a Laboratory-Based Antibody Blood Test That Will Ship in the U.S. Starting Tomorrow"
2020-04-15,Abbott Labs Stock Rises 3%
2020-04-14,Buy Abbott (ABT) Stock Ahead of Earnings on Coronavirus Testing Push?
2020-04-14,Abbott Announces Virtual Attendance at Annual Meeting of Shareholders
2020-04-14,Solid Diagnostics to Aid Abbott (ABT) Q1 Earnings Amid Crisis?
2020-04-14,Abbott Labs Stock Rises 3%
2020-04-14,Rewind With Jim Cramer and Stock Market News - April 14
2020-04-13,I See a Way Into Abbott Labs
2020-04-13,Is Abbott A Buy After FDA Blesses Not One — But Two — Coronavirus Tests?
2020-04-13,Will Low Product Revenues Impact Abbott (ABT) Q1 Earnings?
2020-04-11,Income Investors Should Know That Abbott Laboratories (NYSE:ABT) Goes Ex-Dividend Soon
2020-04-10,Companies on the Front Lines of the Coronavirus Fight
2020-04-10,Two Long-Term Values in Drug Stocks
2020-04-09,Earnings Preview: Abbott (ABT) Q1 Earnings Expected to Decline
2020-04-09,Abbott's TriClip™ Becomes First Device of its Kind to Receive CE Mark for Minimally Invasive Tricuspid Valve Repair
2020-04-09,Facebook Is Winning the Pandemic. How to Bet on Its Renewed Dominance.
2020-04-09,How to Bet on Facebook Stock’s Renewed Dominance
2020-04-09,Betting on Facebook’s Renewed Dominance With Options
2020-04-08,Abbott Labs Stock Rises 3%
2020-04-08,Abbott's FreeStyle® Libre 14 Day System Now Available in U.S. for Hospitalized Patients with Diabetes During COVID-19 Pandemic
2020-04-08,"Investing Strategies: DocuSign CEO Insights, Medical Sector Update, E-Commerce Explosion Amid Coronavirus"
2020-04-08,"Medical Sector In Focus Amid Testing, Treatment & Vaccine Efforts"
2020-04-07,Abbott (ABT) Dips More Than Broader Markets: What You Should Know
2020-04-07,Walgreens expanding its COVID-19 testing in seven states
2020-04-07,President Trump has singled out these companies for their coronavirus response
2020-04-07,Walgreens to expand drive-through COVID-19 testing sites
2020-04-06,Healthcare Stocks & ETFs to Gain on Coronavirus Test Progress
2020-04-06,Abbott Labs Stock Rises 3%
2020-04-06,BD Gets EUA for New Test to Combat the Coronavirus Crisis
2020-04-06,CVS to launch two new drive-through COVID-19 testing sites
2020-04-05,3 Coronavirus Stocks That Could Lead the Market to Recovery
2020-04-05,"Trump Warns of ‘Horrendous’ Phase, Many Fatalities: Virus Update"
2020-04-04,How a World Marathon Day would bring us miles closer to recovery from the coronavirus pandemic
2020-04-04,Amazon in talks with coronavirus test makers 
2020-04-04,Exclusive: Amazon in contact with coronavirus test makers for potential screenings on employees
2020-04-04,Exclusive: Amazon in contact with coronavirus test makers as it plans pandemic response
2020-04-03,"Abbott Labs Gains From Covid-19 Test, but There’s Bad News, Too"
2020-04-02,Fox News host asks a doctor about the government’s coronavirus response — some say his answer might have cost him a return appearance
2020-04-02,Recovering From the Coma
2020-04-02,Global Infections Top 1 Million; N.Y. Cases Rise: Virus Update
2020-04-02,Cuomo: Rapid tests could be a way to get people back to work
2020-04-02,Fox News host asks doctor about the government’s coronavirus response — he ‘won’t be invited back’
2020-04-02,Detroit To Be The First City To Roll Out Abbott's 5-Minute Coronavirus Tests
2020-04-02,Abbott Labs Stock Rises 3%
2020-04-02,"Detroit to be first to deploy Abbott Labs&#039; 5-minute COVID-19 test, mayor says"
2020-04-01,The great Trump testing scam
2020-04-01,"CORRECTED-Becton Dickinson, BioMedomics launch test to detect past, current coronavirus exposure"
2020-04-01,'No one in their right minds would want to be where we are now:' Former Obama official
2020-04-01,"Becton Dickinson, BioMedomics launch test to detect past, current coronavirus exposure"
2020-03-31,"Jim Cramer: Abbott's 5-Minute Covid-19 Test Is a Big Win, but the War Wages On"
2020-03-31,5-minute coronavirus test deployed at Bay Area urgent care clinics
2020-03-31,Healthcare ETFs Gain on Rising Demand for COVID-19 Tests
2020-03-31,States should give businesses the flexibility to reopen amid coronavirus pandemic
2020-03-31,Abbott (ABT) in Focus: Stock Moves 6.4% Higher
2020-03-31,Abbott (ABT) Rides on Point-of-Care Coronavirus Test Launch
2020-03-31,Here's Why You Should Hold on to Abbott (ABT) Stock for Now
2020-03-31,"Stock Market News for Mar 31, 2020"
2020-03-31,U.S. FDA authorizes use of new two-minute test kit for coronavirus
2020-03-31,Local biotech helps Beth Israel's little lab ramp up COVID-19 testing
2020-03-31,Abbott Laboratories Stock Is Heating Up. Here’s How to Play It With Options.
2020-03-30,A Smart Plan to End the U.S. Lockdown Arrives Just in Time
2020-03-30,US Indexes Close Higher Monday
2020-03-30,"Stock investors are too optimistic — they’re running up Abbott, Johnson & Johnson and General Motors without doing any research"
2020-03-30,Stay-at-Home Orders Expand; J&J in Vaccine Deal: Virus Update
2020-03-30,Stocks Gained Today as Another State Issued a Stay-at-Home Order
2020-03-30,Markets May Have Found What They're Looking For
2020-03-30,"US STOCKS-Wall Street rallies, led by healthcare jump"
2020-03-30,Abbott Labs Surges After FDA Authorizes 5-Minute Coronavirus Test
2020-03-30,Wall Street Gains on Monday
2020-03-30,US STOCKS-Wall St gains as U.S. extends shutdown to limit virus spread
2020-03-30,PreMarket Prep Stock Of The Day: Abbott Labs
2020-03-30,Abbott Stock Soars on News of 5-Minute Test for Covid-19
2020-03-30,Abbott Labs Passes Our Test
2020-03-30,US STOCKS- Wall St gains as U.S. extends shutdown to limit virus spread
2020-03-30,Abbott Labs Shares Surge After FDA Approves 'Five Minute' Coronavirus Test
2020-03-30,How to Trade Abbott Labs After FDA Approves Coronavirus Test
2020-03-30,4 MedTech Stocks Set to Rebound Post Coronavirus-Led Crisis
2020-03-30,"Dow Jones Climbs 500 Points, As Stock Market Correction Continues; U.S. Coronavirus Cases Top 145,000"
2020-03-30,Five-Minute Coronavirus Tests Will Aid Every Stage of the Fight
2020-03-30,Luminex (LMNX) Receives EUA for Coronavirus Detection Test
2020-03-30,"Dow Jones Climbs 300 Points, As Stock Market Correction Continues; U.S. Coronavirus Cases Top 144,000"
2020-03-30,US STOCKS-Wall St gains as investors weigh stimulus against shutdown
2020-03-30,Abbott Surges After Unveiling Five-Minute Coronavirus Test
2020-03-30,"Dow Jones Today, Climb On Coronavirus News, Spending; Johnson & Johnson, Abbott Labs Jump"
2020-03-30,"Stocks - Abbott, J&J Rise in Premarket on Covid-19 Treatment Hopes"
2020-03-30,4 Stocks Countering Coronavirus Battle With Testing Kits
2020-03-30,US STOCKS-Wall St set to open higher as investors weigh stimulus against shutdown
2020-03-30,"Dow Jones Today, Futures Rise As Coronavirus News Drives Premarket; Johnson & Johnson, Abbott Labs Jump"
2020-03-30,U.S. Stocks Are Rising in Quieter Trading
2020-03-30,US STOCKS-Futures creep higher as U.S. heads for longer shutdown
2020-03-30,"Q2 Earnings Expectations, 4 Key Economic Questions, Trading Abbott Labs"
2020-03-30,Covid-19 Hospitalizations Rise in U.S. as Global Million-Case Mark Nears
2020-03-30,The Stock Market Is Calmer Today. Abbott Labs and GM Are Jumping.
2020-03-30,FDA EUA for Coronavirus Tests Boosts MedTech: 3 Stocks in Focus (Revised)
2020-03-29,My 2 Favorite Medical Device Stocks to Own
2020-03-29,Do You Like Abbott Laboratories (NYSE:ABT) At This P/E Ratio?
2020-03-28,Abbott Labs releases coronavirus test system that has results in 5 minutes
2020-03-28,Trump Mulls Metro NYC Quarantine; U.K. Cases Surge: Virus Update
2020-03-28,Abbott's 5-Minute Coronavirus Test Gets Emergency Use Approval From FDA
2020-03-28,Abbott Labs To Launch Point-Of-Care Test That Can Detect Coronavirus Within 5 Minutes
2020-03-28,Abbott wins U.S. approval for test that can detect coronavirus in minutes
2020-03-27,Abbott Labs receives FDA approval for rapid COVID-19 test
2020-03-27,FDA greenlights COVID-19 point-of-care test
2020-03-27,Abbott Launches Molecular Point-of-Care Test to Detect Novel Coronavirus in as Little as Five Minutes
2020-03-27,Is Abbott A Buy After Gaining FDA Blessing For Its Coronavirus Test?
2020-03-27,FDA EUA for Coronavirus Tests Boosts MedTech: 3 Stocks in Focus
2020-03-27,"552,000 coronavirus tests have been performed in the US"
2020-03-26,Abbott Labs Stock Rises 6%
2020-03-25,HRC vs. ABT: Which Stock Is the Better Value Option?
2020-03-25,Abbott Labs Stock Rises 3%
2020-03-25,PerkinElmer (PKI) Receives EUA for Coronavirus Detection Test
2020-03-25,"You can be ‘practically stealing’ quality stocks now, according to Jefferies"
2020-03-25,OPKO's BioReference Laboratories Widens COVID-19 Testing (Revised)
2020-03-24,OPKO's BioReference Laboratories Widens COVID-19 Testing
2020-03-23,Abbott Labs Stock Falls 4%
2020-03-22,"CDC, public health labs have tested at least 66,371 Americans for coronavirus"
2020-03-21,"CDC, public health labs have tested at least 54,205 Americans for coronavirus"
2020-03-20,"Abbott shipping 150,000 COVID-19 tests, plans to produce 1 million per week"
2020-03-20,"CDC, public health labs performed at least 44,000 COVID-19 tests"
2020-03-20,Abbott Labs Stock Falls 3%
2020-03-19,"Coronavirus update: 237,996 cases, 9,819 deaths, GE Healthcare to boost manufacturing of ventilators"
2020-03-19,Edwards Lifesciences: A Leader in an Economically Attractive and Rapidly Growing Niche
2020-03-19,Abbott Labs Gets FDA Emergency Nod for Coronavirus Tests
2020-03-19,"Coronavirus update: 222,642 cases, 9,115 deaths, GE Healthcare to boost manufacturing of ventilators"
2020-03-19,Abbott Launches Coronavirus Detection Test After FDA Gives EUA
2020-03-19,Abbott Hosts Conference Call for First-Quarter Earnings
2020-03-19,REFILE-Africa coronavirus cases to rise as some escape detection -Africa CDC head
2020-03-19,CORRECTED-Israel OKs use of generic AbbVie drug to treat coronavirus despite patent
2020-03-19,"CDC, public labs have conducted 37,824 COVID-19 tests"
2020-03-18,"U.S. approves Abbott coronavirus test; company set to ship 150,000"
2020-03-18,Abbott Labs gets FDA green light to ship coronavirus tests
2020-03-18,Abbott Receives FDA Emergency Use Authorization and Launches Test to Detect Novel Coronavirus
2020-03-18,Abbott (ABT) Stock Moves -0.29%: What You Should Know
2020-03-13,This Medical Giant Was Socked In February — Is Its Stock A Safe Bet?
2020-03-13,Abbott Labs Stock Rises 4%
2020-03-11,"The Zacks Analyst Blog Highlights: Medtronic, Boston Scientific and Abbott Laboratories"
2020-03-10,"Coronavirus Ails S&P 500 Index, MedTechs Bear the Brunt"
2020-03-09,HRC vs. ABT: Which Stock Should Value Investors Buy Now?
2020-03-09,Neovasc (NVCN) Releases Update on Reducer and Tiara Products
2020-03-09,Does Abbott Laboratories's (NYSE:ABT) Share Price Gain of 80% Match Its Business Performance?
2020-03-07,Hedge Funds Have Never Been This Bullish On Abbott Laboratories (ABT)
2020-03-05,Abbott (ABT) Stock Moves -1.91%: What You Should Know
2020-03-05,Quest Diagnostics Gains After Coronavirus Testing News
2020-03-05,Abbott Aims to Optimize TAVI Implants with European Approval of FlexNav™ Delivery System for the Company's Portico™ Valve
2020-03-05,Abbott Labs Stock Falls 3%
2020-03-04,UnitedHealth soars in wake of Joe Biden’s Super Tuesday victory
2020-03-04,Coronavirus Spreads Rapidly Worldwide: Medtech Stocks in Focus
2020-03-04,Abbott Labs Stock Rises 4%
2020-03-03,Abbott Labs Stock Falls 3%
2020-03-02,Abbott Labs Stock Rises 3%
2020-02-28,"The Zacks Analyst Blog Highlights: Abbott Laboratories, Myriad Genetics, LabCorp, QIAGEN and Thermo Fisher"
2020-02-28,Abbott Labs Stock Falls 3%
2020-02-25,Abbott Labs Stock Falls 3%
2020-02-24,Abbott's Alliance With Insulet to Fortify Diabetic Care Unit
2020-02-24,Abbott Labs Stock Falls 3%
2020-02-21,Mairs and Power: Top 4th-Quarter Trades
2020-02-21,Insulet Partners With Abbott and DexCom On Diabetes
2020-02-21,Abbott (ABT) Down 2.5% Since Last Earnings Report: Can It Rebound?
2020-02-21,Abbott Declares 385th Consecutive Quarterly Dividend
2020-02-21,This Medical Giant Slipped Below A Buy Zone — Should You Bet On It?
2020-02-20,New Real-World Data Show that Abbott's FreeStyle Libre System Delivers Positive Health Outcomes for People with Type 1 and Type 2 Diabetes
2020-02-19,Abbott Laboratories: Why Adding More of This Health Care Giant Makes Sense
2020-02-19,Abbott and Insulet Partner to Integrate Next-Generation Glucose Sensing and Automated Insulin Delivery Technologies for Seamless Diabetes Care
2020-02-18,"Abbott Introduces Next-Generation Heart Rhythm Management Devices in Europe, Featuring State-of-the-Art Patient App and Bluetooth Connectivity"
2020-02-17,Should You Think About Buying Abbott Laboratories (NYSE:ABT) Now?
2020-02-14,This Leading Diabetes Stock Just Launched Into A Profit-Taking Zone
2020-02-12,This Medical Giant Is Lingering In A Buy Zone — Are Shares A Good Bet?
2020-02-11,Novacyt biotech company says winning race for high-speed virus test
2020-02-10,FOCUS-Countries rush to build diagnostic capacity as coronavirus spreads
2020-02-06,J&J Brand Most Valuable Among Pharmaceutical Companies
2020-02-06,Not Finding ETFs In Buy Areas? Here's One That Beats The S&P 500
2020-02-06,"Three Trends for 2020- Dividend Growth, Sustainable Impact and the Election"
2020-02-05,"Medical Products Stock Feb 6 Earnings Roster: BDX, CAH & More"
2020-02-04,Time To Appreciate This Cheap Vanguard Dividend ETF
2020-02-03,Abbott Announces First-of-Its-Kind Trial to Assess New Therapy Option for People at Risk of Stroke
2020-02-01,India raises import taxes in move set to spook some foreign firms
2020-01-30,Apple’s Success Reversing Patent Cases May Dim CalTech’s Win
2020-01-30,These 4 Biotech Stocks Are the Silver Lining on the Wuhan Coronavirus
2020-01-29,Joel Greenblatt: Is There Still an Edge to Be Found in the Market?
2020-01-29,Edited Transcript of ABT earnings conference call or presentation 22-Jan-20 2:30pm GMT
2020-01-28,How Alameda — again — became a biotech hotspot
2020-01-28,Should You Care About Abbott Laboratories’s (NYSE:ABT) Investment Potential?
2020-01-24,Abbott Receives Expanded Indication From the U.S. FDA for Directional Deep Brain Stimulation System to Treat Parkinson's Disease
2020-01-23,"The Daily Biotech Pulse: Roche Reports Positive SMA Data Readout, Vir Biotech To Work On Virus Treatment"
2020-01-23,This Medical Giant Just Topped An Entry — Should You Buy ABT Stock Now?
2020-01-22,ABT Options Traders Pour In as Stock Hits New High
2020-01-22,This local regenerative medicine company is plotting its IPO
2020-01-22,Health stocks reverse coronavirus gains as one analyst says the market is overreacting
2020-01-22,Abbott beats revenue projections as sales outperform previous year
2020-01-22,Abbott hits all-time high on quarterly revenue beat
2020-01-22,Breaking Q4 Earnings News
2020-01-22,Incoming Abbott CEO says not looking to do any deals
2020-01-22,"Chicago Econ Numbers & More Q4 Earnings: JNJ, ABT, FITB"
2020-01-22,"Abbott (ABT) Q4 Earnings Match Estimates, Revenues Beat Mark"
2020-01-22,Health Giant Abbott Labs Beats Fourth-Quarter Sales Views And Rises In Buy Zone
2020-01-22,"Dow Trades Higher as IBM Jumps, S&P 500 and Nasdaq&nbsp;Set Record Highs"
2020-01-22,Abbott (ABT) Meets Q4 Earnings Estimates
2020-01-22,Shares of Abbott Labs are up 1%; sales are up 7%
2020-01-22,"Drug, nutrition product sales power Abbott's revenue beat"
2020-01-22,"Abbott Laboratories Earnings Meet, Sales Top; ABT Stock Rises In Buy Zone"
2020-01-22,Dow Holds Higher but Loses Momentum as Boeing Falters
2020-01-22,"Dow Gets Lift From IBM, S&P 500 and Nasdaq Hit Records"
2020-01-22,"Abbott Labs Hits Mark on Fourth-Quarter Earnings, Boosts Guidance"
2020-01-22,"Abbott Labs Earnings inline, Revenue Beats In Q4"
2020-01-21,Q4 Earnings Preview: Abbott Laboratories
2020-01-21,Abbott Laboratories Could Climb to the $107 Area Next
2020-01-20,"The Week Ahead In Biotech: Focus On Epizyme, Merck Ahead Of PDUFA Dates, J&J To Kickstart Big Pharma Earnings"
2020-01-20,Can Abbott (ABT) Q4 Earnings Ride on Growth in All Lines?
2020-01-20,"As the stock market races to uncharted territory, ‘irrationally bullish’ investors are getting nervous"
2020-01-19,Why ‘irrationally bullish’ investors are getting nervous as the stock market races to uncharted territory
2020-01-18,Stock-market momentum is driving Wall Street to uncharted territory — and that’s making even ‘irrationally bullish’ investors nervous
2020-01-18,How Alibaba and Tencent Brought Mobile Payments to Chinese New Year
2020-01-17,Diabetes Management Gains FDA Attention: 3 Stocks in Focus
2020-01-17,"3 Big Stock Charts for Friday: IBM, Abbott Labs, and FuelCell Energy"
2020-01-16,3 Medical Product Stocks Set to Beat This Earnings Season
2020-01-15,Abbott (ABT) Reports Next Week: Wall Street Expects Earnings Growth
2020-01-14,7 Dividend ETFs That Offer Growth in 2020
2020-01-13,The Funded: Rush of healthcare fundings as big S.F. conference gets underway
2020-01-13,Abbott to Initiate Trial to Study MitraClip as an Option for Moderate Surgical Risk Patients
2020-01-10,IBD Stock Of The Day Dexcom Is Breaking Out To A Record High — Here's Why
2020-01-08,Abbott Laboratories CFO to retire in February
2020-01-08,This Medical Giant Tried To Break Out — Should You Buy ABT Stock Now?
2020-01-08,Abbott's Less-Invasive Surgery for Heart Pump Gets FDA Nod
2020-01-08,A Look At The Intrinsic Value Of Abbott Laboratories (NYSE:ABT)
2020-01-07,Abbott gets FDA approval for less-invasive heart pump implant procedure
2020-01-07,FDA Approves Less Invasive Surgical Approach for Abbott's Heart Pump to Help Patients Avoid Open Heart Surgery
2020-01-02,Abbott Hosts Conference Call for Fourth-Quarter Earnings
2020-01-02,The Dow Rockets Higher as Beijing Moves to Speed Up Growth. China-Related Stocks Are Rising
2019-12-30,Court orders Boston Scientific to complete $275M acquisition
2019-12-30,"The Zacks Analyst Blog Highlights: Facebook, Alibaba, Mastercard, Abbott Laboratories and Philip Morris International"
2019-12-30,"The Zacks Analyst Blog Highlights: AbbVie, Abbott Labs, Allergan, Johnson & Johnson and Merck"
2019-12-27,Abbott Laboratories (ABT) vs. Hedge Fund Favorites in 2019
2019-12-27,3 Dividend-Paying Large Cap Pharma Stocks to Consider for 2020
2019-12-27,"Top Stock Reports for Facebook, Alibaba & Mastercard"
2019-12-20,"LifeScan Global Corporation -- Moody's revises LifeScan's outlook to negative, affirms B2 CFR"
2019-12-19,Does Abbott Laboratories (NYSE:ABT) Create Value For Shareholders?
2019-12-18,Abbott (ABT) Dips More Than Broader Markets: What You Should Know
2019-12-14,Animal-Care Provider Zoetis and 6 More Companies Are Raising Dividends
2019-12-13,Urbem's 'Wonderful Business' Series: Bioventix
2019-12-13,Abbott Labs raises quarterly dividend by 12.5% to 36 cents a share
2019-12-13,"Abbott Raises Quarterly Dividend 12.5%, Increasing Payouts for 48 Straight Years"
2019-12-11,Aung San Suu Kyi defends Myanmar against genocide claims in UN court
2019-12-09,Abbott (ABT) Dips More Than Broader Markets: What You Should Know
2019-12-05,Abbott Is One Of The Biggest Medical Stocks — Should You Buy ABT Stock Now?
2019-12-04,Money in Medicine: These drug and device companies paid the most to D.C. doctors in 2018​
2019-12-02,Abbott (ABT) Dips More Than Broader Markets: What You Should Know
2019-11-30,Hedge Funds Have Never Been This Bullish On Abbott Laboratories (ABT)
2019-11-28,What To Know Before Buying Abbott Laboratories (NYSE:ABT) For Its Dividend
2019-11-28,Digital Diabetes Management Gains Momentum: 3 Stocks in Focus
2019-11-26,"The Zacks Analyst Blog Highlights: Abbott, Philip Morris, Lowe's, Equinix and Kinder Morgan"
2019-11-25,"Top Analyst Reports for Abbott, Philip Morris & Lowe's"
2019-11-25,Here is 16th Most Popular Stock Among 752 Hedge Funds
2019-11-19,"Mairs and Power Sells UPS, Abbott Labs"
2019-11-16,UPDATE 1-Stents no better than drugs for many heart patients -U.S. study
2019-11-16,Stents no better than drugs for many heart patients -U.S. study
2019-11-15,Abbott (ABT) Up 2.1% Since Last Earnings Report: Can It Continue?
2019-11-14,A Fresh Look at Abbott Labs Still Shows a Long-Term Uptrend in Place
2019-11-13,Medtech Giant Elects New CEO As 21-Year Veteran Steps Down
2019-11-13,Abbott CEO Miles White Steps Down
2019-11-13,Abbott Labs CEO White to step down after 21 years
2019-11-13,Abbott Labs Chooses an Insider to Be Its New CEO
2019-11-13,UPDATE 2-Abbott CEO Miles White to step down next year
2019-11-13,Abbott Laboratories CEO Miles White to step down after 2 decades in charge
2019-11-13,Abbott CEO Miles White to step down next year
2019-11-13,"Abbott Announces Robert B. Ford to Succeed Miles D. White as Chief Executive Officer on March 31, 2020"
2019-11-13,"[video]Abbott Labs Taps Operating Chief Robert Ford as CEO, Succeeding Miles White"
2019-11-13,Abbott Labs Taps Operating Chief Robert Ford as New CEO
2019-11-12,Abbott Ireland Financing DAC -- Moody's assigns A3 ratings to Abbott's unsecured euro note offering
2019-11-07,IBD Stock Of The Day Breaks Out To Record High After Crushing Earnings Views
2019-11-07,The Bond Market’s BBB Team Is Losing Members. Here’s Why That Matters.
2019-11-06,"Medical Products' Nov 7 Earnings Roster: ABC, CAH & More"
2019-11-06,"Abbott Announces Discovery of New Strain of HIV, Keeping Global Health Community a Step Ahead of the Virus"
2019-11-06,Abbott Laboratories (NYSE:ABT) Seems To Use Debt Rather Sparingly
2019-11-04,UPDATE 2-FDA classifies Abbott's blood pumping system recall as most serious
2019-11-04,FDA classifies Abbott's blood pumping system recall as most serious
2019-11-04,3 Medical Product Stocks Likely to Beat This Earnings Season
2019-10-30,"Medical Instruments' Oct 31 Earnings Roster: IDXX, ABMD & More"
2019-10-29,"McDonald's, AbbVie nab 2019 Chicago Innovation Awards"
2019-10-29,"Medical Products' Oct 30 Earnings Roster: MCK, MASI & More"
2019-10-24,Abbott Labs Has Concocted a Way to Advance Further
2019-10-23,"Medical Products' Oct 24 Earnings Roster: BAX, CERN & More"
2019-10-23,Here's Why You Should Hold on to Abbott (ABT) Stock for Now
2019-10-22,"Beating the Street: The Art, Science and Legwork of Investing"
2019-10-22,"Medical Products' Earnings Roster for Oct 23: TMO, BSX & More"
2019-10-22,Medical Products Industry Outlook: Prospects Seem Promising
2019-10-22,Here's Why We Think Abbott Laboratories (NYSE:ABT) Is Well Worth Watching
2019-10-21,The Australian Red Cross Blood Service Selects Abbott's Alinity s Solution for Blood and Plasma Screening
2019-10-18,3 Medical Product Stocks Likely to Beat This Earnings Season
2019-10-18,Edited Transcript of ABT earnings conference call or presentation 16-Oct-19 1:00pm GMT
2019-10-16,Investors Shrug Off Abbott's Mixed Report; Stock Bounces Off 200-Day Line
2019-10-16,How Abbott Stock Reacted to the Company’s Q3 Results
2019-10-16,T Rowe Price Equity Income Fund's Top 5 Buys in the 3rd Quarter
2019-10-16,"5 Top Stock Trades for Thursday: ADBE, NFLX, ABT"
2019-10-16,"[video]Stocks End Down as Trade War Fears, Weak Retail Sales Overshadow Strong Earnings"
2019-10-16,"Abbott Labs, GM, MGM, Berkshire Hathaway, Intel: Stocks to Watch"
2019-10-16,"Abbott (ABT) Meets Q3 Earnings Estimates, Lowers EPS Guidance"
2019-10-16,"[video]Stocks Waver as Trade War Concerns, Weak Retail Sales Overshadow Strong Earnings"
2019-10-16,"Abbott Labs, GM, MGM, Berkshire Hathaway, Intel: Companies to Watch"
2019-10-16,Will This Medical Giant Sacrifice Its Flat Base On Soft Quarterly Sales?
2019-10-16,"[video]Dow Wavers as Trade War Worries, Weak Retail Sales Overshadow Strong Earnings"
2019-10-16,"Abbott Stock Dives On Shy Third-Quarter Sales, But Earnings Meet Views"
2019-10-16,Abbott (ABT) Meets Q3 Earnings Estimates
2019-10-16,"[video]Dow Swings Higher Amid Trade War Worries, Weak U.S. Retail Sales"
2019-10-16,Abbott Laboratories Reports Mixed Q3 Earnings
2019-10-16,Abbott revenue misses as heart devices eclipse diabetes gains
2019-10-16,"Abbott Labs stock falls after profit matches expectations, sales comes up a bit shy"
2019-10-16,Abbott Reports Third-Quarter 2019 Results
2019-10-16,"[video]Stocks Waver on Renewed Trade War Worries, Weak U.S. Retail Sales"
2019-10-16,Abbott Laboratories to Host Earnings Call
2019-10-16,"[video]Stocks Slide on Renewed Trade War Worries, Weak U.S. Retail Sales"
2019-10-16,Abbott Laboratories Narrows 2019 Profit Guidance After In-Line Q3 Earnings
2019-10-16,"Abbott Labs Earnings inline, Revenue Misses In Q3"
2019-10-15,Abbott Partnership Helps One Medtech Stock To Pop — As Another Dives
2019-10-15,DexCom Falls After Rival Tandem Teams With Abbott for Insulin Pump
2019-10-15,Options Red-Hot Ahead of Abbott Earnings
2019-10-15,Can Structural Heart Strength Aid Abbott (ABT) Q3 Earnings?
2019-10-15,Medical Devices Stock Rockets After Snagging An Abbott Partnership
2019-10-15,Abbott Labs Rises 3%
2019-10-15,Abbott Forms Alliance With Omada Health for Diabetes Care
2019-10-15,Abbott Labs gets authorization for $3 billion in additional buybacks
2019-10-15,Abbott and Tandem Diabetes Care Exploring New Integrated Solutions to Improve Diabetes Management
2019-10-15,"Canadians Indicate Growing Concern About Road Safety at One-Year Anniversary of Recreational Cannabis Legalization, New Survey Finds"
2019-10-15,Abbott Laboratories Gets OK for Added $3 Billion of Stock Buybacks
2019-10-14,Can Balanced Segmental Growth Aid Abbott (ABT) Q3 Earnings?
2019-10-14,Exclusive: Abbott Labs sets timeline for $17M expansion in Tipp City
2019-10-14,Abbott and Omada Health Partner to Offer Integrated Digital Health and Coaching Experience for People with Type 2 Diabetes
2019-10-13,"Trade war pause, retail sales, bank earnings – What to know in the week ahead"
2019-10-11,Abbott (ABT) Stock Sinks As Market Gains: What You Should Know
2019-10-09,Abbott (ABT) Earnings Expected to Grow: What to Know Ahead of Next Week's Release
2019-10-08,Were Hedge Funds Right About Abandoning Abbott Laboratories (ABT)?
2019-10-08,Abbott Labs Falls 3%
2019-10-08,Axonics (AXNX) Upbeat on Results of Its ARTISAN-SNM Study
2019-10-07,Why This High-Ranking Medical Stock Can't Seem To Get Traction
2019-10-07,Is It Worth Considering Abbott Laboratories (NYSE:ABT) For Its Upcoming Dividend?
2019-10-06,Top 5 Recession Stocks
2019-10-04,Abbott (ABT) Gains But Lags Market: What You Should Know
2019-10-04,Here's What Abbott Laboratories's (NYSE:ABT) P/E Is Telling Us
2019-10-02,Abbott (ABT) Gets FDA Nod for New Troponin-I Blood Test
2019-10-02,Medtronic Upbeat on Drug-Eluting Stents in Patients With DAPT
2019-10-02,Abbott Labs Falls 3%
2019-10-01,Abbott (ABT) Gets FDA Nod for Spinal Cord Stimulation System
2019-09-29,"Late-Breaking Data Shows Abbott's MitraClip™ is Cost Effective, Increases Life Expectancy and Improves Quality of Life"
2019-09-28,New Data Demonstrate Strong Outcomes for Abbott Device to Repair Leaky Tricuspid Heart Valves
2019-09-26,Abbott (ABT) Stock Moves -0.24%: What You Should Know
2019-09-26,"CHS, other Tennessee hospitals file lawsuit against opioid companies"
2019-09-26,"Saint Thomas, CHS hospitals file lawsuit against opioid companies"
2019-09-26,"FDA Approves Abbott's ""Low Dose,"" Recharge-Free Spinal Cord Stimulation System with up to Ten Year Battery Life* for People Living with Chronic Pain"
2019-09-25,U.S. FDA Clears Abbott's High Sensitivity Troponin-I Blood Test That Aids Doctors in Diagnosing Heart Attacks Faster and More Accurately
2019-09-24,quot;Healthyquot; Dividend Aristocrats: 6 Great Health-Care Dividends
2019-09-23,"3 Big Stock Charts for Monday: MSCI, Macerich and Abbott Laboratories"
2019-09-20,"CGM Devices Gain Steam, Set New Trend in Diabetes Management"
2019-09-20,"Buried: Rising student loan debt in Arizona affects businesses, economy"
2019-09-19,"If You Had Bought Abbott Laboratories (NYSE:ABT) Stock Three Years Ago, You Could Pocket A 100% Gain Today"
2019-09-18,Abbott Hosts Conference Call for Third-Quarter Earnings
2019-09-18,Abbott Receives European Nod for Pediatric Heart Devices
2019-09-17,Abbott Announces European Approval of Two Life-saving Heart Devices for Babies and Children
2019-09-17,Abbott Partners With Sanofi to Upgrade Diabetes Management
2019-09-16,Abbott (ABT) Dips More Than Broader Markets: What You Should Know
2019-09-16,Abbott Named the Industry Leader in Sustainability for the Seventh Consecutive Year on the Dow Jones Sustainability Index (DJSI)
2019-09-16,Abbott's (ABT) FreeStyle Libre Gains Canadian Reimbursement
2019-09-16,Abbott and Sanofi Partner to Integrate Glucose Sensing and Insulin Delivery Technologies to Help Change the Way Diabetes is Managed
2019-09-15,Startup uses remittances to remove 'time and distance' from health care
2019-09-13,Abbott's Revolutionary FreeStyle® Libre System Now Reimbursed in the Two Largest Provinces in Canada
2019-09-12,Abbott Declares 383rd Consecutive Quarterly Dividend
2019-09-11,Pharma Stock Calls Could Double Fast
2019-09-11,Abbott Sees Hammer Chart Pattern: Time to Buy?
2019-09-10,Abbott (ABT) Stock Sinks As Market Gains: What You Should Know
2019-09-10,"Notable Tuesday Option Activity: INTU, ABT, EW"
2019-09-10,Abbott Announces New Data That Shows Artificial Intelligence Technology Can Help Doctors Better Determine Which Patients are Having a Heart Attack
2019-09-10,Abbott Labs Falls 3%
2019-09-09,Abbott (ABT) Launches Pivotal Trial TRILUMINATE in the US
2019-09-09,"Ministry of Health of Rwanda, Society for Family Health Rwanda and Abbott Launch Pioneering Model of Primary Health Care Service Delivery in Rwanda"
2019-09-06,He's Back and He's Hydrated: Abbott and NFL Star Odell Beckham Jr. Partner for Pedialyte®
2019-09-05,"MTUM, DIS, AMT, ABT: Large Outflows Detected at ETF"
2019-09-04,Does Abbott Laboratories's (NYSE:ABT) CEO Salary Compare Well With Others?
2019-09-03,"Medtronic, Other Medtech Providers Could Face Additional Tariffs"
2019-09-03,How one company is working to improve equality in the STEM world
2019-09-03,Here's Why You Should Hold on to Thermo Fisher (TMO) for Now
2019-09-03,5 Cancer-Fighting Stocks to Add to Your Portfolio
2019-08-31,Is Dexcom a Buy?
2019-08-28,Abbott (ABT) Outpaces Stock Market Gains: What You Should Know
2019-08-27,Should You Buy AbbVie for the Dividend?
2019-08-27,"Notable ETF Outflow Detected - XLV, MRK, PFE, ABT"
2019-08-27,"Health Care Sector Update for 08/27/2019: NVTR, CTLT, JNJ, PFE, ABT, MRK, AMGN"
2019-08-27,Here's Why You Should Add Abbott (ABT) to Your Portfolio
2019-08-27,Abbott's (ABT) TRACK-TBI Study Reveals Encouraging Results
2019-08-26,Has Abbott Laboratories (ABT) Outpaced Other Medical Stocks This Year?
2019-08-26,Abbott (ABT) Upgraded to Buy: What Does It Mean for the Stock?
2019-08-26,"New Study Finds Abbott's Blood Test Technology Could Help Detect Brain Injury Quickly, Even if CT Scan is Normal"
2019-08-26,"Together, We Can Increase the Number of Women in STEM: Here is a Tool to Help Companies Get Started"
2019-08-25,3 Fantastic Stocks for Low-Risk Investors
2019-08-23,Strategic Value Investing: Estimates of Cash Flows
2019-08-23,Abbott Labs Falls 3%
2019-08-23,Abbott (ABT) Dips More Than Broader Markets: What You Should Know
2019-08-22,Abbott (ABT) Dips More Than Broader Markets: What You Should Know
2019-08-22,"Abbott's Libre Adoption a Positive, Rhythm Management a Woe"
2019-08-22,"The Zacks Analyst Blog Highlights: Home Depot, Abbott, Bristol-Myers, Activision and Marathon"
2019-08-22,Why Did Medtronic's Stock Grow Around 20% Over The Last 2 Years?
2019-08-21,"Top Stock Reports for Home Depot, Abbott & Bristol-Myers"
2019-08-21,"Tandem Diabetes Rides on t:slim X2 Uptake, Product Pipeline"
2019-08-21,FDA OKs Medtronic's Evolut TAVR New Indication for Low Risk
2019-08-21,3 Top Diabetes Stocks to Watch in August
2019-08-20,Here's Why You Should Hold Onto IDEXX (IDXX) Stock for Now
2019-08-20,Have Insiders Been Selling Abbott Laboratories (NYSE:ABT) Shares?
2019-08-19,"Notable ETF Inflow Detected - XLV, ABT, MDT, TMO"
2019-08-16,"Health Care Sector Update for 08/16/2019: ARAY, TTOO, JNJ, PFE, ABT, MRK, AMGN"
2019-08-16,Abbott (ABT) Down 4.4% Since Last Earnings Report: Can It Rebound?
2019-08-15,S&P 500 Analyst Moves: ABT
2019-08-14,Abbott Labs Falls 3%
2019-08-14,Abbott and Intoximeters Partner to Keep Roads Safer by Bringing Together Industry-leading Technology for Drug and Alcohol Testing
2019-08-14,"Zacks.com featured highlights include: Abbott Laboratories, Baxter International, First Horizon National, OUTFRONT Media and ICF International"
2019-08-13,MMM a Top Socially Responsible Dividend Stock With 3.5% Yield
2019-08-13,5 Stocks Trading Near 52-Week High With More Room to Run
2019-08-12,"Health Care Sector Update for 08/12/2019: NVAX, SXTC, JNJ, PFE, ABT, MRK, AMGN"
2019-08-10,Abbott Laboratories (ABT) Executive Vice President & CFO Brian B Yoor Sold $3. ...
2019-08-06,Why Insulet's Shares Are Rocketing 20.8% Higher Today
2019-08-06,Is Abbott Laboratories (ABT) Outperforming Other Medical Stocks This Year?
2019-08-05,Abbott Labs Falls 3%
2019-08-05,Can We See Significant Institutional Ownership On The Abbott Laboratories (NYSE:ABT) Share Register?
2019-08-01,Acquisition Boosts Exact Sciences' Role in Cancer Diagnostics
2019-08-01,"Notable ETF Outflow Detected - IHI, ABT, TMO, EW"
2019-08-01,How a Climate Scientist Invests His Money
2019-07-31,Health care giant Abbott Laboratories takes new building in Southwest Austin
2019-07-29,Crowded Stock Trades Near Record Levels Highlight Market Risk
2019-07-27,10 Biggest Cancer-Fighting Stocks
2019-07-27,10 Biggest Medical Device Stocks
2019-07-24,"Noteworthy ETF Outflows: XLV, ABT, MDT, TMO"
2019-07-24,Abbott Labs plans $17M expansion in Tipp City
2019-07-22,How to Invest in Medical Device Stocks
2019-07-22,"The Zacks Analyst Blog Highlights: Abbott, Netflix, Philip Morris, United Technologies and Novartis"
2019-07-19,"Top Research Reports for Abbott, Netflix & Philip Morris"
2019-07-19,Edited Transcript of ABT earnings conference call or presentation 17-Jul-19 1:00pm GMT
2019-07-19,ABT Crosses Above Average Analyst Target
2019-07-19,"Health Care Sector Update for 07/19/2019: MTP, ATRA, IFRX, JNJ, ABT, MRK, PFE, AMGN"
2019-07-18,Abbott Labs Stock Gains on Q2 Earnings Beat
2019-07-18,Calculating The Intrinsic Value Of Abbott Laboratories (NYSE:ABT)
2019-07-18,Abbott Labs Rises Following the Release of 2nd-Quarter Numbers
2019-07-18,"Company News for Jul 18, 2019"
2019-07-18,IVD Market Sustains Momentum: 3 Stocks in Focus
2019-07-18,Abbott (ABT) Upgraded to Strong Buy: What Does It Mean for the Stock?
2019-07-18,"5 Top Stock Trades for Thursday: TSLA, GLD, ABT"
2019-07-18,Abbott Laboratories (ABT) Q2 2019 Earnings Call Transcript
2019-07-17,Abbott Laboratories (ABT) Q2 2019 Earnings Call Transcript
2019-07-17,Wall Street Lower on Wednesday
2019-07-17,Abbott Stock Propelled Into Buy Zone As Medical Device Sales Fly
2019-07-17,US STOCKS-Wall St falls as CSX results signal damage from trade tensions
2019-07-17,"Wednesday Sector Leaders: Utilities, Healthcare"
2019-07-17,"Abbott (ABT) Tops Q2 Earnings Estimates, Lifts EPS Guidance"
2019-07-17,"5 Top Stock Trades for Thursday: TSLA, GLD, ABT"
2019-07-17,US STOCKS-Wall St falls as CSX results point to damage from trade tensions
2019-07-17,"Noteworthy Wednesday Option Activity: MAR, ABT, NSC"
2019-07-17,"Abbott Laboratories Earnings: ABT Stock Surges on Guidance, Q2 Beat"
2019-07-17,US STOCKS-Wall St falls as railroads slide after CSX signals trade impact
2019-07-17,"[video]Dow Ends Lower; S&P 500 Closes Below 3,000; CSX Tumbles"
2019-07-17,"S&P 500 Movers: CSX, CTAS"
2019-07-17,US STOCKS-Wall St slips as railroads slide after CSX signals trade impact
2019-07-17,Stocks edge lower after Dow snaps streak of record closes
2019-07-17,Wall Street falls as CSX results signal damage from trade tensions
2019-07-17,[video]Stocks Down as Investors Continue Earnings-Season March
2019-07-17,Abbott Stock Propelled Above Buy Zone As Medical Device Sales Fly
2019-07-17,"Trending Stocks For July 16: CTAS, ABT, BK, HSY; What's Up With Utilities?"
2019-07-17,"Trending Tickers For July 16: CTAS, ABT, BK, HSY; What's Up With Utilities?"
2019-07-17,US STOCKS-Wall St flat as railroads slide after CSX signals trade impact
2019-07-17,Mixed Housing Data for June
2019-07-17,"Housing Starts, Building Permits Mixed; Q2 for BAC, USB, ABT"
2019-07-17,"Why these pricey growth stocks are worth keeping, according to UBS"
2019-07-17,"Health Care Sector Update for 07/17/2019: GHSI, IMRN, ABT, JNJ, PFE, MRK, AMGN"
2019-07-17,Abbott hits record high as diabetes device fuels profit beat
2019-07-17,Abbott (ABT) Q2 Earnings Surpass Estimates
2019-07-17,"UPDATE 2-Diabetes devices power Abbott's profit beat, forecast raise"
2019-07-17,US-India Trade Tensions Rise: 3 Stocks in the Line of Fire
2019-07-17,"Abbott stock rises after earnings beat, full-year guidance boost"
2019-07-17,Abbott Earnings Narrowly Top; Health Care Giant Raises Guidance
2019-07-17,Abbott Labs quarterly profit jumps 37%
2019-07-17,Abbott Reports Second-Quarter 2019 Results
2019-07-17,Abbott Laboratories to Host Earnings Call
2019-07-17,Abbott Laboratories Hits Record High As FreeStyle Libre Sales Drive Q2 Earnings
2019-07-17,[video]Stocks Wavering as Investors Continue Earnings-Season March
2019-07-17,"Abbott Laboratories Tops Q2 Profit Forecast, Boosts Guidance, As Libre Surges"
2019-07-17,Abbott Labs Rises 3%
2019-07-17,"Abbott Labs Earnings Beat, Revenue Misses In Q2"
2019-07-16,"Pre-Market Earnings Report for July 17, 2019 :  BAC, ABT, ASML, USB, PNC, PGR, BK, ERIC, OMC, TXT, CMA, WIT"
2019-07-16,"XLV, ABT, MDT, TMO: ETF Outflow Alert"
2019-07-16,5 Stocks with Spectacular Earnings Charts
2019-07-16,"Health Care Sector Update for 07/16/2019: IMRN, MLNT, JNJ, PFE, ABT, MRK, AMGN"
2019-07-16,"Abbott MitraClip G4 Gets FDA Nod, Valve Repair Options Expand"
2019-07-16,Abbott to hike production of lower-cost glucose monitors as diabetes soars
2019-07-16,FOCUS- Abbott to hike production of lower-cost glucose monitors as diabetes soars
2019-07-15,"Abbott Receives U.S. Approval of Next-Generation MitraClip®, Bringing New Enhancements to Abbott's Leading MitraClip Platform"
2019-07-15,Will Abbott's (ABT) Q2 Earnings Gain From Overall Growth?
2019-07-15,ABT or BIO: Which Stock Has Better Potential Right Now?
2019-07-15,Abbott Laboratories ABT- 2019 Top Picks' Mid-Year Update
2019-07-13,The Week Ahead: Earnings Season Heats Up
2019-07-12,4 Healthcare Stocks That Are Feeling Sick
2019-07-12,Strange: Bullish ABT Analysts Actually See -2.96% Downside
2019-07-12,Bull of the Day: Penumbra (PEN)
2019-07-11,"Abbott Laboratories (ABT) Ex-Dividend Date Scheduled for July 12, 2019"
2019-07-11,"Abbott Announces FDA Approval of the Alinity™ s System, the Latest Technology for Screening and Protecting the U.S. Blood and Plasma Supply"
2019-07-10,The 10 Biggest Healthcare Stocks
2019-07-10,Insiders Bullish on Certain Holdings of DLN
2019-07-10,"Ex-Dividend Reminder: Becton, Dickinson, Abbott Laboratories and AbbVie"
2019-07-10,Abbott (ABT) Earnings Expected to Grow: Should You Buy?
2019-07-10,How Much Can Intuitive Surgical's System Revenue Grow Over The Next Three Years?
2019-07-08,The Health Care Select Sector SPDR Fund Experiences Big Outflow
2019-07-04,How Does Medtronic's Diabetes Care Business Compare To Its Peers?
2019-07-03,Analysts bullish on Boston Scientific's plans for 75 new products by 2022
2019-07-02,Is Abbott Laboratories (NYSE:ABT) Investing Your Capital Efficiently?
2019-06-29,How Citigroup and Other Hedge Fund Favorites Performed in Q2
2019-06-27,Abbott (ABT) Outpaces Stock Market Gains: What You Should Know
2019-06-26,Abbott Ireland Financing DAC -- Moody's announces completion of a periodic review of ratings of Abbott Laboratories
2019-06-26,"IOO, MCD, ABT, AMT: ETF Outflow Alert"
2019-06-26,3 Biopharma Stocks to Buy for Income
2019-06-25,Double Top Spells Trouble for 3 Health Care Stocks
2019-06-25,Abbvie Decides to Acquire Allergan
2019-06-25,"AbbVie to Buy Botox-Maker Allergan, Look Ahead to G-20"
2019-06-25,Most Important Mergers and Acquisitions of 2016
2019-06-25,Allergan Is a $63 Billion Botox Job for AbbVie
2019-06-25,Smith & Nephew directors discussed US listing to boost CEO pay
2019-06-24,"Nutrition Is the Missing Ingredient in Home Health Today, New Study Shows"
2019-06-19,Abbott Hosts Conference Call for Second-Quarter Earnings
2019-06-19,Is Abbott Laboratories a Buy?
2019-06-19,How Do Rate Cuts Impact Healthcare Stocks?
2019-06-18,Abbott (ABT) Outpaces Stock Market Gains: What You Should Know
2019-06-18,"Noteworthy ETF Inflows: SPYG, MCD, NFLX, ABT"
2019-06-18,"Abbott Labs Stock Just Hit an All-Time High: Buy, Sell, or Hold?"
2019-06-17,"CARE, Abbott and the Abbott Fund Launch Partnership to Address Noncommunicable Diseases (NCDs) in Humanitarian Settings"
2019-06-17,Abbott Launches First-ever Rapid Point-of-Care HbA1c Test to Aid in the Diagnosis of Diabetes
2019-06-17,Abbott (ABT) Hits New 52-Week High on Solid Growth Drivers
2019-06-17,Why AbbVie Is a Retiree's Dream Stock
2019-06-14,"Daily Dividend Report: IIPR, ABT, AVGO, BMY, WPC"
2019-06-14,Abbott Declares 382ⁿᵈ Consecutive Quarterly Dividend
2019-06-13,3 Top Diabetes Stocks to Watch in June
2019-06-13,Abbott (ABT) Moves to Buy: Rationale Behind the Upgrade
2019-06-13,New Survey Shows Millennials Can Help Avoid Blood Shortages
2019-06-12,Traders Look to Buy Global Health Care Stocks
2019-06-11,ABT Crosses Above Average Analyst Target
2019-06-11,Abbott (ABT) Outpaces Stock Market Gains: What You Should Know
2019-06-10,Abbott (ABT) Outpaces Stock Market Gains: What You Should Know
2019-06-10,Here’s What Hedge Funds Think About Abbott Laboratories (ABT)
2019-06-10,"The Zacks Analyst Blog Highlights: Mastercard, Disney, Abbott, Workday and Sun Life"
2019-06-10,See what the IHS Markit Score report has to say about Abbott Laboratories.
2019-06-09,Where Will Abbott Laboratories Be in 10 Years?
2019-06-08,CORRECTED-Abbott device helps in cutting blood sugar in type 2 diabetics - study (June 8)
2019-06-08,New Data Show Use of Abbott's FreeStyle® Libre System Significantly Reduces HbA1c Levels in People Living with Type 2 Diabetes
2019-06-07,"Top Research Reports for Mastercard, Disney & Abbott"
2019-06-07,"SPY, BRK.B, NFLX, ABT: Large Outflows Detected at ETF"
2019-06-06,Is Abbott Laboratories (ABT) Outperforming Other Medical Stocks This Year?
2019-06-05,Abbott (ABT) Gains But Lags Market: What You Should Know
2019-06-04,Abbott (ABT) Gains But Lags Market: What You Should Know
2019-06-04,Abbott (ABT) Grows on EPD Amid Rhythm Management Challenges
2019-06-04,Insiders Buy the Holdings of VTV ETF
2019-06-03,Did Abbott Laboratories (NYSE:ABT) Use Debt To Deliver Its ROE Of 8.3%?
2019-06-02,Better Buy: Abbott Laboratories vs. DexCom
2019-06-02,Here is the 18th Most Popular Stock Among Hedge Funds
2019-05-30,"IWB, NFLX, ABT, MDT: ETF Inflow Alert"
2019-05-30,Abbott (ABT) Stock Moves -0.05%: What You Should Know
2019-05-29,Abbott (ABT) Stock Moves -0.05%: What You Should Know
2019-05-29,The Top Health Care Companies in the World
2019-05-24,The highest-paid CEOs by state
2019-05-24,One sector is making a comeback amid market volatility
2019-05-24,Abbott (ABT) Dips More Than Broader Markets: What You Should Know
2019-05-23,Abbott (ABT) Dips More Than Broader Markets: What You Should Know
2019-05-22,3 Dividend Aristocrats to Buy and Hold Forever
2019-05-21,"The World's Top 10 Health Care Companies (UNH, MDT)"
2019-05-21,TRILUMINATE Study Shows Treatment with Abbott's First-of-its-Kind Minimally Invasive Device Reduces Tricuspid Heart Valve Leaks
2019-05-20,"IUSG, ABT, DIS, AVGO: Large Inflows Detected at ETF"
2019-05-18,Should Abbott Laboratories (NYSE:ABT) Be Part Of Your Dividend Portfolio?
2019-05-17,Why Is Abbott (ABT) Up 3.6% Since Last Earnings Report?
2019-05-16,New ZonePerfect® Keto is 100% #TrueKeto with the Proven Blend of Macros for Effective Results
2019-05-15,Nearly 9 out of 10 College Students with Student Debt Say It's Important to Find a Company That Offers Loan Relief
2019-05-15,Bull of the Day: Penumbra (PEN)
2019-05-14,"Here are the stocks to buy if an all-out U.S.-China trade war erupts, says Goldman"
2019-05-14,Abbott Partners With NIH On BRAIN Initiative to Advance Research for Neurological Disorders
2019-05-13,Is Pinterest a compelling buy? Is Abbott heading to new highs? The desk answers viewer questions
2019-05-13,"Abbott Rides on Strong CGM, Poor Rhythm Management Ails"
2019-05-10,Abbott (ABT) Upgraded to Buy: What Does It Mean for the Stock?
2019-05-09,"The Zacks Analyst Blog Highlights: Verizon, Abbott, Illinois Tool Works, Moody's and Baker Hughes"
2019-05-08,"Top Stock Reports for Verizon, Abbott & Illinois Tool Works"
2019-05-08,The Health Care Select Sector SPDR Fund Experiences Big Outflow
2019-05-08,"Haemonetics (HAE) Q4 Earnings Top Mark, Operating Margin Up"
2019-05-08,"Bruker (BRKR) Q1 Earnings Beat Estimates, Guidance Upbeat"
2019-05-08,"Nestle, rivals vie for big baby formula prize in China's smaller cities"
2019-05-07,"Nestle, rivals vie for big baby formula prize in China's smaller cities"
2019-05-07,"Henry Schein's (HSIC) Q1 Earnings, Revenues Beat Estimates"
2019-05-07,Abbott Labs Falls 3%
2019-05-07,Abbott to Present at UBS Global Healthcare Conference
2019-05-07,"Intersect (XENT) Q1 Loss Wider Than Estimates, Revenues Top"
2019-05-07,"QIAGEN's (QGEN) Q1 Earnings Top Estimates, Revenues Miss"
2019-05-07,"Masimo (MASI) Q1 Earnings and Revenues Beat, Guidance Solid"
2019-05-07,See what the IHS Markit Score report has to say about Abbott Laboratories.
2019-05-07,"Luminex (LMNX) Reports Q1 Loss, Misses Revenue Estimates"
2019-05-06,Surmodics (SRDX) Q2 Earnings and Revenues Beat Estimates
2019-05-06,Fresenius Medical (FMS) Q1 Earnings & Revenues Top Estimates
2019-05-06,HMS Holdings' (HMSY) Q1 Earnings and Revenues Beat Estimates
2019-05-06,Integer Holdings (ITGR) Q1 Earnings & Revenues Top Estimates
2019-05-06,AMN Healthcare (AMN) Q1 Earnings and Revenues Top Estimates
2019-05-06,Is Abbott Laboratories (ABT) Stock Outpacing Its Medical Peers This Year?
2019-05-06,"Abbott Launches Next-generation Detection Technology in the U.S. and Europe, Offering a Smarter Approach to 24/7 Heart Monitoring for People with Irregular Heartbeats"
2019-05-06,"Globus Medical (GMED) Q1 Earnings Miss, Revenues Grow Y/Y (Revised)"
2019-05-03,"Abbott Ireland Financing DAC -- Moody's upgrades Abbott Laboratories' senior unsecured rating to A3, stable outlook"
2019-05-03,DENTSPLY SIRONA (XRAY) Q1 Earnings & Revenues Top Estimates
2019-05-03,Insulet (PODD) Beats Earnings and Revenue Estimates in Q1
2019-05-03,"Medidata (MDSO) Q1 Earnings Beat Estimates, Margins fall"
2019-05-03,"PRA Health (PRAH) Q1 Earnings Beat Estimates, Revenues Miss"
2019-05-03,"Globus Medical (GMED) Q1 Earnings Miss Mark, Margins Weak"
2019-05-03,"ResMed's (RMD) Q3 Earnings Beat Estimates, Revenues in Line"
2019-05-03,"Teleflex (TFX) Q1 Earnings Top Estimates, Margins Decline"
2019-05-02,"Cardiovascular Systems (CSII) Q3 Earnings Top, View Tapered"
2019-05-02,"NuVasive (NUVA) Q1 Earnings Top Estimates, Margins Strong"
2019-05-02,ABBOTT LABORATORIES (ABT) Q1 2019 Earnings Call Transcript
2019-05-02,"DexCom (DXCM) Beats on Q1 Earnings, Hikes '19 Guidance"
2019-05-02,"AmerisourceBergen (ABC) Q2 Earnings Beat, Revenues Miss"
2019-05-02,Amedisys (AMED) Tops Earnings and Revenue Estimates in Q1
2019-05-02,"ABIOMED (ABMD) Q4 Earnings Meet Estimates, Sales Rise in Japan"
2019-05-02,"Hologic's (HOLX) Q2 Earnings Beat Estimates, Margins Fall"
2019-05-02,Abbott Receives WHO Prequalification Approval for Breakthrough HIV Point-of-Care Test
2019-05-01,"At US$78.27, Is It Time To Put Abbott Laboratories (NYSE:ABT) On Your Watch List?"
2019-05-01,"CVS Health's (CVS) Q1 Earnings Top Estimates, EPS View Up"
2019-05-01,"IDEXX (IDXX) Q1 Earnings Top Estimates, EPS Guidance Up"
2019-05-01,"Tandem's (TNDM) Q1 Loss Wider Than Expected, Sales Top Mark"
2019-04-30,"LabCorp (LH) Q1 Earnings Top Mark, Revenues Lag Estimates"
2019-04-30,"SPYG, FB, GOOG, ABT: ETF Inflow Alert"
2019-04-30,"Chemed (CHE) Q1 Earnings Miss Estimates, Revenues Grow Y/Y"
2019-04-30,"Ecolab (ECL) Earnings Beat, Revenues Miss Estimates in Q1"
2019-04-30,"Abbott, the U.S. Department of Defense and TRACK-TBI Partner to Study Point-of-Care Blood Test for Concussions"
2019-04-29,Top Ranked Income Stocks to Buy for April 29th
2019-04-29,Sen. Tina Smith Sells Entire Abbott Stock Investment
2019-04-29,Hill-Rom's (HRC) Earnings and Revenues Top Estimates in Q2
2019-04-29,New Study Finds Abbott Blood Test Can Help Predict Future Cardiac Events in Adults with No Known Heart Disease
2019-04-28,Weekly Top Insider Buys Highlight for the Week of April 26
2019-04-26,3 Dividend Aristocrats to Buy and Hold Forever
2019-04-26,"Zimmer Biomet's (ZBH) Q1 Earnings, Revenues Beat Estimates"
2019-04-26,"Integra LifeSciences (IART) Q1 Earnings Beat, Margins Rise"
2019-04-26,"Illumina (ILMN) Q1 Earnings Beat Estimates, Gross Margin Up"
2019-04-26,Insiders Bullish on Certain Holdings of DGRO
2019-04-26,"GNC Holdings (GNC) Reports Q1 Earnings, Revenues Down Y/Y"
2019-04-26,"PerkinElmer (PKI) Beats on Q1 Earnings, Hikes '19 Guidance"
2019-04-26,Omnicell (OMCL) Earnings and Revenues Beat Estimates in Q1
2019-04-26,Cerner (CERN) Earnings and Revenues Meet Estimates in Q1
2019-04-26,FreeStyle Libre Is Multi-Billion Dollar Opportunity for Abbott
2019-04-26,"Zacks.com featured highlights include: PepsiCo, Raymond James, Kansas City Southern, Fortive and Abbott Laboratories"
2019-04-25,"Thursday 4/25 Insider Buying Report: TPTX, ABT"
2019-04-25,"Varian (VAR) Q2 Earnings Lag Estimates, Gross Orders Surge"
2019-04-25,ABT and BSX: A Look at Segmental Performance in Fiscal 2019
2019-04-25,"Align Technology (ALGN) Beats on Q1 Earnings, Margins Down"
2019-04-25,What to Expect from ABT and BSX’s Margins
2019-04-25,Solid Sales Growth Makes These 5 Stocks Worth Buying Now
2019-04-25,ABT and BSX: What to Expect from 2019 EPS
2019-04-24,ABT and BSX: Comparing Revenue Performance for Fiscal 2019
2019-04-24,How ABT and BSX Stack Up in the First Quarter of 2019
2019-04-24,What Are Analysts Recommending for ABT and BSX?
2019-04-24,"Final Trades: Boeing, Abbott Labs, Amarin & Disney"
2019-04-24,"Health Care Sector Update for 04/24/2019: ANTM, RAD, JNJ, PFE, ABT, MRK, AMGN"
2019-04-20,How Marijuana Legalization Affected OrganiGram and Aphria's Latest Results
2019-04-20,How Marijuana Legalization Affected OrganiGram and Aphria&apos;s Latest Results
2019-04-20,"Bulls And Bears Of The Week: Abbott Labs, Chevron, CVS, United And More"
2019-04-20,You can capture a dividend above 5% and still enjoy stock-market growth
2019-04-19,Edited Transcript of ABT earnings conference call or presentation 17-Apr-19 1:00pm GMT
2019-04-19,Is Abbott Laboratories (ABT) Stock Outpacing Its Medical Peers This Year?
2019-04-18,A Diabetes Treatment Revolution Could Bolster These Medtech Firms
2019-04-18,An Abbott Labs Analyst's 5 Reasons To Own The Stock: 'Near-Perfect For This Environment'
2019-04-17,Here&apos;s Why Abbott Labs Stock Is Slipping Despite Its Quarterly Beat
2019-04-17,"Notable Wednesday Option Activity: ALXN, SWKS, ABT"
2019-04-17,Abbott Labs Starts 2019 Off by Beating Expectations
2019-04-17,Abbott Laboratories Jumps on 1st-Quarter Results
2019-04-17,Abbott Laboratories Enters Oversold Territory
2019-04-17,"Stocks making the biggest moves midday: Qualcomm, Morgan Stanley, CSX & more"
2019-04-17,Abbott Laboratories Earnings: ABT Stock Down After Q1 Beat
2019-04-17,Abbott Labs quarterly beat overshadowed by unchanged forecast
2019-04-17,Jim Cramer's Takeaway From Abbott's Earnings
2019-04-17,"Abbott (ABT) Q1 Earnings Beat Estimates, Organic Sales Solid"
2019-04-17,Abbott Laboratories Reports Healthy First-Quarter Profit
2019-04-17,Abbott Labs beats first-quarter expectations on higher diabetes devices sales
2019-04-17,StockBeat - UnitedHealth Deepens Losses as Fears Over Political Risk Rise
2019-04-17,"Health Care Sector Update for 04/17/2019: ONCS, TXMD, ABT, JNJ, PFE, MRK, AMGN"
2019-04-17,"Jim Cramer Breaks Down Qualcomm, Netflix, and Abbott"
2019-04-17,Abbott (ABT) Surpasses Q1 Earnings and Revenue Estimates
2019-04-17,"Abbott Labs' stock gains after profit and sales top forecasts, guidance is in line"
2019-04-17,"Abbott Labs&apos; stock gains after profit and sales top forecasts, guidance is in line"
2019-04-17,"Abbott Earnings, Sales Top First-Quarter Views"
2019-04-17,Abbott: 1Q Earnings Snapshot
2019-04-17,Abbott Lab's first-quarter sales beat expectations
2019-04-17,Abbott Reports First-Quarter 2019 Results
2019-04-17,"Earnings Reaction History: Abbott Laboratories, 50.0% Follow-Through Indicator, 1.7% Sensitive"
2019-04-17,Abbott Labs Falls 3%
2019-04-17,"Abbott Labs Earnings, Revenue Beat in Q1"
2019-04-17,Dow futures point to a modest open ahead of fresh earnings
2019-04-16,"Close Update: Nasdaq Closes Above 8,000 as Stocks Post Modest Advance in Tuesday Trading"
2019-04-16,"Pre-Market Earnings Report for April 17, 2019 :  PEP, ABT, ASML, USB, MS, BK, ERIC, TXT, KSU, SBNY, PNR, POL"
2019-04-16,5 Spectacular Large Cap Earnings Charts
2019-04-16,Is AbbVie Stock An Undiscovered Cannabis Play Waiting For Some Attention?
2019-04-15,Can Medical Devices Strength Drive Abbott (ABT) Q1 Earnings?
2019-04-15,Will Abbott's (ABT) Steady Overall Growth Aid Q1 Earnings?
2019-04-15,The Future Keeps Looking Better and Better for BAX Stock
2019-04-14,3 Top Diabetes Stocks to Watch in April
2019-04-13,3 Top Diabetes Stocks to Watch in April
2019-04-12,A Breast Milk Ingredient Is the Hot New Health Supplement for Adults
2019-04-11,Abbott and the Abbott Fund Support Relief Efforts for Cyclone Idai
2019-04-11,"Abbott Laboratories (ABT) Ex-Dividend Date Scheduled for April 12, 2019"
2019-04-10,"Ex-Dividend Reminder: Becton, Dickinson, AbbVie and Abbott Laboratories"
2019-04-10,ProShares UltraPro S&P500 Experiences Big Outflow
2019-04-10,Abbott (ABT) Earnings Expected to Grow: Should You Buy?
2019-04-10,Abbott (ABT) Gains As Market Dips: What You Should Know
2019-04-09,Abbott (ABT) Gains As Market Dips: What You Should Know
2019-04-08,Better Buy: AbbVie vs. Johnson & Johnson
2019-04-06,The Abbott Laboratories (NYSE:ABT) Share Price Is Up 113% And Shareholders Are Boasting About It
2019-04-05,AbbVie: High-Yield Dividend Aristocrat Offering a No-Fee DRIP
2019-04-05,Here's Why DexCom Shares Slumped 14.5% in March
2019-04-04,Here&apos;s Why DexCom Shares Slumped 14.5% in March
2019-04-03,Abbott (ABT) Stock Sinks As Market Gains: What You Should Know
2019-04-03,Nevro (NVRO) Plagued by Issues in Australia & Stiff Rivalry
2019-04-02,"IHI, ABT, MDT, TMO: ETF Inflow Alert"
2019-04-02,See what the IHS Markit Score report has to say about Abbott Laboratories.
2019-04-01,12 Stocks to Rise on Debt Diet as Economy Slows
2019-03-29,The best easy vegetables to start growing now
2019-03-29,Editing in an age of outrage
2019-03-28,How Much Can Intuitive Surgical's Share Price Grow If da Vinci Systems Garner 25% Share In Global Surgical Robots Market?
2019-03-27,Were Hedge Funds Right About Selling Abbott Laboratories (ABT)?
2019-03-26,What Are Abbott Laboratories' Key Sources of Revenue?
2019-03-25,Abbott (ABT) Gains As Market Dips: What You Should Know
2019-03-25,"Thermo Fisher to Buy Brammer Bio, Tightens Gene Therapy Grip"
2019-03-25,Abbott's New CE Mark to Boost Core Laboratory Diagnostics Arm
2019-03-25,Quest Diagnostics Grows on New Pacts Amid Reimbursement Issue
2019-03-25,6 Excellent Dividend Growth Stocks to Buy Now
2019-03-23,Varian (VAR) Scales New 52-Week High on Solid Prospects
2019-03-22,Varian (VAR) Scales New 52-Week High on Solid Prospects
2019-03-22,Here's Why DexCom Shares Are Dropping Today
2019-03-22,Here&apos;s Why DexCom Shares Are Dropping Today
2019-03-22,"Baxter (BAX) Soars to 52-Week High, Time to Cash Out?"
2019-03-21,Spruce Point: Dexcom Could Fall 45-60%
2019-03-21,Big-data software firm Tresata's upcoming hackathon to tackle public health
2019-03-21,"Notable ETF Outflow Detected - IWD, INTC, T, ABT"
2019-03-21,Abbott's (ABT) HeartMate 3 Pump Study Shows Favorable Results
2019-03-21,Edwards Lifesciences Presents Positive Partner 3 Trial Data
2019-03-20,Abbott Laboratories (ABT) Chairman and CEO Miles D White Sold $6 million of Shares
2019-03-20,Abbott's (ABT) MitraClip COAPT Trial Shows Favorable Results (revised)
2019-03-20,Medtronic (MDT) Releases Encouraging Evalut TAVR Result
2019-03-20,Abbott (ABT) Gains Ground on Solid EPD and Diabetes Arms
2019-03-20,Is Abbott Laboratories (ABT) Outperforming Other Medical Stocks This Year?
2019-03-20,Abbott Hosts Conference Call for First-Quarter Earnings
2019-03-20,Abbott's (ABT) MitraClip COAPT Trial Shows Favorable Results (Revised)
2019-03-19,What Makes Abbott (ABT) a New Buy Stock
2019-03-19,Abbott's (ABT) MitraClip COAPT Trial Shows Favorable Results
2019-03-19,Why You Should Buy ABBV Stock for Income and Value
2019-03-19,3 Blue Chip Stocks That Just Hit 52-Week Highs: Are They Buys?
2019-03-19,"Abbott Announces CE Mark for Alinity™ m Diagnostics System and Assays, the Latest in Molecular Technology, to Help Deliver Critical Test Results and Benefits to Patients"
2019-03-19,3 Blue-Chip Stocks That Just Hit 52-Week Highs: Are They Buys?
2019-03-18,Abbott (ABT) Stock Sinks As Market Gains: What You Should Know
2019-03-17,New Data for Abbott's HeartMate 3™ Highlights Unparalleled Performance of Industry's Leading Heart Pump
2019-03-17,New Late-Breaking Analyses from Landmark COAPT™ Trial Show Benefits of Abbott's MitraClip™ Device
2019-03-15,Abbott (ABT) Gets FDA Approval for Expanded Use of MitraClip
2019-03-14,Abbott Stock Isn&apos;t Heartbroken As FDA Approves New Valve Implant
2019-03-14,Abbott Receives FDA Approval for Expanded Indication for MitraClip™ Device
2019-03-14,"Health Care Sector Update for 03/14/2019: AXGT, JNJ, BDX, PFE, ABT, MRK, AMGN"
2019-03-13,FDA medical adviser: 'Congress is owned by pharma'
2019-03-13,Abbott (ABT) Outpaces Stock Market Gains: What You Should Know
2019-03-12,Abbott (ABT) Outpaces Stock Market Gains: What You Should Know
2019-03-12,"IOO, C, ABT, PM: ETF Inflow Alert"
2019-03-12,See what the IHS Markit Score report has to say about Abbott Laboratories.
2019-03-10,Better Buy: Abbott Laboratories vs. Johnson & Johnson
2019-03-08,Is DexCom a Buy?
2019-03-08,[$$] Javid faces fresh row over Begum case after baby’s death
2019-03-07,S&P 500 Analyst Moves: ABT
2019-03-06,"Top Analyst Reports for Boeing, Abbott & PayPal"
2019-03-06,"The Zacks Analyst Blog Highlights: Boeing, Abbott, PayPal, Caterpillar and Anthem"
2019-03-06,Late-Breaking Data Presentations at ACC 2019 Highlight Abbott's Leading Cardiovascular Portfolio
2019-03-04,Healthcare ETF Keeps Hitting New Highs
2019-03-04,Abbott Laboratories Reaches Analyst Target Price
2019-03-04,Here's Why You Should Snap Up Abbott (ABT) Stock Right Now
2019-03-04,DENTSPLY's (XRAY) Preliminary Q4 Results Cheer Investors
2019-03-01,What Wall Street Recommends for Amarin after Q4 2018 Results
2019-03-01,Is Abbott Laboratories’s (NYSE:ABT) CEO Pay Justified?
2019-03-01,Two under-the-radar health-care stocks are trading at record highs
2019-03-01,Three stocks to buy for a health-care comeback
2019-03-01,Here's Why You Should Buy Varian Medical (VAR) Stock Now
2019-02-28,"IYH, ABT, MDT, ABBV: Large Outflows Detected at ETF"
2019-02-28,Merit Medical (MMSI) Q4 Earnings & Revenues Surpass Estimates
2019-02-28,"Orthofix (OFIX) Earnings Beat Estimates in Q4, Margins Fall"
2019-02-27,Veeva Systems (VEEV) Beats on Q4 Earnings and Revenues
2019-02-27,Wright Medical (WMGI) Q4 Earnings & Revenues Beat Estimates
2019-02-27,"Report: Developing Opportunities within Abbott Laboratories, American Express, Welbilt, Cinemark, Barnes Group, and Nevsun Resources — Future Expectations, Projections Moving into 2019"
2019-02-27,Here's Why Investors Should Buy DexCom (DXCM) Stock Now
2019-02-27,"Bruker Rides on Robust NANO & CALID Groups, Recent Buyouts"
2019-02-26,"Bruker Rides on Robust NANO & CALID Groups, Recent Buyouts"
2019-02-26,Here's Why Investors Should Buy DexCom (DXCM) Stock Now
2019-02-26,"[$$] CEOs From Pfizer, Merck and Others Face Senate Over Drug Pricing"
2019-02-26,"Teleflex (TFX) Q4 Earnings Miss Estimates, Margins Rise"
2019-02-26,Stryker Expands Acquisition Portfolio With Arrinex Buyout
2019-02-25,Big Pharma to testify in Senate drug pricing hearing
2019-02-25,See what the IHS Markit Score report has to say about Abbott Laboratories.
2019-02-25,Abbott to Present at Barclays Global Healthcare Conference
2019-02-25,"CVS Health Rides on Aetna Synergy, PBM Selling Season Modest"
2019-02-25,"Chemed (CHE) Q4 Earnings Beat Estimates, Gross Margin Falls"
2019-02-22,"Abbott Laboratories (ABT) Files 10-K for the Fiscal Year Ended on December 31, 2018"
2019-02-22,"Daily Dividend Report: PLD, SRE, DLR, ABT, CCI"
2019-02-22,"Abbott planning $62M expansion in Columbus, adding 38 jobs"
2019-02-22,Quest Diagnostics Grows on Innovation Amid Reimbursement Woe
2019-02-22,Abbott Declares 381st Consecutive Quarterly Dividend
2019-02-22,Why Is Abbott (ABT) Up 6% Since Last Earnings Report?
2019-02-22,Here's Why Investors Should Hold DaVita (DVA) Stock Now
2019-02-22,"NuVasive (NUVA) Q4 Earnings Beat Estimates, Margins Fall"
2019-02-22,Abbott (ABT) Dips More Than Broader Markets: What You Should Know
2019-02-21,Abbott (ABT) Dips More Than Broader Markets: What You Should Know
2019-02-21,Here Are the Key Growth Catalysts for Abbott Laboratories in 2019
2019-02-21,New Real-World Evidence Analysis of Nearly Half a Million FreeStyle® Libre System Users Shows Higher Rates of Scanning Improves Glucose Control
2019-02-21,"Medidata's (MDSO) Margins Under Pressure, Competition Rife"
2019-02-21,Will Boston Scientific or Abbott Report Higher Margins?
2019-02-21,Boston Scientific or Abbott: Who Is Controlling Expenses Better?
2019-02-20,"Notable ETF Outflow Detected - IYH, ABT, MDT, ABBV"
2019-02-20,Boston Scientific or Abbott: A Look at Expected EPS Growth
2019-02-20,"CVS Health's (CVS) Q4 Earnings Top Estimates, Margins Up"
2019-02-20,Intuitive Surgical Gets FDA Nod for Ion Endoluminal System
2019-02-20,Boston Scientific or Abbott: Who Will Report More Revenue Growth?
2019-02-20,Abbott and Novo Nordisk Enter Partnership to Provide Integrated Digital Solution to People with Diabetes Using Insulin
2019-02-20,What Analysts Recommend for Boston Scientific and Abbott
2019-02-20,"Abbott Introduces the World's Most Sensitive Rapid Diagnostic Test, Determine™ HBsAg 2, to Accelerate Hepatitis B Care"
2019-02-19,Trading Notes for Select Stocks
2019-02-19,"Final Trades: Abbott Labs, Gilead, Equinix & CVS"
2019-02-19,"Medtronic (MDT) Beats on Q3 Earnings, Gross Margin Down"
2019-02-19,Medtronic Posts Prelim PRODIGY Outcome on Opioid Overdose
2019-02-19,Here's Why Investors Should Buy Surmodics (SRDX) Stock Now
2019-02-19,Align Technology Unveils iTero Element 5D Imaging System
2019-02-18,"Cryolife (CRY) Earnings Miss, Revenues Top Estimates in Q4"
2019-02-18,See what the IHS Markit Score report has to say about Abbott Laboratories.
2019-02-15,Here's Why You Must Buy Cardiovascular Systems' (CSII) Stock
2019-02-14,Johnson & Johnson (JNJ) to Acquire Auris Health for $3.4B
2019-02-14,"Quest Diagnostics (DGX) Q4 Earnings in Line, Margins Down"
2019-02-14,"Baxter's Acute Therapies Profile Strong, Competition Rife"
2019-02-14,"Bio-Techne (TECH) Q2 Earnings Beat, Gross Margin Declines"
2019-02-14,Quidel Corp (QDEL) Q4 2018 Earnings Conference Call Transcript
2019-02-13,Boston Scientific Benefits From New Buyouts & Product Launch
2019-02-13,Here's Why Investors Should Retain AmerisourceBergen Stock
2019-02-13,Edwards Lifesciences to Buy CASMED to Boost Critical Care Arm
2019-02-12,Here's Why Investors Should Retain Accuray (ARAY) Stock Now
2019-02-12,"Bruker (BRKR) Q4 Earnings In Line, Margin Growth Strong"
2019-02-12,Here's Why You Should Buy IDEXX Laboratories (IDXX) Stock
2019-02-12,"STERIS (STE) Q3 Earnings In Line, Revenues Beat Estimates"
2019-02-12,MMM a Top Socially Responsible Dividend Stock With 2.9% Yield
2019-02-11,5 High-Growth Stocks Undervalued by the Market
2019-02-11,"Final trades: Abbott Labs, Air Products, Twilio, Voya, & Colgate-Palmolive"
2019-02-11,Here's Why Momentum Investors Will Love Abbott (ABT)
2019-02-11,"IRADIMED (IRMD) Q4 Earnings Surpass Estimates, Margins Up"
2019-02-11,Here's Why You Should Invest in Stryker (SYK) Stock Right Now
2019-02-11,"Omnicell (OMCL) Q4 Earnings Beat Estimates, Revenues Miss"
2019-02-11,Here's Why You Should Buy Wright Medical (WMGI) Stock Now
2019-02-11,"Phirbo (PAHC) Q2 Earnings Lag Estimates, Operating Margin Up"
2019-02-11,Top Ranked Momentum Stocks to Buy for February 11th
2019-02-11,Does Abbott Laboratories (NYSE:ABT) Look Attractive Based On These Two Valuation Methods?
2019-02-10,How to Fatten Up Your Portfolio By Investing in the Obesity Epidemic
2019-02-09,[video]How to Fatten Up Your Portfolio By Investing in the Obesity Epidemic
2019-02-09,Weekly Top Insider Buys Highlight for the Week of Feb. 8
2019-02-08,"Phirbo (PAHC) Q2 Earnings Lag Estimates, Operating Margin Up"
2019-02-08,"Omnicell (OMCL) Q4 Earnings Beat Estimates, Revenues Miss"
2019-02-08,Here's Why You Should Invest in Stryker (SYK) Stock Right Now
2019-02-08,See what the IHS Markit Score report has to say about Abbott Laboratories.
2019-02-08,[$$] Smith & Nephew in talks to buy NuVasive for over $3bn
2019-02-07,See what the IHS Markit Score report has to say about Abbott Laboratories.
2019-02-06,Here's Why You Should Invest in McKesson (MCK) Stock Now
2019-02-06,Abbott- Diabetes and Diagnostics
2019-02-05,What Are Abbott Laboratories’ Key Growth Drivers in 2019?
2019-02-05,ABT or SYK: Which Has Better Debt Management and Dividends?
2019-02-05,Abbott or Stryker: Which Is Controlling Expenses Better?
2019-02-05,Abbott Laboratories Director Is Buying Up Stock
2019-02-05,Here's Why You Should Hold Intuitive Surgical (ISRG) Stock
2019-02-04,Here's Why You Should Hold Intuitive Surgical (ISRG) Stock
2019-02-04,Abbott or Stryker: Which Is Expected to Report Faster EPS Growth?
2019-02-04,ABT or SYK: Which Is Expected to Report Faster Revenue Growth?
2019-02-04,What Analysts Recommend for Abbott and Stryker in February
2019-02-04,See what the IHS Markit Score report has to say about Abbott Laboratories.
2019-02-03,Better Buy: Abbott Laboratories vs. DexCom
2019-02-01,3 Medical Device Stocks Set to Test 52-Week Highs
2019-01-31,iShares S&P 100 ETF Experiences Big Outflow
2019-01-31,"Surmodics (SRDX) Q1 Earnings & Revenues Beat, Guidance Solid"
2019-01-30,Abbott (ABT) Gains As Market Dips: What You Should Know
2019-01-29,Abbott (ABT) Gains As Market Dips: What You Should Know
2019-01-29,Medical Products Industry Outlook: Plenty of Upside Left
2019-01-29,Here's Why You Should Snap Up Abbott (ABT) Stock Right Now
2019-01-28,Abbott (ABT) Upgraded to Buy: Here's Why
2019-01-28,Abbott Labs Falls 3%
2019-01-26,What Should We Expect From Abbott Laboratories’s (NYSE:ABT) Earnings Over The Next Year?
2019-01-25,Shares of Abbott Laboratories Poised for Upside Breakout
2019-01-25,Edited Transcript of ABT earnings conference call or presentation 23-Jan-19 2:00pm GMT
2019-01-24,"Sell-Side Issues Positive Prognosis For Abbott Following Mixed Q4 Results, Strong 2019 Outlook"
2019-01-24,FDA's warning could impact global market for cardiovascular devices
2019-01-24,"Company News For Jan 24, 2019"
2019-01-24,JNJ or ABT: Which Company Returns Higher Shareholder Value?
2019-01-24,"Abbott (ABT) Q4 Earnings Meet Estimates, Organic Growth Solid"
2019-01-24,Abbott Labs (ABT) Stock Slips Despite Solid Q4 Earnings
2019-01-24,"5 Must-See Stock Charts for Thursday: ABT, IBM, SBUX, PZZA"
2019-01-24,Hedge Fund Hooligans: Cramer's 'Mad Money' Recap (Wednesday 1/23/19)
2019-01-23,Abbott Labs (ABT) Stock Slips Despite Solid Q4 Earnings
2019-01-23,"Abbott Slides On Revenue Lag, But Outlook Prods Drug Stocks"
2019-01-23,"Dow Rises as Wall Street Weighs Strong Earnings, Global Growth Concerns"
2019-01-23,"Abbott Labs Falls After Solid Earnings and Dividend Raise, Revenue Miss"
2019-01-23,"5 Must-See Stock Charts for Thursday: ABT, IBM, SBUX, PZZA"
2019-01-23,"Abbott misses revenue estimates, sees lackluster first-qtr profit"
2019-01-23,"Healthcare ETFs Slip After Abbot Lab’s Revenue Miss, Weak Outlook"
2019-01-23,Abbott Laboratories (ABT) Q4 2018 Earnings Conference Call Transcript
2019-01-23,Dow Wavers as Wall Street Looks Past Strong Earnings to Focus on Growth Concerns
2019-01-23,"Noteworthy ETF Outflows: XLV, ABT, LLY, TMO"
2019-01-23,"Dow's Sharp Gains Fade, S&P 500 and Nasdaq Turn Lower"
2019-01-23,"Dow Rises as IBM, P&G and United Technologies Power Higher"
2019-01-23,JNJ or ABT: How Expense Guidance Stacks Up
2019-01-23,US STOCKS-Wall Street bounces back on strong corporate earnings
2019-01-23,Abbott Labs says M&A not a high priority now
2019-01-23,"Dow Posts Strong Gains as IBM, P&G and United Technologies Power Higher"
2019-01-23,"Health Care Sector Update for 01/23/2019: BLPH, ATHX, JNJ, PFE, MRK, ABT, AMGN"
2019-01-23,US STOCKS-Wall St set to open higher on strong earnings from Dow members
2019-01-23,"[$$] Stocks to Watch: IBM, P&G, Synchrony"
2019-01-23,Johnson & Johnson or Abbott Laboratories: Who Has Better Margins?
2019-01-23,Abbott (ABT) Meets Q4 Earnings Estimates
2019-01-23,Abbott stock falls 2.7% after fourth-quarter revenue falls short
2019-01-23,Abbott: 4Q Earnings Snapshot
2019-01-23,Today's Research Reports on Trending Tickers: Abbott Laboratories and Medtronic
2019-01-23,"Abbott Labs Meets Q4 Earnings Views, Misses On Sales; Payout Hiked"
2019-01-23,Abbott Lab's fourth-quarter revenue rises 2.3 pct
2019-01-23,Abbott Reports 2018 Results and Issues Strong Forecast for 2019
2019-01-23,JNJ or ABT: Who Is on a Better Earnings Growth Trajectory?
2019-01-23,Abbott Labs Falls 3%
2019-01-23,"Earnings Reaction History: Abbott Laboratories, 50.0% Follow-Through Indicator, 2.3% Sensitive"
2019-01-23,"Stocks - IBM, P&G, United Tech, Comcast Soar in Premarket; Apple Rises"
2019-01-23,Abbott Laboratories Q4 18 Earnings Conference Call At 9:00 AM ET
2019-01-23,Abbott Sees Q1 Profit Below View
2019-01-23,"Abbott Labs Earnings in Line, Revenue Misses In Q4"
2019-01-23,Top 5 Things to Know in The Market on Wednesday
2019-01-22,Abbott Laboratories Expected to Earn 81 cents a Share
2019-01-22,"Pre-Market Earnings Report for January 23, 2019 :  PG, CMCSA, ABT, UTX, ASML, KMB, PGR, TEL, APH, NTRS, SYF, WAT"
2019-01-22,JNJ and ABT: How Their Revenue Guidance Stacks Up
2019-01-22,What Do Analysts Recommend for Abbott Laboratories in January?
2019-01-22,Abbott Laboratories Q4 Earnings Preview
2019-01-22,What Analysts Recommend for Johnson & Johnson in January
2019-01-22,Stocks Fall Sharply On Concerns About Global Economic Outlook - U.S. Commentary
2019-01-22,"Health Care Sector Update for 01/22/2019: TGTX, SRNE, JNJ, ABT, MRK, AMGN, PFE"
2019-01-22,All Signals Are Positive for Buying Abbott Laboratories
2019-01-22,"Medical Product Stocks' Earnings on Jan 23: ABT, NXGN & VAR"
2019-01-22,See what the IHS Markit Score report has to say about Abbott Laboratories.
2019-01-21,Abbott Offers a New Option for Physicians Treating Patients with Atrial Fibrillation
2019-01-18,"Cramer&apos;s game plan: This week, forecasts are more important than earnings"
2019-01-18,"Cramer's game plan: This week, forecasts are more important than earnings"
2019-01-18,Can Medical Devices Strength Drive Abbott (ABT) Q4 Earnings?
2019-01-18,Is a Surprise Coming for Abbott (ABT) This Earnings Season?
2019-01-18,What Lies Ahead for Abbott (ABT) Stock This Earnings Season?
2019-01-17,Japanese Red Cross Society Selects Abbott Technology to Screen Country's Blood and Plasma Supply
2019-01-17,3 Weight-Loss Stocks in Focus on Rising Obesity Fears
2019-01-17,Top Picks 2019- Abbott Laboratories ABT
2019-01-17,3 Healthcare Stocks That Will Keep Your Portfolio Healthy
2019-01-16,3 Healthcare Stocks That Will Keep Your Portfolio Healthy
2019-01-16,Abbott (ABT) Earnings Expected to Grow: Should You Buy?
2019-01-16,10 Profit-Rich Stocks for Lean Times
2019-01-16,"Abbott To Acquire Cephea Valve Technologies, Inc."
2019-01-16,3 Top Diabetes Stocks to Watch in January
2019-01-15,SPDR Portfolio S&P 500 Growth ETF Experiences Big Inflow
2019-01-15,Abbott Labs Rises 3%
2019-01-15,See what the IHS Markit Score report has to say about Abbott Laboratories.
2019-01-15,"First Device For Congenital Heart Defect, AIMT & US Shutdown, ASLN On Watch"
2019-01-15,Abbott (ABT) Dips More Than Broader Markets: What You Should Know
2019-01-14,Abbott (ABT) Dips More Than Broader Markets: What You Should Know
2019-01-14,FDA Approves World's First Device for Treatment of Premature Babies and Newborns with an Opening in Their Hearts (a Common Congenital Defect)
2019-01-14,Abbott: FDA Approves Amplatzer Piccolo Occluder Medical Device - Quick Facts
2019-01-12,3 Back-of-the-Shelf Consumer Stocks With Growth and Income
2019-01-11,Why This Group Is 'An Attractive Destination For Investors' In 2019
2019-01-11,3 Back-of-the-Shelf Consumer Stocks With Growth and Income
2019-01-11,"Abbott Laboratories (ABT) Ex-Dividend Date Scheduled for January 14, 2019"
2019-01-11,"Abbott and ""Malaria No More"" Work Together to End Malaria in Odisha, India"
2019-01-10,"Ex-Dividend Reminder: Becton, Dickinson, Abbott Laboratories and American Financial Group"
2019-01-10,"Zacks Value Trader Highlights: PayPal, Abbott Labs, UnitedHealth, Lam Research and Visa"
2019-01-10,Can We See Significant Institutional Ownership On The Abbott Laboratories (NYSE:ABT) Share Register?
2019-01-09,These 5 Companies are Earnings Perfection
2019-01-09,See what the IHS Markit Score report has to say about Abbott Laboratories.
2019-01-08,Abbott Labs Falls 3%
2019-01-08,Abbott To Present At J.P. Morgan Conference; Webcast At 12:00 PM ET
2019-01-08,Abbott (ABT) Outpaces Stock Market Gains: What You Should Know
2019-01-07,Abbott (ABT) Outpaces Stock Market Gains: What You Should Know
2019-01-07,"Noteworthy ETF Outflows: XLV, MRK, ABT, AMGN"
2019-01-07,"As Patent Expirations Loom, the Clock Is Ticking on AbbVie Stock"
2019-01-04,[$$] Angel Medical Wins Court Approval to Tap Bankruptcy Loan
2019-01-04,GE’s Healthcare Unit Spin-Off to Enhance Shareholder Wealth
2019-01-04,"3 Big Stock Charts for Friday: Incyte, Schlumberger and Abbott Laboratories"
2019-01-04,Abbott Labs Rises 3%
2019-01-03,3 Biopharma Stocks to Buy for Their Robust Dividend Yields
2019-01-03,Abbott Labs Falls 4%
2019-01-02,[$$] Angel Medical Files for Bankruptcy
2019-01-02,Abbott Labs Falls 3%
2018-12-31,"The Zacks Analyst Blog Highlights: Merck, Abbott, Lockheed Martin, United Parcel Service and Bank of New York Mellon"
2018-12-28,Will A New Approval Help This Medical Stock Approach A Breakout?
2018-12-28,"Top Analyst Reports for Merck, Abbott & Lockheed Martin"
2018-12-27,Abbott (ABT) Outpaces Stock Market Gains: What You Should Know
2018-12-27,Exploring Abiomed’s Latest Performance Trends
2018-12-27,Examining Abiomed’s Gross Margin Trend
2018-12-27,Do Analysts See Any Upside for Abiomed Stock?
2018-12-27,Pedialyte targets hungover adults
2018-12-27,See what the IHS Markit Score report has to say about Abbott Laboratories.
2018-12-26,Abbott Labs Rises 3%
2018-12-24,Why Abbott (ABT) Could Beat Earnings Estimates Again
2018-12-21,"Marlo Thomas, Matthew Morrison and More at Brooks Brothers Annual Holiday Celebration in NYC to Benefit St. Jude"
2018-12-20,"Notable ETF Inflow Detected - XLV, ABBV, ABT, CVS"
2018-12-19,Get Bubbly this New Year with Abbott's New Pedialyte® Sparkling Rush™ Powder Packs
2018-12-19,Abbott Laboratories (NYSE:ABT) Insiders Increased Their Holdings
2018-12-18,Abbott (ABT) Outpaces Stock Market Gains: What You Should Know
2018-12-18,5 Dividend Aristocrats Where Analysts See Capital Gains
2018-12-18,5 Beaten-Down Medical Product Stocks to Rebound in 2019
2018-12-17,Abbot Labs to Rise
2018-12-17,MBIO: Mustang: A Steed on the Fast Track
2018-12-17,A Solution to the Nation's Current Opioid Overdose Epidemic and The World's Leading Cause of Disability
2018-12-17,Abbott Hosts Conference Call for Fourth-Quarter Earnings
2018-12-14,5 Biggest Medtech Stocks -- Are They Buys?
2018-12-14,"Health Care Sector Update for 12/14/2018: JNJ, KANG, AXON, PFE, ABT, MRK, AMGN"
2018-12-14,"Daily Dividend Report: NLY, ABT, PFE, T, EQR"
2018-12-14,"Abbott Raises Quarterly Dividend 14%, Increasing Payouts for 47 Straight Years"
2018-12-14,Do Analysts See Any Upside for DaVita Stock?
2018-12-13,Do Analysts See Any Upside for Abbott Stock?
2018-12-13,Understanding Abbott Laboratories’ Operational Performance
2018-12-13,Abbott Laboratories’ Gross Margin Trends
2018-12-13,Health Check: How Abbott Laboratories is Positioned
2018-12-13,[$$] Number of Britons linked to far-right extremism soars
2018-12-12,Abbott (ABT) Outpaces Stock Market Gains: What You Should Know
2018-12-12,A Look at Medtronic’s Earnings Trends and Guidance for Fiscal 2019
2018-12-12,How Medtronic’s Revenues and Expenses Are Trending
2018-12-12,"Notable ETF Outflow Detected - XLV, ABBV, ABT, CVS"
2018-12-12,How Wall Street Analysts View Medtronic in December
2018-12-12,5 Pharma Stocks That Could Cure Ailing Portfolios in 2019
2018-12-11,"Shire, Abbott Labs May Pace Healthcare Stocks in 2019"
2018-12-11,Will GE’s Healthcare Unit Spin-Off Increase Shareholder Wealth?
2018-12-11,How Much Upside Do Analysts Expect in Endo Stock?
2018-12-11,Abbott to Present at J.P. Morgan Healthcare Conference
2018-12-11,See what the IHS Markit Score report has to say about Abbott Laboratories.
2018-12-11,What Endo International’s Bottom Line Trend Indicates
2018-12-11,Generic-drug stocks slammed by report of expanded price-fixing probe
2018-12-10,How Endo International’s Gross Margin Has Trended
2018-12-10,Generic drug makers stocks fall sharply after report of expanded price-fixing probe
2018-12-10,See what the IHS Markit Score report has to say about Abbott Laboratories.
2018-12-08,Is Abbott Laboratories (ABT) A Good Stock To Buy?
2018-12-08,Dividend aristocrat Abbott to extend its streak
2018-12-07,Cramer's lightning round: There are better drug stocks to own than GlaxoSmithKline
2018-12-07,Abbott Labs Falls 3%
2018-12-07,See what the IHS Markit Score report has to say about Abbott Laboratories.
2018-12-06,See what the IHS Markit Score report has to say about Abbott Laboratories.
2018-12-06,Today's Research Reports on Trending Tickers: Boston Scientific and Abbott Laboratories
2018-12-05,See what the IHS Markit Score report has to say about Abbott Laboratories.
2018-12-04,Abbott Labs Falls 3%
2018-12-04,AbbVie Stock Could Become a New Happy Pill for Investors
2018-12-03,AbbVie Stock Could Become a New Happy Pill for Investors
2018-12-01,Abbott (ABT) Outpaces Stock Market Gains: What You Should Know
2018-12-01,3 Beaten-Down Biotech Stocks to Buy Before the End of 2018
2018-11-30,Abbott Laboratories (ABT) Chairman and CEO Miles D White Sold $10.3 million of Shares
2018-11-30,Abbott (ABT) Outpaces Stock Market Gains: What You Should Know
2018-11-30,3 Beaten-Down Biotech Stocks to Buy Before the End of 2018
2018-11-30,See what the IHS Markit Score report has to say about Abbott Laboratories.
2018-11-30,"Jim Cramer Shares His Thoughts On DowDuPont, Home Depot And More"
2018-11-30,[$$] Vivian Maier: The secret hoard of a suburban spy
2018-11-29,Cramer's lightning round: Buy DowDuPont—the breakup-related pain is over
2018-11-29,Analysts Remain Bullish on Align Stock
2018-11-29,What Investors Should Know about Align’s Operational Performance
2018-11-29,How Is Align Technology Positioned in November?
2018-11-28,Abbott Labs Rises 3%
2018-11-28,Edwards Lifesciences’ Operational Performance
2018-11-28,Taking Stock of Edwards Lifesciences’ Performance
2018-11-27,Dentsply Stock: Analysts Remain Bullish
2018-11-27,What Does Dentsply’s Bottom-Line Trend Indicate?
2018-11-27,Analyzing Dentsply’s Operational Performance
2018-11-27,How’s Dentsply Positioned in November?
2018-11-26,"Notable ETF Inflow Detected - SPYG, ABT, BKNG, AMGN"
2018-11-26,What Analysts Recommend for Hologic Stock
2018-11-26,A Look at Hologic’s Gross Margin Trend
2018-11-25,Spinal-cord stimulators mean big business for device makers
2018-11-22,Abbott (ABT) Stock Sinks As Market Gains: What You Should Know
2018-11-21,Abbott (ABT) Stock Sinks As Market Gains: What You Should Know
2018-11-21,IBD 50 Stocks To Watch: Will Top Health Stock Offer New Buy Point?
2018-11-21,ABT January 2019 Options Begin Trading
2018-11-21,Analysts Remain Bullish on Stryker Stock
2018-11-21,Understanding Stryker’s Operational Performance
2018-11-21,How Stryker Is Positioned in November
2018-11-21,"At US$72.04, Is Abbott Laboratories (NYSE:ABT) Worth Looking At Closely?"
2018-11-21,"Health Care Sector Update for 11/21/2018: SYN, CYAD, JNJ, PFE, ABT, MRK, AMGN"
2018-11-20,We'll have a slowdown of growth and earnings in 2019: Pro
2018-11-20,GE’s Healthcare Unit Spin-Off to Maximize Shareholders’ Wealth
2018-11-19,"Health Care Sector Update for 11/19/2018: SNOA, GSK, PFE, MRK, ABT, AMGN, JNJ"
2018-11-19,Baxter International: Analysts Remain Bullish on the Stock
2018-11-18,Better Buy: Abbott Laboratories vs. Johnson & Johnson
2018-11-16,"Stanley Druckenmiller Sells Facebook, Buys PayPal in 3rd Quarter"
2018-11-16,Baxter International: Why Investors Are Interested
2018-11-16,Analyzing Baxter International’s Operational Performance
2018-11-16,"Notable ETF Inflow Detected - IUSG, UNH, ABT, DIS"
2018-11-16,Abbott (ABT) Up 3.8% Since Last Earnings Report: Can It Continue?
2018-11-15,5 Dividend Growth Stocks With Upside To Analyst Targets
2018-11-15,New Approvals Allow Chronic Pain Sufferers to Try Abbott's Non-Opioid Pain Therapy Before Getting Device Implant
2018-11-15,Abbott (ABT) Stock Moves -0.12%: What You Should Know
2018-11-14,Abbott (ABT) Stock Moves -0.12%: What You Should Know
2018-11-14,Abbott Recommends Rejection of Below-Market Mini-Tender Offer by Baker Mills LLC
2018-11-13,Inside General Electric’s Healthcare Business Unit Spin-Off Plan
2018-11-13,See what the IHS Markit Score report has to say about Abbott Laboratories.
2018-11-12,Chartmaster says amid the market sell-off these are the b...
2018-11-12,Abbott Labs Falls 3%
2018-11-12,Surmodics' (SRDX) Q4 Earnings and Revenues Beat Estimates
2018-11-12,Surmodics&apos; (SRDX) Q4 Earnings and Revenues Beat Estimates
2018-11-09,Yacktman Asset Management Buys 4 Companies in 3rd Quarter
2018-11-09,How Analysts View Alexion Stock
2018-11-09,Analyzing Alexion Pharmaceuticals’ Dicerna Collaboration
2018-11-09,See what the IHS Markit Score report has to say about Abbott Laboratories.
2018-11-09,FOCUS-U.S. regulators snip red tape for medical devices to curb opioid crisis
2018-11-09,Abbott (ABT) Gains As Market Dips: What You Should Know
2018-11-08,Abbott (ABT) Gains As Market Dips: What You Should Know
2018-11-08,A Look at Alexion Pharmaceuticals’ Operational Performance
2018-11-08,Analyzing Alexion Pharmaceuticals’ Product Performance
2018-11-08,How Alexion Is Positioned in November
2018-11-07,Cramer&apos;s advice on investing during Washington gridlock: Buy fast growers
2018-11-07,Cramer's advice on investing during Washington gridlock: Buy fast growers
2018-11-07,Drug Stocks Climb as Investors Digest Midterm Election Results
2018-11-07,See what the IHS Markit Score report has to say about Abbott Laboratories.
2018-11-06,See what the IHS Markit Score report has to say about Abbott Laboratories.
2018-11-02,5 Income Stocks for Massive Payouts and Steady Growth
2018-11-02,See what the IHS Markit Score report has to say about Abbott Laboratories.
2018-11-02,Abbott (ABT) Q3 Earnings Top Estimates
2018-11-01,[$$] Australia to move child refugees from island camps
2018-10-31,Abbott (ABT) Outpaces Stock Market Gains: What You Should Know
2018-10-31,"XLV, MDT, ABT, LLY: ETF Inflow Alert"
2018-10-29,Another Kleiner investor has just raised her own fund
2018-10-26,"Abbott, AbbVie settle TriCor marketing case for $25 million"
2018-10-26,"Abbott, AbbVie settle TriCor marketing case for $25 mln"
2018-10-26,"Abbott, AbbVie settle U.S. case over TriCor marketing for $25 mln"
2018-10-26,How Does Abbott Laboratories (NYSE:ABT) Fare As A Dividend Stock?
2018-10-26,"Health Care Sector Update for 10/26/2018: SGYP, RARE, JNJ, PFE, ABT, MRK, AMGN"
2018-10-26,Abbott Laboratories: Growth Forecast for Medical Devices Segment
2018-10-26,"Consolidated Research: 2018 Summary Expectations for Kulicke and Soffa Industries, QUALCOMM, Net Element, AT&T, Abbott Laboratories, and The Kroger — Fundamental Analysis, Key Performance Indications"
2018-10-26,Abbott Laboratories’ Diagnostics Segment: Key Growth Drivers
2018-10-26,Abbott (ABT) Gains But Lags Market: What You Should Know
2018-10-25,Abbott (ABT) Gains But Lags Market: What You Should Know
2018-10-25,Merck & Co. Grows 5% in the Third Quarter
2018-10-25,Abbott Laboratories’ Diagnostics Segment: 2018 Growth Forecasts
2018-10-25,Abbott Laboratories’ Nutrition Business: A Turnaround Story
2018-10-25,Abbott Introduces the Next Generation of Influenza A & B and Strep A Assays with Fastest-Ever Time to Molecular Results
2018-10-25,See what the IHS Markit Score report has to say about Abbott Laboratories.
2018-10-25,International Markets: Abbott Laboratories’ Key Revenue Driver
2018-10-24,Thermo Fisher Beats Analysts’ Estimates in Q3 2018 Earnings
2018-10-24,Earnings Projections for Abbott Laboratories in 2018
2018-10-24,Revenue Projections for Abbott Laboratories in 2018
2018-10-24,A Performance Overview of Johnson & Johnson
2018-10-24,These 10 companies are helping employees pay off their student loans
2018-10-24,Abbott Laboratories: Why Analysts Are So Bullish
2018-10-23,"Stocks to Buy, Stocks to Dump in This Volatile Market"
2018-10-22,"Noteworthy ETF Inflows: IHI, MDT, ABT, TMO"
2018-10-20,See what the IHS Markit Score report has to say about Abbott Laboratories.
2018-10-19,Thermo Fisher: Analysts’ Estimates and Recommendations
2018-10-19,Gauging Analysts’ Views for NovoCure Stock
2018-10-19,Analysts Expect IEHS Will Reach $32
2018-10-19,NovoCure’s Operational Performance in Q3 2018: What to Expect
2018-10-19,Abbott's HeartMate 3 Heart Pump Now FDA Approved for Advanced Heart Failure Patients Not Eligible for a Heart Transplant
2018-10-19,56% of Analysts Give ZBH a ‘Buy’ Rating before Its Q3 Earnings
2018-10-19,AbbVie CFO William Chase Plans To Retire In Mid-2019
2018-10-18,Abbott Labs Falls 3%
2018-10-18,Zimmer Biomet Holdings: Revenue Trends ahead of Its Q3 Earnings
2018-10-18,"DexCom Launches CLARITY Mobile App, Strengthens CGM Profile"
2018-10-18,Abbott Labs Declines on 3rd-Quarter Earnings
2018-10-18,Mid-Morning Market Update: Markets Open Lower; Philip Morris Profit Beats Estimates
2018-10-18,4 MedTech Names to Buy on 'Strong Fundamentals'
2018-10-18,What Analysts Expect for Boston Scientific Stock
2018-10-18,What Will BSX’s Q3 Operational Performance Look Like?
2018-10-18,See what the IHS Markit Score report has to say about Abbott Laboratories.
2018-10-18,5 Top Stock Trades for Thursday
2018-10-18,[$$] Australia PM faces test in crucial Sydney by-election
2018-10-18,Edited Transcript of ABT earnings conference call or presentation 17-Oct-18 1:00pm GMT
2018-10-17,Mid-Afternoon Market Update: Vicor Climbs After Q3 Results; Revolution Lighting Technologies Shares Slide
2018-10-17,"Dow Slips for Fifth Day in Seven, Led Lower by IBM, Home Depot"
2018-10-17,5 Top Stock Trades for Thursday
2018-10-17,"Bank Stocks Earnings Scorecard, Fed Minutes, & Trade Talks on &quot;Hiatus&quot;"
2018-10-17,"Abbott (ABT) Q3 Earnings Top Estimates, Guidance Narrowed"
2018-10-17,Mid-Day Market Update: Crude Oil Down 2.7%; vTv Therapeutics Shares Spike Higher
2018-10-17,Dow Wavers as Gains in Goldman Sachs Offset IBM's Slump
2018-10-17,Mid-Morning Market Update: Markets Open Lower; Abbott Laboratories Posts In-Line Q3 Earnings
2018-10-17,Abbott Laboratories (ABT) Q3 2018 Earnings Conference Call Transcript
2018-10-17,"New Study Shows Abbott's Novel Diagnostic Test has the Potential to Demonstrate Gold Standard Accuracy and Speed, Which Could Help Rule Out Heart Attacks Earlier at the Point of Care"
2018-10-17,Barclays Takes Action on Health Care Stocks
2018-10-17,Stocks Fall as IBM Takes a Bite Out of the Dow
2018-10-17,ABT Stock Dips Following Q3 Earnings Results
2018-10-17,"Abbott Labs Earnings, Revenue beat in Q3"
2018-10-17,Earnings & Economic Data Deluge
2018-10-17,"Q3 Earnings Stay (Mostly) Strong, Plus Housing Data"
2018-10-17,Dow Tumbles Triple-Digits as IBM Slumps
2018-10-17,Stocks- U.S. Futures Fall as Investors Look Ahead to Fed Minutes
2018-10-17,"Health Care Sector Update for 10/17/2018: VTVT, OGEN, FMS, JNJ, PFE, ABT, MRK, AMGN"
2018-10-17,"Abbott Laboratories Posts Solid Q3 Earnings, Trims Full-Year Forecast"
2018-10-17,"Buy MedTech names due to improving fundamentals, Barclays says in sector initiation"
2018-10-17,Abbott (ABT) Q3 Earnings Top Estimates
2018-10-17,Top 5 Things to Know in The Market on Wednesday
2018-10-17,Abbott: 3Q Earnings Snapshot
2018-10-17,"[$$] Abbott Laboratories Meets Views, Narrows Outlook"
2018-10-17,"Abbott drops 2.3% premarket after in-line Q3 profit, narrowed 2018 outlook"
2018-10-17,Abbott Labs quarterly profit falls 6.6 pct on tax expense
2018-10-17,Abbott Reports Third-Quarter 2018 Results
2018-10-17,"Earnings Reaction History: Abbott Laboratories, 54.5% Follow-Through Indicator, 2.3% Sensitive"
2018-10-17,"Dow set for 100 point-plus decline as volatile trading continues, but Netflix will boost Nasdaq"
2018-10-17,Nasdaq stocks set for gains after strong Netflix earnings but broader market may struggle
2018-10-17,Stocks are set for a weak open after the Dow soars by over 500 points
2018-10-17,Abbott Sees Q4 Profit In Line With View; Narrows FY18 Profit Outlook
2018-10-17,Abbott Laboratories Q3 18 Earnings Conference Call At 9:00 AM ET
2018-10-17,Abbott Laboratories Q3 adjusted earnings Inline With Estimates
2018-10-16,5 Earnings Charts in the Spotlight
2018-10-16,"Pre-Market Earnings Report for October 17, 2018 :  ABT, USB, ASML, MTB, NTRS, MTG, UNF, UBSH, BMI, WGO"
2018-10-16,Abbott Laboratories Q3 Earnings Preview
2018-10-16,Can Abbott's (ABT) Steady Overall Growth Aid Q3 Earnings?
2018-10-16,Barclays says to buy this name in medical tech
2018-10-16,Can Abbott&apos;s (ABT) Steady Overall Growth Aid Q3 Earnings?
2018-10-16,What to Expect from Medtronic’s Diabetes Segment
2018-10-16,[$$] The Strategies AbbVie Employed to Protect Humira From Copycats
2018-10-15,Sell Abbott Laboratories Down to a 'Sleeping Position'
2018-10-15,How Is Medtronic Positioned in October?
2018-10-15,"Health Care Sector Update for 10/15/2018: SNGX, TNDM, JNJ, PFE, ABT, MRK, AMGN"
2018-10-15,Why Abbott Laboratories (ABT) Might Surprise This Earnings Season
2018-10-15,"Abbott Names Robert B. Ford President, Chief Operating Officer"
2018-10-12,"Cramer's game plan: Increased volatility could turn positive with help from Trump, Fed"
2018-10-12,Abbott (ABT) Gains But Lags Market: What You Should Know
2018-10-12,Edwards Lifesciences’ Q3 2018 Earnings Estimates
2018-10-12,What to Expect of Edwards Lifesciences’ Q3 2018 Sales
2018-10-12,"Notable ETF Outflow Detected - IHI, MDT, ABT, TMO"
2018-10-12,Analysts Raise Their Targets on EW ahead of Its Q3 2018 Results
2018-10-12,A Look at Abbott Laboratories’ Third-Quarter Earnings Estimates
2018-10-11,Abbott Laboratories Expected to Report Q3 Sales of $7.6 Billion
2018-10-11,JNJ’s Consumer Business Expected to Be Driven by Innovation
2018-10-11,"Abbott Laboratories (ABT) Ex-Dividend Date Scheduled for October 12, 2018"
2018-10-11,Analysts Raise Target Prices on ABT ahead of Q3 Earnings
2018-10-10,Could Johnson & Johnson Meet Its Q3 2018 Sales Estimates?
2018-10-10,Analysts’ Ratings for Johnson & Johnson before Its Q3 Earnings
2018-10-10,"Ex-Dividend Reminder: Publix Super Markets, Becton, Dickinson and Abbott Laboratories"
2018-10-10,Abbott (ABT) Q3 Earnings Preview: How Are Events Shaping Up?
2018-10-10,"Health Care Sector Update for 10/10/2018: IGC, AKRX, JNJ, PFE, ABT, MRK, AMGN"
2018-10-08,"Top Stock Reports for Apple, Microsoft & Pfizer"
2018-10-08,Johnson & Johnson’s Valuation Trend in October
2018-10-08,See what the IHS Markit Score report has to say about Abbott Laboratories.
2018-10-08,How Much Upside Potential Do Analysts See in JNJ Stock?
2018-10-08,Boston Scientific Expects 6.4%–7.4% Sales Growth in Fiscal 2018
2018-10-08,Abbott Received CE Mark for a Test to Predict Heart Attacks
2018-10-08,The 7 Best Long-Term Stocks for Risk-Off Investors
2018-10-05,How Important Are Boston Scientific’s Valuation Multiples?
2018-10-05,Johnson & Johnson Stock in the Week Ended October 5
2018-10-05,Analysts Still Bullish on Boston Scientific Stock in October
2018-10-05,The 7 Best Long-Term Stocks for Risk-Off Investors
2018-10-05,What Triggered a 52-Week High for Boston Scientific in October?
2018-10-05,ABT Expands in Europe with Freestyle Libre 2 Approval
2018-10-05,ABT Stock Registered a 52-Week High in October
2018-10-05,"Health Care Sector Update for 10/05/2018: JNJ, PFE, ABT, MRK, AMGN, HSGX, KMPH"
2018-10-05,Analysts’ Recommendations on ABT Stock in October
2018-10-04,Will Walgreens (WBA) Q4 Earnings Gain From Overall Strength?
2018-10-04,US Diabetes Market Gaining Momentum: 3 Stocks in Focus
2018-10-04,Health-Care Stocks’ High Valuations May Not Be a Problem
2018-10-04,iPhone App for Abbott's FreeStyle Libre Flash Glucose Monitoring System Makes Diabetes Management Easier and More Convenient for Canadians
2018-10-03,"[$$] Companies Lure New Workers With College Coaching, Student Debt Repayment"
2018-10-03,Abbott's CE Mark for FreeStyle Libre 2 Boosts Diabetes Arm
2018-10-03,"Notable ETF Inflow Detected - SPYG, ABT, INTC, PFE"
2018-10-03,Abbott&apos;s CE Mark for FreeStyle Libre 2 Boosts Diabetes Arm
2018-10-03,Ionis Pharmaceuticals’ Valuations on September 28
2018-10-02,3 Medical-Device Stocks at All-Time Highs -- Are They Buys?
2018-10-01,EW Stock Returned More than the S&P 500’s Gain in 2018
2018-10-01,"Abbott′s FreeStyle® Libre 2, with Optional Real-Time Alarms, Secures CE Mark for Use in Europe"
2018-09-28,How Did Abbott Laboratories’s (NYSE:ABT) 2.7% ROE Fare Against The Industry?
2018-09-28,High Valuation Multiples: Is EW Stock an Expensive Bet?
2018-09-28,Edwards Lifesciences Stock: Most Analysts Are Bullish
2018-09-28,EW Traded at Its 52-Week High on September 28
2018-09-27,A Look at Abbott Laboratories’ Valuation Trend
2018-09-27,Analysts’ Most Recent Recommendations on ABT
2018-09-27,Abbott Laboratories Continues Its Bull Run with a Record High
2018-09-27,"Abbott's Troponin-I Wins CE Mark, Vascular Arm Gets a Revamp"
2018-09-27,Abbott Labs' Test for Heart Attack Risk Granted With CE Mark
2018-09-27,"Abbott&apos;s Troponin-I Wins CE Mark, Vascular Arm Gets a Revamp"
2018-09-27,"New Research Coverage Highlights CyberArk Software, Mercer International, American Airlines Group, Abbott Laboratories, Open Text, and The Kroger — Consolidated Revenues, Company Growth, and Expectations for 2018"
2018-09-26,Abbott Receives CE Mark for First Troponin Test to Help Predict the Chance of Heart Attack in Apparently Healthy Adults Potentially Months to Years in Advance
2018-09-26,"The trade on Abbott Labs, how oil will impact American Ai..."
2018-09-26,Analyzing Perrigo’s Prescription Pharmaceuticals Business
2018-09-25,One-Year Results from Real-World Study Showed Abbott's Portico™ Transcatheter Aortic Valve Safely and Successfully Reduced Severe Aortic Stenosis
2018-09-25,iShares Edge MSCI USA Momentum Factor ETF Experiences Big Inflow
2018-09-25,5 Companies Hit 52-Week Highs
2018-09-25,Abbott Laboratories Reaches Analyst Target Price
2018-09-25,Bull of the Day: Penumbra (PEN)
2018-09-24,Why JNJ Stock Rose ~2.4% Last Week
2018-09-24,Drug Stocks Rally Midday; Chinese Stocks Take a Hit
2018-09-24,Why ABT Stock Is Trading at a Record High Today
2018-09-24,A Look at Johnson & Johnson’s Valuation This Month
2018-09-24,What Potential Do Analysts See for JNJ Stock?
2018-09-24,Abbott Labs Rises 3.35%
2018-09-24,Why Abbott (ABT) is Poised to Beat Earnings Estimates Again
2018-09-24,"Stocks Slump As Trade War Intensifies; 3 Med Stocks Rally, Tilray Tumbles"
2018-09-23,Landmark Study Shows Treatment with Abbott's MitraClip® is Superior to Medical Therapy for Advanced Heart Failure Patients with Significant Secondary Mitral Regurgitation
2018-09-23,Abbott Announces Positive Study Results On MitraClip Device
2018-09-21,Is Abbott Laboratories Trading at a High Valuation in September?
2018-09-21,Abbott Laboratories’ 379th Consecutive Quarterly Dividend
2018-09-20,"Abbott Banks on New Approvals and Buyouts, Competition Rife"
2018-09-20,ABT Returns Almost Double the S&P 500’s Year-to-Date Gain
2018-09-20,Abbott Laboratories Stock Trades at Its 52-Week High in September
2018-09-20,Analysts Are Overwhelmingly Bullish on Abbott Laboratories
2018-09-20,See what the IHS Markit Score report has to say about Abbott Laboratories.
2018-09-20,[$$] Beto O’Rourke electrifies voters as he takes on Ted Cruz in Texas
2018-09-19,Abbott Hosts Conference Call for Third-Quarter Earnings
2018-09-19,Medical - Products Stock Outlook: Short-Term Pain Inevitable
2018-09-18,Medical - Products Stock Outlook: Short-Term Pain Inevitable
2018-09-18,A Look at Hologic Stock’s Recent Performance
2018-09-18,Here's Why You Should Add Abbott (ABT) to Your Portfolio Now
2018-09-18,ABT or PETQ: Which Is the Better Value Stock Right Now?
2018-09-18,Here&apos;s Why You Should Add Abbott (ABT) to Your Portfolio Now
2018-09-18,Non-diabetics are using diabetes technology to track their blood sugar and improve their health
2018-09-18,See what the IHS Markit Score report has to say about Abbott Laboratories.
2018-09-18,"Pharma Companies Avoid $3.8 Bln In Tax Per Year, Says Oxfam"
2018-09-17,Cyber Attack Fears Grip MedTech: 3 Safe Stocks
2018-09-17,A Look at Boston Scientific’s Valuation Multiples in September
2018-09-17,Boston Scientific Stock in the Week Ended September 14
2018-09-14,Abbott Labs Declares Quarterly Dividend
2018-09-14,Abbott Ireland Financing DAC -- Moody's assigns Baa1 to Abbott Lab's proposed Euro notes offering
2018-09-13,"Daily Dividend Report: ABT, BMY, ZBH, CW, NFG"
2018-09-13,Abbott Declares 379th Consecutive Quarterly Dividend
2018-09-13,Abbott Is Named Global Industry Leader in Sustainability for the Sixth Consecutive Year on the Dow Jones Sustainability Index (DJSI)
2018-09-13,JNJ Stock Up 7% in the Past Month: What Drove the Bulls?
2018-09-13,See what the IHS Markit Score report has to say about Abbott Laboratories.
2018-09-13,India bans 328 combination drugs in setback for pharma companies
2018-09-12,How Thermo Fisher Fared in the Second Quarter
2018-09-12,5 Growth Stocks to Buy for Reliable Income in Retirement
2018-09-11,See what the IHS Markit Score report has to say about Abbott Laboratories.
2018-09-11,"[$$] Brain Data Could Read Moods, Potentially Treat Depression"
2018-09-10,Most Analysts Currently Call Boston Scientific a ‘Buy’
2018-09-10,"Abbott's DRG Therapy Now Covered by Aetna, To Boost Uptake"
2018-09-10,"Abbott&apos;s DRG Therapy Now Covered by Aetna, To Boost Uptake"
2018-09-10,"The Zacks Analyst Blog Highlights: Abbott, Gilead, FedEx, Archer Daniels and CBRE"
2018-09-07,How Hologic’s Valuation Stacks Up with Peers
2018-09-07,"Top Research Reports for Abbott, Gilead & FedEx"
2018-09-07,"Noteworthy ETF Inflows: XLV, MDT, ABT, BMY"
2018-09-06,"MS Global Franchise Fund Buys 1, Sells 4 in 2nd Quarter"
2018-09-06,7 Lucrative Biotech Stocks With Up to 300% Upside
2018-09-06,What Alexion Pharmaceuticals’ Valuation Trend Indicates
2018-09-06,Livongo Health expands under new offering with Abbott Labs
2018-09-05,Analyzing Alexion Pharmaceuticals’ Operational Performance
2018-09-05,Alexion’s Top Line Continues to Expand Significantly
2018-09-05,Abbott Laboratories Is a 'Forever' Stock
2018-09-05,Do Abiomed’s Valuations Look Attractive?
2018-09-04,Fighting Opioids: Chronic Pain Device Gets Insurance Coverage
2018-09-04,How Eli Lilly’s Elanco Performed in Q2 2018
2018-09-04,New Coverage Decision Extends Abbott's Innovative Pain Therapy Option to 22 Million Americans Living with Chronic Pain
2018-09-03,An Update on Becton Dickinson’s Medical Segments
2018-09-03,Assessing Eli Lilly’s Human Pharmaceutical Segment in Q2 2018
2018-08-31,How Analysts View Becton Dickinson in August 2018
2018-08-30,"SPYG, HD, BAC, ABT: Large Outflows Detected at ETF"
2018-08-30,Glaukos Stock Rose 40.3% on August 29
2018-08-28,"Abbott Laboratories -- Moody's upgrades Abbott Laboratories' senior unsecured rating to Baa1, outlook remains positive"
2018-08-24,A Performance Overview of Roche’s Diagnostics Division
2018-08-24,[$$] ‘Brutal’ Australian politics behind demise of PM Turnbull
2018-08-22,"Wednesday Sector Leaders: Energy, Healthcare"
2018-08-22,"IUSG, BAC, ABT, TXN: Large Inflows Detected at ETF"
2018-08-21,5 Low-Cost Biotech Stocks With High Levels of Growth
2018-08-21,Recent Developments for Amgen since Q2 2018
2018-08-20,[$$] Abbott Labs Is a Rare Growth Story in Health Care
2018-08-18,10 Dividend Aristocrats You Never Have to Worry About
2018-08-17,Portfolio Manager: watch these 3 stocks
2018-08-17,10 Dividend Aristocrats You Never Have to Worry About
2018-08-17,S&P 500 Analyst Moves: ABT
2018-08-17,What Does Baxter International’s Valuation Trend Indicate?
2018-08-17,[$$] Give Me Your Hand by Megan Abbott — chemical sisters
2018-08-16,How Is Bausch Health’s Salix Pharmaceuticals Positioned?
2018-08-14,IYH's Holdings Imply 10% Gain Potential
2018-08-09,See what the IHS Markit Score report has to say about Abbott Laboratories.
2018-08-08,See what the IHS Markit Score report has to say about Abbott Laboratories.
2018-08-07,See what the IHS Markit Score report has to say about Abbott Laboratories.
2018-08-07,What to Expect for Boston Scientific in Fiscal 2018
2018-08-06,What Analysts Expect from Haemonetics in Q1 2019
2018-08-06,Hologic Expects Robust Earnings Growth for Fiscal 2018
2018-08-03,Hologic Raised Its Revenue Guidance for Fiscal 2018
2018-08-03,Analysts’ Recommendations for Hologic and Its Peers in August
2018-08-03,Boston Scientific’s Q2 2018 Adjusted EPS Exceed Guidance
2018-08-03,Can Boston Scientific Maintain Its Strong Sales Momentum?
2018-08-03,"What Analysts Recommend for Boston Scientific, Post-Q2 Results"
2018-08-02,Why Dexcom Is Soaring Today
2018-08-02,Health Care Select Sector SPDR Fund Experiences Big Inflow
2018-08-02,Abbott Expands its Directional Deep Brain Stimulation Therapy by Offering New MR-Conditional Labeling
2018-08-02,What DexCom Just Said About Its Future
2018-08-02,Trending: Automakers Breathe Sigh of Relief over U.S.-EU Trade Ceasefire
2018-08-01,Abbott Laboratories’ Stock Price Performance in July
2018-08-01,What to Expect from Abbott Laboratories in Fiscal 2018
2018-07-31,Analysts’ Recommendations for DaVita
2018-07-31,How the Freestyle Libre CGM Opportunity Is Playing Out for ABT
2018-07-31,What Subdued ABT’s Medical Devices Segment in Q2 2018?
2018-07-31,See what the IHS Markit Score report has to say about Abbott Laboratories.
2018-07-31,The Major Growth Drivers for ABT’s Medical Devices Business
2018-07-31,Sector Rotation Is Powerful: This Tech Hit Is a Great Trade
2018-07-30,Abbott Laboratories’ Nutrition Sales Recovered in Q2 2018
2018-07-30,ABT Saw 12.3% Growth in Established Pharmaceuticals Segment
2018-07-30,How ABT’s Diagnostics Business Performed in Q2 2018
2018-07-27,Wichita hospital selected for medical device clinical trial
2018-07-27,Abbott's FreeStyle® Libre 14 Day Flash Glucose Monitoring System Now Approved in U.S.
2018-07-27,ABT’s Q2 2018 EPS Beat Analysts’ Estimates and Company Guidance
2018-07-27,Abbott Laboratories: Solid Sales in Its Business Segments in Q2
2018-07-27,Wall Street Raises Target Price on ABT after Strong Q2 Earnings
2018-07-27,"Edwards Lifesciences (EW) Q2 Earnings Beat, Revenues Miss"
2018-07-27,Omnicell (OMCL) Earnings & Revenues Beat Estimates in Q2
2018-07-27,EW Fell 5.8% in After-Hours Trading despite Strong Q2 Results
2018-07-27,Pharma Favorites: 7 Healthy Picks in the Drug Sector
2018-07-26,Abbott Begins U.S. Pivotal Trial for the Tendyne Mitral Valve Replacement System to Treat Patients with Heart Valve Disease
2018-07-26,See what the IHS Markit Score report has to say about Abbott Laboratories.
2018-07-25,JNJ Stock Rose on Strong Q2 Results: Will Momentum Continue?
2018-07-24,"ViewRay Appoints Scott Drake as President, Chief Executive Officer and a Member of the Board of Directors, Shar Matin as Chief Operating Officer, and D. Keith Grossman as a Member of the Board of Directors"
2018-07-24,Houston medical device startup hires former Abbott exec as CEO
2018-07-24,What Drove Growth for J&J’s Medical Device Business?
2018-07-23,Cramer Remix: Alphabet has broken this troubling trend after reporting earnings
2018-07-23,Pullback in Abbott Labs Gives Buyers Another Chance
2018-07-23,Agios (AGIO) Secures FDA Approval for Leukemia Drug Tibsovo
2018-07-20,Here's Why You Should Add Abbott (ABT) to Your Portfolio Now
2018-07-20,"IWD, MDT, ABT, COP: ETF Outflow Alert"
2018-07-20,Here&apos;s Why You Should Add Abbott (ABT) to Your Portfolio Now
2018-07-20,Three Key Takeaways From Healthcare Earnings Season
2018-07-20,"The Zacks Analyst Blog Highlights: Wells Fargo, IBM, Abbott, Texas Instruments and Praxair"
2018-07-19,"Top Stock Reports for Wells Fargo, IBM & Abbott"
2018-07-19,Can Solid Global Prospects Drive Align's (ALGN) Q2 Earnings?
2018-07-19,Can Solid Global Prospects Drive Align&apos;s (ALGN) Q2 Earnings?
2018-07-19,"Benzinga's Daily Biotech Pulse: Novartis Licenses Skin Drug, 2 Stocks To Debut"
2018-07-19,Edited Transcript of ABT earnings conference call or presentation 18-Jul-18 1:00pm GMT
2018-07-18,"Noteworthy Wednesday Option Activity: ABT, TRV, AMRS"
2018-07-18,Abbott Laboratories (ABT) Q2 2018  Earnings Conference Call Transcript
2018-07-18,"Health Care Sector Update for 07/18/2018: CLRB,ABT,MBRX,CARA"
2018-07-18,"Abbott (ABT) Q2 Earnings & Revenues Top Estimates, View Up"
2018-07-18,"Health Care Sector Update for 07/18/2018: MBRX,ABT"
2018-07-18,Abbott Laboratories Gaps to the Upside in a Classic Breakout
2018-07-18,ABT Stock Trading at a Record High on Stellar Q2 2018 Results
2018-07-18,Abbott Laboratories (ABT) Q2 2018 Earnings Conference Call Transcript
2018-07-18,Abbott Laboratories Stock Gets a Boost From Q2 Earnings Beat
2018-07-18,"Stocks - Morgan Stanley, CSX, United Jump in Pre-market, Google Drops"
2018-07-18,Abbott Labs Rallies to Record Despite Strong Dollar
2018-07-18,"Morning Movers: Clorox Slides, United Continental Flies, Morgan Stanley Jumps"
2018-07-18,Earnings & Economic Data Deluge
2018-07-18,"Housing Starts/Permits Disappoint; MS, USB and ABT Beat"
2018-07-18,"Health Care Sector Update for 07/18/2018: ABT, MBRX, CLRB"
2018-07-18,"Stocks to Watch: Alphabet, Morgan Stanley, Texas Instruments, United Continental, Boeing, CSX"
2018-07-18,Abbott (ABT) Beats on Earnings and Revenues in Q2
2018-07-18,"3 Big Stock Charts for Wednesday: United Technologies, Abbott Laboratories and Leggett & Platt"
2018-07-18,"Abbott Shares Rise on Second-Quarter Beat, Increased Guidance"
2018-07-18,"Abbott Labs shares lift 2.5% after Q2 profit, revenue beats"
2018-07-18,Abbott: 2Q Earnings Snapshot
2018-07-18,Abbott Reports Second-Quarter 2018 Results
2018-07-18,"Earnings Reaction History: Abbott Laboratories, 54.5% Follow-Through Indicator, 2.3% Sensitive"
2018-07-18,Abbott Raises FY18 Earnings Outlook - Quick Facts
2018-07-18,Abbott Laboratories Q2 18 Earnings Conference Call At 9:00 AM ET
2018-07-18,Abbott Laboratories Q2 adjusted earnings Beat Estimates
2018-07-17,Day Ahead: Top 3 Things to Watch
2018-07-17,These Companies are Earnings All-Stars
2018-07-17,Abbott's Capital Flexibility in Focus Ahead of Earnings Release
2018-07-17,"Pre-Market Earnings Report for July 18, 2018 :  ABT, MS, ASML, USB, NVS, MTB, NTRS, ERIC, TXT, GWW, MTG, UBSH"
2018-07-17,Earnings Preview For Abbott Laboratories
2018-07-17,The traders' positions on Twilio and Abbott Labs
2018-07-17,Can Abbott Laboratories’ Q2 Earnings Meet Analysts’ Estimates?
2018-07-17,Analysts’ Views on Abbott Laboratories before Q2 2018 Earnings
2018-07-17,See what the IHS Markit Score report has to say about Abbott Laboratories.
2018-07-13,[$$] Look Who's Buying Verizon and JPMorgan
2018-07-12,Can Established Pharmaceuticals Up Abbott (ABT) Q2 Earnings?
2018-07-12,Can Medical Devices Strength Drive Abbott (ABT) Q2 Earnings?
2018-07-12,Abbott Receives FDA Approval for Next-Generation MitraClip® Device to Treat People with Leaky Heart Valves
2018-07-12,See what the IHS Markit Score report has to say about Abbott Laboratories.
2018-07-12,Abbott : FDA Oks MitraClip Device To Treat People With Leaky Heart Valves
2018-07-11,iShares U.S. Medical Devices ETF Experiences Big Inflow
2018-07-11,Can Abbott (ABT) Rise on Robust Overall Growth in Q2 Earnings?
2018-07-11,3 Top Growth Stocks to Buy in July
2018-07-11,"Abbott Laboratories (ABT) Ex-Dividend Date Scheduled for July 12, 2018"
2018-07-10,"Ex-Dividend Reminder: AbbVie, Abbott Laboratories and Patterson Companies"
2018-07-10,"EX-Dividend Schedule: Abbott Laboratories Announced its 378th Consecutive Dividend; Will Trade Ex-Dividend on July 12, 2018"
2018-07-09,There may be politics but there is no debate: Breastfeeding is the best health option
2018-07-09,Why BioLife Solutions Stock Rose ~49% Last Week
2018-07-09,"Trump Today: President blasts NATO allies, Pfizer and China ahead of Supreme Court decision"
2018-07-09,Health Care Sector Outlook: Checking In Ahead Of Q2 Earnings Reports
2018-07-06,Top Stocks Set to Disrupt the Diabetes Market
2018-07-06,See what the IHS Markit Score report has to say about Abbott Laboratories.
2018-07-05,Here's Why AbbVie Stock is Good for Your Portfolio's Health
2018-07-05,Here&apos;s Why AbbVie Stock is Good for Your Portfolio&apos;s Health
2018-07-05,See what the IHS Markit Score report has to say about Abbott Laboratories.
2018-07-05,Free Technical Research on Abbott Laboratories and Three More Medical Equipment Equities
2018-07-03,See what the IHS Markit Score report has to say about Abbott Laboratories.
2018-06-29,Medical Device ETFs Still Look Healthy
2018-06-29,Interested In Pharmaceutical Stocks? Try Novartis (ADR)
2018-06-28,See what the IHS Markit Score report has to say about Abbott Laboratories.
2018-06-27,"The Zacks Analyst Blog Highlights: Facebook, Amgen, Abbott, Coca-Cola and 3M"
2018-06-27,"Stocks making the biggest moves in the premarket: CAG, PF, GIS, TEVA, WWE & more"
2018-06-26,Medtronic Announced a 9% Increase in Its Cash Dividend
2018-06-26,"Top Stock Reports for Facebook, Amgen & Abbott"
2018-06-26,See what the IHS Markit Score report has to say about Abbott Laboratories.
2018-06-26,Abbott Announces Freedom 2 Save Program for Employees to Address Student Debt
2018-06-25,New Late-Breaking Data at ADA Underscore Significant Benefits of Abbott's FreeStyle Libre System for People Living with Diabetes
2018-06-25,See what the IHS Markit Score report has to say about Abbott Laboratories.
2018-06-22,What You Must Know About Abbott Laboratories’s (NYSE:ABT) Financial Strength
2018-06-22,The Implied Analyst 12-Month Target For PBUS
2018-06-21,Tap Cardiovascular Devices Market Boom With These 3 Stocks
2018-06-20,Wall Street Analysts Are Mostly Positive on Celgene in June
2018-06-20,Abbott Hosts Conference Call for Second-Quarter Earnings
2018-06-19,"IUSG, ABT, ACN, TMO: ETF Inflow Alert"
2018-06-18,"Zacks Industry Outlook Highlights: Boston Scientific, Stryker, Medtronic, Abbott and Varian Medical"
2018-06-15,How Much Upside Do Analysts See for Stryker?
2018-06-15,3 High-Yield Stocks at Rock-Bottom Prices
2018-06-14,Should You Be Concerned With Abbott Laboratories’s (NYSE:ABT) -73.52% Earnings Drop?
2018-06-14,Allergan appoints former Abbott executive to its board
2018-06-14,See what the IHS Markit Score report has to say about Abbott Laboratories.
2018-06-14,"Report: Developing Opportunities within Abbott Laboratories, Markel, Microsoft, Gazit-Globe, National General, and ANGI Homeservices — Future Expectations, Projections Moving into 2018"
2018-06-14,Allergan Says Thomas Freyman To Join Board; Patrick O'Sullivan To Retire
2018-06-13,Cramer continues review of $100 billion club with 2018's ...
2018-06-13,DexCom Stock History
2018-06-13,Cramer introduces the market's newest high-quality stock group: The $100 billion club
2018-06-13,10 Dividend Aristocrats You Never Have to Worry About
2018-06-12,Boston Scientific Up on Possible Takeover Bid by Stryker
2018-06-08,"Daily Dividend Report: PM, GE, ABT, AMAT, CDK"
2018-06-08,Abbott Declares 378th Consecutive Quarterly Dividend
2018-06-08,"Bio-Rad Banks on Solid Global Scenario, Competition Rife"
2018-06-08,See what the IHS Markit Score report has to say about Abbott Laboratories.
2018-06-07,"Noteworthy ETF Inflows: IUSG, MA, ABT, PG"
2018-06-06,The brain stimulator communicator: Tears of joy are just a happy byproduct in manager’s line of work
2018-06-05,"For investors looking for a summer fling, one sector could fit the bill"
2018-06-05,Guardian Connect Expected to Be Medtronic’s Big Opportunity
2018-06-01,Abbott Launches Afinion 2 Analyzer Rapid Test in the U.S.
2018-05-31,Thursday's ETF with Unusual Volume: XHE
2018-05-31,Abbott Introduces the Afinion™ 2 Analyzer Rapid Test System for Diabetes Management
2018-05-30,Jim Cramer's List of 88 Stocks to Watch With Interest Rates Falling Again
2018-05-30,How Incyte’s Jakafi Performed in Q1 2018
2018-05-29,The 7 Best Long-Term Stocks for Risk-Off Investors
2018-05-29,Medical Device Stocks Could Be Gearing Up to Be Market Leaders
2018-05-29,"The Zacks Analyst Blog Highlights: Duke, Charter Communications, Abbott, UnitedHealth and Brown-Forman"
2018-05-28,2 Giant Medical Device Companies Transforming Diabetes
2018-05-28,Abbott Presents Positive Data for AMPLATZER Amulet Device
2018-05-25,How to Invest in Diabetes Stocks
2018-05-25,S&P 500 Analyst Moves: ABT
2018-05-25,"Top Stock Reports for Duke Energy, Charter Communications & Abbott"
2018-05-25,Five Top MedTech Stocks in Diabetes
2018-05-25,A Focus on Eye Care Is Setting Up Johnson & Johnson Stock for the Future
2018-05-25,Abbott Presents Positive Study Results for Tendyne Device
2018-05-24,"OEF, ABT, UTX, CAT: ETF Outflow Alert"
2018-05-24,"Abbott Gets FDA Nod for XIENCE Sierra, To Boost Vascular Wing"
2018-05-24,Abbott Labs and Three Additional Medical Equipment Stocks on Our Research Desk’s Radar
2018-05-23,Newest Generation of Leading Heart Stent is Now Approved in the U.S. for People with Coronary Artery Disease
2018-05-23,Abbott's Investigational Tendyne™ Device for Mitral Valve Replacement Demonstrates Positive Outcomes at 30 Days in Global Study
2018-05-22,Cardiovascular Systems Rides on New Products Amid Tight Race
2018-05-22,Five-Year Study Data Confirm Positive Outcomes for Patients When Abbott Diagnostic Tool Was Used to Guide Heart Stenting Decisions
2018-05-22,Abbott Reports Five-year Results From FAME 2 Study - Quick Facts
2018-05-21,The Performance of Roche’s Diagnostics Division in Q1 2018
2018-05-21,Shocking the Spine Offers an Alternative to Opioids
2018-05-18,Why Is Abbott (ABT) Up 2% Since Its Last Earnings Report?
2018-05-18,See what the IHS Markit Score report has to say about Abbott Laboratories.
2018-05-17,See what the IHS Markit Score report has to say about Abbott Laboratories.
2018-05-16,See what the IHS Markit Score report has to say about Abbott Laboratories.
2018-05-15,How Did Bausch + Lomb Perform in 1Q18?
2018-05-15,See what the IHS Markit Score report has to say about Abbott Laboratories.
2018-05-15,3 Top Healthcare Stocks to Buy in May
2018-05-14,Will Abbott Laboratories (NYSE:ABT) Continue To Underperform Its Industry?
2018-05-14,"Notable ETF Outflow Detected - VIG, ABT, UTX, LMT"
2018-05-11,[$$] Heart Device Procedure Is No Better Than Drug Therapy for Irregular Heartbeat: Study
2018-05-11,Merck vs. Pfizer: Which Stock Looks Better Post Q1 Earnings?
2018-05-09,A Overview of Merck’s Diabetes Products in 1Q18
2018-05-09,See what the IHS Markit Score report has to say about Abbott Laboratories.
2018-05-08,How Analysts View Allergan after Its 1Q18 Earnings
2018-05-08,A Look at Abbott Laboratories’ Valuation Multiples
2018-05-07,Is It Time To Buy Abbott Laboratories (NYSE:ABT)?
2018-05-07,A Brief Look at Abbott’s Alere Integration Progress and Recovery
2018-05-07,Discussing Abbott’s Market Position and Growth Prospects in China
2018-05-07,Abbott’s CRM Business Was Flat in 1Q18—What’s Ahead?
2018-05-04,"Despite Youth On Farm, Abbott Ventures Chief Avoids Spreading Manure"
2018-05-04,"Abbott’s Freestyle Libre CGM’s Performance, Growth Prospects"
2018-05-04,New Product Launches Drive ABT’s Medical Device Business
2018-05-04,ABT’s Medical Devices Business: A Key Growth Driver
2018-05-03,Abbott Laboratories’ Strong Organic Growth Momentum in 1Q18
2018-05-03,ABT’s Recent Stock Slump: What’s behind the Decline?
2018-05-03,Analysts’ Recent Recommendations and Target Price for ABT Stock
2018-05-03,Abbott Expands Cardiac Arrhythmias Portfolio with FDA Clearance of Advanced Mapping Catheter
2018-05-02,Abbott's XIENCE Sierra™ Heart Stent Receives National Reimbursement in Japan to Treat People with Coronary Artery Disease
2018-05-01,How AbbVie Makes its Money
2018-05-01,Wall Street Recommendations for GlaxoSmithKline after 1Q18
2018-05-01,Free Research Report as Intuitive Surgical’s Quarterly Revenue Surged 25%; Adjusted EPS Soared 43%
2018-04-30,June 2019 Options Now Available For Abbott Laboratories (ABT)
2018-04-30,Analysts Anticipate MGC To Hit $102
2018-04-27,9 Highest-Yielding Dividend Aristocrats to Buy Today
2018-04-26,Universal Health (UHS) Q1 Earnings & Revenues Lag Estimates
2018-04-26,"Stocks Rally As Investors Like Facebook Results, AMD Powers Chips"
2018-04-26,This Stock Play Is Finding Healthy Support In A Volatile Market
2018-04-25,Abbott Laboratories Registered Organic Growth of 7% in 1Q18
2018-04-25,"Anthem (ANTM) Beats on Q1 Earnings, Raises '18 Guidance"
2018-04-25,"SPYG, ABT, CRM, CHTR: ETF Inflow Alert"
2018-04-24,"Centene (CNC) Q1 Earnings & Revenues Top, '18 View Lowered"
2018-04-24,Will BSX’s 1Q18 Results Support Its Upward Trend?
2018-04-23,Boston Scientific’s 1Q18 Revenues: What to Expect
2018-04-23,Johnson & Johnson’s Revenues Continued to Rise in 1Q18
2018-04-23,"Sanquin Selects Abbott's ""Alinity™ s"" Solution for Blood and Plasma Screening"
2018-04-23,"The Zacks Analyst Blog Highlights: Goldman, Abbott, Altria, PayPal and Progressive"
2018-04-23,[$$] Amber Rudd promises easier route to citizenship for Windrush migrants
2018-04-23,[$$] Rudd announces measures to help Windrush generation
2018-04-20,"Top Analyst Reports for Goldman Sachs, Abbott & Altria"
2018-04-20,5 Dividend Growth Stocks With Upside To Analyst Targets
2018-04-20,Abbott Extends Title Sponsorship of Abbott World Marathon Majors through 2023
2018-04-19,"Aortic Stenosis, And The Race To Catch Edwards Lifesciences&apos; Heart Valves"
2018-04-19,Abbott Laboratories (ABT) Q1 2018 Earnings Conference Call Transcript
2018-04-18,Abbott Shares Topple After Pharma Unit Struggles In First Quarter
2018-04-18,"Health Care Sector Update for 04/18/2018: SLDB,FCSC,ABT,ENDP,EGRX"
2018-04-18,Abbott Laboratories (ABT) Q1 2018 Earnings Conference Call Transcript
2018-04-18,"Dow Declines Slightly as S&P 500, Nasdaq Post Modest Gains"
2018-04-18,Dow Searches for Direction as IBM Shares Retreat
2018-04-18,3 Hot Reads From TheStreet's Top Premium Columnists
2018-04-18,"Health Care Sector Update for 04/18/2018: FCSC,ABT,ENDP,EGRX"
2018-04-18,Is Abbott Laboratories’s (NYSE:ABT) Balance Sheet Strong Enough To Weather A Storm?
2018-04-18,"Abbott (ABT) Q1 Earnings & Revenues Top, '18 View Retained"
2018-04-18,Abbott Laboratories Stock Slips Despite Earnings Beat
2018-04-18,"Q1 Earnings Keep Markets in the Green: MS, USB, ABT & TXT"
2018-04-18,"Abbott sticks to earlier forecasts, disappoints investors"
2018-04-18,Abbott CEO: New Glucose Device's U.S. Launch 'Has Gone Exceptionally Well'
2018-04-18,"Abbott (ABT) Q1 Earnings & Revenues Top, &apos;18 View Retained"
2018-04-18,"Morning Movers: Morgan Stanley Gains, Intuitive Surgical Climbs, First Solar Shines"
2018-04-18,Dow Trades Lower as IBM Shares Retreat
2018-04-18,"MS, USB, ABT & TXT Leads Q1 Earnings"
2018-04-18,Stocks Fall as IBM's Retreat Pulls the Dow Lower
2018-04-18,Stocks Rise Following Strong Earnings From Morgan Stanley
2018-04-18,Abbott (ABT) Beats on Earnings and Revenues in Q1
2018-04-18,"Health Care Sector Update for 04/18/2018: ABT, FCSC, ENDP, SLDB"
2018-04-18,Abbott Laboratories Earnings Top Views On Solid Organic Sales
2018-04-18,"Abbott Laboratories Tops Q1 Earnings Estimates, Issues Full Year Guidance"
2018-04-18,"Abbott Labs beats profit and sales expectations, shares slip"
2018-04-18,Abbott: 1Q Earnings Snapshot
2018-04-18,Abbott Reports First-Quarter 2018 Results
2018-04-18,"Earnings Reaction History: Abbott Laboratories, 63.6% Follow-Through Indicator, 2.4% Sensitive"
2018-04-18,Abbott Laboratories Q1 18 Earnings Conference Call At 9:00 AM ET
2018-04-18,Abbott Laboratories Q1 adjusted earnings Beat Estimates
2018-04-18,"Earnings In Focus: Apr. 18 (ABT, PIR, STLD)"
2018-04-18,5 Amazing Earnings Charts This Week
2018-04-17,"Amex, Morgan Stanley, Beige Book — What you need to know in markets on Wednesday"
2018-04-17,Glucose Monitoring Device in Focus as Abbott Preps to Unveil Earnings
2018-04-17,"Pre-Market Earnings Report for April 18, 2018 :  ABT, MS, ASML, USB, TXT, MTG, QCRH"
2018-04-17,Varian Medical (VAR) Q2 Earnings: Is a Surprise in Store?
2018-04-17,"IWD, ABT, MDT, CVS: ETF Outflow Alert"
2018-04-17,Can Hospital-Products Unit Aid Baxter (BAX) in Q1 Earnings?
2018-04-17,Abbott's New Ensure® Max Protein Helps Americans Go for Their #HealthGoals
2018-04-17,"Investor Expectations to Drive Momentum within Bank of America, Abbott Laboratories, Analog Devices, Mohawk Industries, Maxwell Technologies, and Oracle — Discovering Underlying Factors of Influence"
2018-04-16,3 Stocks to Buy Ahead of Earnings
2018-04-16,Can Instruments Drive Intuitive Surgical (ISRG) Q1 Earnings?
2018-04-16,Will Core Segmental Growth Aid Stryker (SYK) in Q1 Earnings?
2018-04-16,Is Abbott Laboratories (NYSE:ABT) Worth $58.49 Based On Intrinsic Value?
2018-04-13,Can Solid Medical Devices Drive Abbott's (ABT) Q1 Earnings?
2018-04-13,Can Solid Medical Devices Drive Abbott&apos;s (ABT) Q1 Earnings?
2018-04-12,Can Solid EPD Business Drive Abbott's (ABT) Q1 Earnings?
2018-04-12,Can Solid EPD Business Drive Abbott&apos;s (ABT) Q1 Earnings?
2018-04-11,Can Steady Overall Growth Drive Abbott's (ABT) Q1 Earnings?
2018-04-11,Can Steady Overall Growth Drive Abbott&apos;s (ABT) Q1 Earnings?
2018-04-11,"Abbott Laboratories (ABT) Ex-Dividend Date Scheduled for April 12, 2018"
2018-04-11,Abbott Initiates Groundbreaking Study to Assess Superiority of High-Resolution Imaging Versus Standard-of-Care Angiography in Treating Coronary Artery Disease
2018-04-11,Abbott’s Latest Valuation Metrics in April 2018
2018-04-10,Abbott Laboratories Stock Performance in 1Q18
2018-04-10,Will Buyouts Help Quest Diagnostics (DGX) Beat Q1 Earnings?
2018-04-10,"Ex-Dividend Reminder: PerkinElmer, Patterson Companies and Abbott Laboratories"
2018-04-10,"Abbott Laboratories Goes Ex-Dividend on April 12, 2018"
2018-04-10,Abbott’s Stock Price Momentum Continues: What’s Ahead?
2018-04-10,See what the IHS Markit Score report has to say about Abbott Laboratories.
2018-04-10,Analysts’ Latest Recommendations and Target Prices for Abbott
2018-04-09,New Trial Data Show Improved Clinical Outcomes with HeartMate3
2018-04-09,"MitraClip Drives Growth, Gets Reimbursement Approval in Japan"
2018-04-09,Abbott Initiates CardioMEMS HF System’s Clinical Trial
2018-04-06,What’s behind Edwards Lifesciences’ Latest Valuation
2018-04-05,Edwards Lifesciences Gets CE Mark Approval for Its Centera Valve
2018-04-05,Johnson & Johnson’s Business Segments in 2017
2018-04-05,Varian’s HyperArc: Driven by Rising Metastatic Brain Cancer?
2018-04-04,"Health Care Sector Update for 04/04/2018: SNN,AMRN,GSK,LLY"
2018-04-04,What’s Driving Boston Scientific Stock Upward
2018-04-04,Wall Street’s Recommendations for BSX Stock
2018-04-04,Boston Scientific Announces Acquisition of Securus Medical
2018-04-04,Can HOLX Stock Rebound from Its Recent Lows?
2018-04-04,What’s behind Edwards Lifesciences’ Stock Rise?
2018-04-04,Analysts Give Edwards Lifesciences Mostly ‘Buy’ Ratings
2018-04-04,Former Alere CEO named to head another medical device giant
2018-04-04,Smith & Nephew picks new CEO who sold his last company
2018-04-02,Abbott Starts GUIDE-HF Clinical Trial for CardioMEMS Device
2018-04-02,How Eli Lilly’s Cardiovascular Products Performed in 4Q17
2018-04-02,Analysts’ Recommendations for Bristol-Myers Squibb in March 2018
2018-04-01,Better Buy: AbbVie Inc. vs. Johnson & Johnson
2018-03-30,More Controversy Over Major Cardiology Clinical Trial
2018-03-30,Discussing BDX’s Recent Stock Price Performance
2018-03-30,Analysts’ Recommendations on BD Stock in March 2018
2018-03-29,What’s behind Omeros’s Cash Flow
2018-03-29,Analysts’ Ratings for Omeros and Peers in March 2018
2018-03-29,These medical devices are getting better at treating chronic pain
2018-03-29,Sum Up The Pieces: SPLV Could Be Worth $51
2018-03-29,Abbott Initiates Trial to Evaluate Improved Survival And Outcomes with the CardioMEMS Monitor
2018-03-28,[$$] Bigfoot Biomedical Adds $18 Million to Series B to Manage Diabetes
2018-03-28,Trade War Fears Grip MedTech:  3 Stocks on the Line of Fire
2018-03-28,Baxter International Created a New Reporting Structure for 2018
2018-03-28,Baxter International’s 2018 Revenues Expected to See Modest Rise
2018-03-28,"It's Not Final 4 But WashU, Wisconsin Fight on Other Court"
2018-03-27,Analysts’ March 2018 Ratings for Baxter International and Peers
2018-03-27,What Wall Street Analysts Recommend for Medtronic Stock
2018-03-27,A Look at Medtronic’s Technical Indicators
2018-03-27,Trade War Fears Triggered Medtronic’s Stock Decline on March 23
2018-03-27,"Notable ETF Inflow Detected - IWD, ABT, MDT, PNC"
2018-03-26,Is Pfizer's Best Option Now a Consumer Healthcare Spinoff?
2018-03-26,Is Pfizer&apos;s Best Option Now a Consumer Healthcare Spinoff?
2018-03-26,See what the IHS Markit Score report has to say about Abbott Laboratories.
2018-03-23,Edwards (EW) Completes Enrollment for PARTNER 3 Sub-Study
2018-03-23,Abbott's Alere resolves U.S. diagnostic device probe for $33.2 mln
2018-03-23,See what the IHS Markit Score report has to say about Abbott Laboratories.
2018-03-22,Baxter (BAX) Closes Acquisition of RECOTHROM & PREVELEAK
2018-03-22,Can Boston Scientific's Pain be a Boon for Edwards & Others?
2018-03-22,See what the IHS Markit Score report has to say about Abbott Laboratories.
2018-03-22,What Could Boost Haemonetics’ Revenues in Future Years
2018-03-21,Abbott Hosts Conference Call for First-Quarter Earnings
2018-03-21,See what the IHS Markit Score report has to say about Abbott Laboratories.
2018-03-21,HAE Is Well Placed to Compete in Plasma Collection in Fiscal 2018
2018-03-20,Goldman Sachs Backs Emerging Markets: MedTech Stocks in Focus
2018-03-20,Abbott's MitraClip Therapy Wins Reimbursement Nod From MHLW
2018-03-20,Plasma Remains an Attractive Business for HAE
2018-03-20,Abbott&apos;s MitraClip Therapy Wins Reimbursement Nod From MHLW
2018-03-20,Plasma Continues to Drive Strong Growth for HAE in Fiscal 2018
2018-03-20,What Are Thermo Fisher Scientific’s Current Valuations?
2018-03-20,HAE Expects a Modest Net Profit Margin Expansion in Fiscal 2018
2018-03-20,How TMO Stock Has Performed Recently
2018-03-20,"ARNA Soars After-hours, Remoxy Now 2 Steps Away From Approval, APLS On Watch"
2018-03-19,HAE Is Expected to Report Flat Revenue Performance in Fiscal 2018
2018-03-19,What Investors Should Know about TMO’s Dividends
2018-03-19,5 Dividend Growth Stocks With Upside To Analyst Targets
2018-03-19,Abbott's MitraClip Therapy Receives National Reimbursement in Japan to Treat Patients with Mitral Regurgitation
2018-03-19,See what the IHS Markit Score report has to say about Abbott Laboratories.
2018-03-19,A Look at TMO’s New High Pressure Ion Chromatography System
2018-03-18,Cardiology World Erupts Into Controversy Over Change In Major Clinical Trial
2018-03-17,2 Stocks That Pay You
2018-03-17,Happy St Patrick’s Day! America braces for a multibillion-dollar hangover
2018-03-16,TMO’s Advanced Laboratory Management System Could Gain Market Share
2018-03-16,What Analysts Recommend for Thermo Fisher Scientific
2018-03-15,Assessing Pfizer’s 4Q17 Quarterly Revenue Trend
2018-03-15,"Noteworthy ETF Inflows: IHI, ABT, BDX, SYK"
2018-03-15,Diabetes Devices Market on a Tear: 3 Stocks for Solid Returns
2018-03-15,Capitol to Capital: Cramer's 'Mad Money' Recap (Wednesday 3/14/18)
2018-03-14,Why ConMed Is Expected to Report a Slight Rise in Its Net Profit Margin in 2018
2018-03-14,Why ConMed Is Expected to Report Robust Revenue Growth in 2018
2018-03-14,Siemens Healthineers IPO likely to price at 28 euros per share - sources
2018-03-14,ConMed and Peers in 2018: Analyst Recommendations
2018-03-14,See what the IHS Markit Score report has to say about Abbott Laboratories.
2018-03-13,10 Dividend Aristocrats You Never Have to Worry About
2018-03-13,See what the IHS Markit Score report has to say about Abbott Laboratories.
2018-03-13,Tech Stalwarts Lead the Way: Cramer's 'Mad Money' Recap (Monday 3/12/18)
2018-03-12,A Look at Analysts’ Recent Recommendations for Medtronic Stock
2018-03-12,Medtronic Launches Its Resolute Onyx 2.0 mm DES
2018-03-12,"SVRA Disappoints, SNY/REGN's Praluent Price To Be Cut, OBSV On Watch"
2018-03-11,New Long-Term Data Show Improved Survival and Lower Rates of Stroke and Pump Thrombosis for Abbott's HeartMate 3 Heart Pump
2018-03-11,Abbott Announces New Clinical Trial Data From MOMENTUM 3 Clinical Study
2018-03-09,FDA Approves Arm Indication for Medtronic’s Guardian Sensor 3
2018-03-09,Medtronic Strengthens Diabetes Business with MiniMed Infusion Set
2018-03-09,NYSE trader: Ride out this 9 year bull market for another 18 months
2018-03-09,Moody's: Outlook for US medical products and devices industry changed to positive
2018-03-09,Is Big Pharma Using Corporate Tax Savings to Lower Drug Costs?
2018-03-09,What’s Abbott Laboratories’ Current Valuation?
2018-03-08,What Wall Street Analysts Recommend for ABT Stock
2018-03-08,ABT Gets FDA Approval for World’s Smallest Mechanical Heart Valve
2018-03-08,Abbott Laboratories Enters Collaboration Agreement with Surmodics
2018-03-08,See what the IHS Markit Score report has to say about Abbott Laboratories.
2018-03-08,BSX Stock Rises More Than 2% Following EMcision Acquisition
2018-03-07,Siemens' Healthineers share listing fully subscribed - bookrunner
2018-03-07,"Abbott Gets FDA Nod for Masters HP 15mm, Boosts Portfolio"
2018-03-07,Where Is SYK Stock Headed after Its Recent All-Time Highs?
2018-03-07,"FDA Approves New HIV Drug, Mark Your Calendar For BHVN, Watch Out For ZFGN"
2018-03-06,FDA Approves the World's Smallest Mechanical Heart Valve for Pediatric Patients with Heart Defects
2018-03-06,Abbott Gets OK For Tiny Heart Valve That Saved This Infant
2018-03-06,FDA approves Abbott's pediatric heart valve
2018-03-06,Abbott's Masters HP15mm Heart Valve Gets FDA Approval
2018-03-06,iShares Russell 1000 Value ETF Experiences Big Inflow
2018-03-06,What’s Stryker’s Guidance for 2018 and Beyond?
2018-03-06,Here’s What Will Fuel Stryker’s Long-Term Leveraged Earnings Gain
2018-03-06,12 Beaten Down Health Care Stocks Set to Rebound
2018-03-05,Senator Asks Drug Companies What They'll Do With Extra Cash From Big Tax Cut
2018-03-05,Stryker’s Ischemic Stroke Market Expands on FDA Update
2018-03-05,Latest Recommendations on SYK: Most Analysts Call It a ‘Buy’
2018-03-05,Here's My Top Stock to Buy in March
2018-03-04,"Benzinga's Insider Buys Of The Week: Abbott Labs, Hain Celestial, Parsley Energy And More"
2018-03-04,3 Stocks With Blazingly Fast-Growing Dividends
2018-03-04,Weekly Top Insider Buys Highlight for the Week of March 2
2018-03-02,Johnson & Johnson to Pay Dividend of $0.84 on March 13
2018-03-02,Boston Scientific: Analysts’ Ratings in February 2018
2018-03-01,"Zacks Industry Outlook Highlights: Abbott, Becton and Dickinson, Stryker, Varian Medical and Boston Scientific"
2018-03-01,Abbott to Strengthen Vascular Care Arm With Surmodics Deal
2018-03-01,How Tax Cuts and Jobs Act Impacted Align’s 4Q17 Earnings
2018-03-01,Abbott to Present at the Barclays Capital 2018 Global Healthcare Conference
2018-03-01,Bet on Big Pharma: A Six-Pack of Top Tier Drug Stocks
2018-02-28,MedTech&apos;s Long-Term Prospects Outweigh Near-Term Risks
2018-02-28,"Zacks Industry Outlook Highlights: Johnson & Johnson, Medtronic, Covidien and Smith & Nephew, Abbott Labs and Boston Scientific"
2018-02-27,"Surmodics, Abbott ink licensing deal worth up to $92M"
2018-02-27,Mid-Day Update: Stocks Turn Negative as Powell Spooks Wall Street With Hint of Four Rate Hikes
2018-02-27,Medtronic’s Updated 2018 Guidance
2018-02-27,Stay Long Abbott Labs' Investors
2018-02-27,Medtronic’s Minimally Invasive Therapies Group in 3Q18
2018-02-27,Abbott and Surmodics Announce Agreement for Next-Generation Drug-Coated Balloon
2018-02-27,What Drove Medtronic’s Cardiac and Vascular Group in 3Q18
2018-02-26,How Tax Reform Affected Medtronic’s 3Q18 Performance
2018-02-26,Medtronic Recovers from 1H18 Disasters with Robust 3Q18 Sales
2018-02-26,"What Analysts Recommend for Medtronic, Post-3Q18 Results"
2018-02-26,George Soros Just Bought These 2 Biotech Stocks. Should You?
2018-02-23,Abbott (ABT) Down 6.7% Since Earnings Report: Can It Rebound?
2018-02-23,"IUSG, MCD, ABT, AMGN: ETF Inflow Alert"
2018-02-23,Abbott Laboratories’ Stock Performance after a Recent Bull Run
2018-02-22,Abbott Laboratories: ABT Stock’s Wall Street Recommendations
2018-02-22,Abbott Laboratories’ Breast Cancer Study with Angle
2018-02-22,Abbott Laboratories’ LibreLink App in Europe
2018-02-22,Abbott Laboratories’ 377th Consecutive Quarterly Dividend
2018-02-22,[$$] Union claims success at start of strike by UK university lecturers
2018-02-21,There Are Better Options Than Medtronic PLC Stock
2018-02-21,Analysts’ Latest Recommendations on Boston Scientific Stock
2018-02-21,Boston Scientific’s Updated 2018 Guidance: What’s in Store?
2018-02-21,BSX’s Investment and Acquisition Option Agreement with Millipede
2018-02-21,Trial Tests FTC’s Power to Referee Drug Makers’ Fight Against Generics
2018-02-20,Healthcare costs to put more stress on the family budget
2018-02-20,How Did JNJ’s Surgical Devices Segment Perform in 4Q17 and 2017?
2018-02-20,US Tax Reform Impacted Boston Scientific’s Profits in 4Q17
2018-02-20,Trial Tests FTC's Power to Referee Drugmakers' Fight Against Generics
2018-02-20,Pacemakers Continue to Drag on BSX’s Rhythm Management Segment
2018-02-19,"BSX Interventional Cardiology’s Growth Drivers, Product Pipeline"
2018-02-19,Abbott Labs Declares Quarterly Dividend
2018-02-19,Drug-Eluting Technologies Drive BSX’s Peripheral Interventions
2018-02-19,Is AbbVie or Gilead Sciences Stock a Better Buy?
2018-02-19,Major Drivers of Boston Scientific’s MedSurg Business Growth in 2018
2018-02-16,"Abbott Laboratories (ABT) Files 10-K for the Fiscal Year Ended on December 31, 2017"
2018-02-16,Abbott Laboratories (NYSE:ABT): Does The -66.57% Earnings Decline Make It An Underperformer?
2018-02-16,Boston Scientific’s 4Q17 Sales Exceeded Analysts’ Estimates
2018-02-16,Abbott Laboratories Jumps After Boosting Quarterly Dividend
2018-02-16,BSX’s Anticipated Lotus Valve Relaunch: Not before 2019
2018-02-16,FDA Grants Agios' (AGIO) Leukemia Candidate Priority Review
2018-02-16,BSX Stock Regains Momentum after Its Recent Bearish Trend
2018-02-16,"Cardiovascular Systems Portfolio Solid, Competition Rife"
2018-02-16,Abbott Declares 377th Consecutive Quarterly Dividend
2018-02-16,FDA Grants Agios&apos; (AGIO) Leukemia Candidate Priority Review
2018-02-16,"Did AbbVie, Inc. Just Become the Most Shareholder-Friendly Stock in America?"
2018-02-15,A Snapshot Of Abbott Labs' Business
2018-02-15,"Noteworthy ETF Outflows: IWB, MDT, UNP, ABT"
2018-02-15,Today’s Research Reports on Trending Tickers: Gilead Sciences and Abbott Laboratories
2018-02-15,7 ‘Strong Buy’ Stocks That Look Cheap Right Now
2018-02-14,Heartbreak And Desire: 11 Of Our Favorite Wall Street Love Stories
2018-02-14,Analysts Anticipate XRLV To Hit $37
2018-02-13,What Analysts Recommend for Medtronic ahead of 1Q18 Earnings
2018-02-13,Will Medtronic See Lower Sales Again in 3Q18?
2018-02-13,What Wall Street Thinks about BD after 1Q18 Earnings Release
2018-02-13,Investor Update: BD’s Recent Dividend Announcement
2018-02-12,How Bard Acquisition Could Benefit BD
2018-02-12,What BD Expects for 2018
2018-02-12,How BD Stock Has Performed in the Last Year
2018-02-12,Abbott's FreeStyle LibreLink App Now Available in Europe
2018-02-12,How Did BDX’s LifeSciences Business Perform in Fiscal 1Q18?
2018-02-12,Abbott&apos;s FreeStyle LibreLink App Now Available in Europe
2018-02-12,BDX’s Fiscal 1Q18 Earnings Results Beat Analysts’ Estimates
2018-02-11,3 Top Healthcare Stocks to Buy in February
2018-02-09,Becton Dickinson’s Fiscal 1Q18 Sales Growth of 5.7% Beat Estimates
2018-02-09,See what the IHS Markit Score report has to say about Abbott Laboratories.
2018-02-08,"With A Recent ROE Of 1.33%, Can Abbott Laboratories (NYSE:ABT) Catch Up To Its Industry?"
2018-02-07,Vanguard Value ETF Experiences Big Outflow
2018-02-07,5 Dividend Aristocrats Where Analysts See Capital Gains
2018-02-07,Abbott's App for FreeStyle® Libre System Now Available in Europe for Both iPhone™ and Android™
2018-02-06,"Centene (CNC) Beats Q4 Earnings & Revenues, Ups '18 View"
2018-02-06,3 Top-Rated Dividend Aristocrats For 2018
2018-02-06,Reading into Abbott Laboratories’ Valuation
2018-02-06,Understanding Abbott Laboratories’ Latest 2018 Guidance
2018-02-05,Why Abbott Laboratories’ Product Pipeline Is Expected to Boost 2018
2018-02-05,Why Abbott Laboratories Plans to Focus on Organic Growth in 2018
2018-02-05,What’s ahead for Abbott Laboratories’ Medical Device Unit?
2018-02-02,How Much Can Abbott's Stock Move In 2018?
2018-02-02,Novartis’s 4Q17 Revenues and Fiscal 2017 Revenues
2018-02-02,Abbott Witnesses Stability in Its International Pediatric Nutrition Sales in 4Q17
2018-02-02,How Tax Reform Affected Abbott’s 4Q17 Performance
2018-02-02,Review of ZBH’s 2018 Operating Plan: What’s the Plan?
2018-02-02,Wall Street Analysts’ Recommendations for JNJ in January 2018
2018-02-02,These Developments Impacted Abbott Laboratories the Most in Fiscal 2017
2018-02-01,Inside Abbott Laboratories’ 4Q17 Earnings Results: Key Highlights
2018-02-01,"Boston Scientific Tops Fourth-Quarter Sales Views, Earnings In Line"
2018-02-01,Abbott Laboratories on the Street: Analyst Recommendations after the 4Q17 Results
2018-02-01,Abbott Laboratories Traded at a 52-Week High after Posting Strong 4Q17 Results
2018-02-01,ZBH’s 4Q17 Earnings Results Meet Analysts’ Estimates
2018-02-01,Varian Medical Acquires Sirtex for $1.3 Billion: Highlights
2018-02-01,ZBH’s 4Q17 Sales Exceed Sales Estimates
2018-02-01,A Look at Johnson & Johnson’s 2018 Guidance
2018-02-01,A Look at Analysts’ Estimates for Johnson & Johnson
2018-02-01,How Does Wall Street View ZBH after Its 4Q17 Earnings Results?
2018-02-01,"Market Trends Toward New Normal in Alexander's, Atrion, FS, Gilead Sciences, Abbott Laboratories, and Johnson & Johnson — Emerging Consolidated Expectations, Analyst Ratings"
2018-02-01,J&J Accelerates Near-Term Goals in Medical Device Business
2018-01-31,Developments in J&J’s Medical Device Business Could Drive Growth
2018-01-31,"Anthem (ANTM) Tops Q4 Earnings & Revenues, Issues '18 View"
2018-01-31,See what the IHS Markit Score report has to say about Abbott Laboratories.
2018-01-30,"HCA Healthcare's (HCA) Q4 Earnings, Revenues Beat Estimates (Revised)"
2018-01-30,"VTV, GE, AMGN, ABT: ETF Inflow Alert"
2018-01-29,"MedTech Stock Q4 Earnings Slated for Jan 30: SYK, ZBH, ALGN"
2018-01-29,See what the IHS Markit Score report has to say about Abbott Laboratories.
2018-01-28,The 5 Best Dividend Aristocrats For 2018
2018-01-27,Don’t Chase AbbVie Inc Stock After Its Huge Earnings Win
2018-01-26,How AbbVie Makes its Money
2018-01-26,This Explains Why Senseonics Holdings Inc. Is Falling Today
2018-01-26,ABT Crosses Above Average Analyst Target
2018-01-26,Analysts Take Action on Abbott and Bluebird Bio
2018-01-26,Boston Scientific's (BSX) Millipede Deal Aids MR Business
2018-01-26,ZBH Stock Price Momentum Likely to Trend Upward
2018-01-26,Pfizer’s 4Q17 Estimates: Products with Lower Sales
2018-01-26,"Abbott's Acquisitive CEO Turns To Paying Debt, Boosting Research"
2018-01-26,See what the IHS Markit Score report has to say about Abbott Laboratories.
2018-01-26,Will ZBH Beat Wall Street Earnings Estimates in 4Q17?
2018-01-26,Free Post Earnings Research Report: Accuray’s Revenue Advanced 15%; Net Loss Narrowed
2018-01-25,Increasingly Bullish Wall Street Ratings for ZBH
2018-01-25,6 Reasons Why William Blair Turned Bullish On Abbot Laboratories
2018-01-25,Interesting ABT Put And Call Options For March 9th
2018-01-25,What to Expect from Thermo Fisher Scientific’s 4Q17 Revenues
2018-01-25,Thermo Fisher Scientific Stock Hit 52-Week High on January 23
2018-01-25,Analyst Ratings for Thermo Fisher Scientific before 4Q17 Results
2018-01-25,Exclusive - J&J out of race for Pfizer's $20 billion consumer unit as deadline looms
2018-01-25,See what the IHS Markit Score report has to say about Abbott Laboratories.
2018-01-25,How Congress used the shutdown deal to cut more taxes
2018-01-25,Asian Shares Slide Amid Trade Concerns
2018-01-25,European Shares Set To Extend Losses On Dollar Weakness
2018-01-25,The Ups and Downs of This Market: Cramer's 'Mad Money' Recap (Wednesday 1/24/18)
2018-01-24,Abbott Shares Jump After Global Sales Surge
2018-01-24,"Sensex, Nifty Seen Up As Govt Kicks Off Banking Reforms"
2018-01-24,Soft Start Predicted For Thai Stock Market
2018-01-24,Abbott Spikes To Record After Topping Quarterly Expectations
2018-01-24,"Health Care Sector Update for 01/24/2018: ABT,BSX,SHPG,SYBX"
2018-01-24,Markets Right Now: Tech losses weigh on US stock indexes
2018-01-24,"Wednesday Sector Leaders: Healthcare, Materials"
2018-01-24,Continued Consolidation Called For Indonesia Bourse
2018-01-24,Deals of the day-Mergers and acquisitions
2018-01-24,Hong Kong Market May Open Under Pressure On Thursday
2018-01-24,Profit Taking Expected For China Stock Market
2018-01-24,Taiwan Bourse Expected To Extend Wednesday's Losses
2018-01-24,Rally May Stall For Singapore Stock Market
2018-01-24,Losses May Accelerate For Malaysia Stock Market
2018-01-24,"S&P 500, Nasdaq Slide as Strength Doesn't Always Lead to More Strength"
2018-01-24,Markets Keep Gaining Amid Strong Corporate Earnings
2018-01-24,South Korea Shares May Run Out Of Steam On Thursday
2018-01-24,Abbott to take a pause after deal spree
2018-01-24,Plethora of Q4 Earnings Amid New Market Highs
2018-01-24,"Abbott Labs CEO: We're Focused on Paying Down Debt, Not M&A"
2018-01-24,"Major Averages Finish Mixed, Dow Reaches Record Closing High - U.S. Commentary"
2018-01-24,"Abbott (ABT) Tops Q4 Earnings and Revenues, Issues Guidance"
2018-01-24,Abbott Shares Higher on Fourth-Quarter Results
2018-01-24,"Abbott reports 4Q loss, adjusted income beats estimate"
2018-01-24,"Abbott's fourth-quarter results, 2018 profit forecast beat estimates"
2018-01-24,Abbott (ABT) Beats Earnings and Revenue Estimates in Q4
2018-01-24,"Health Care Sector Update for 01/24/2018: JNJ, PFE, ABT, MRK, AMGN, STML, AERI, BSX"
2018-01-24,Abbott Labs Posting Strong Gain On Better Than Expected Q4 Results
2018-01-24,Abbott results beat on strong medical device business
2018-01-24,Abbott posts quarterly loss on $1.4 bln tax charge
2018-01-24,Abbott Reports Fourth-Quarter 2017 Results
2018-01-24,"Earnings Reaction History: Abbott Laboratories, 63.6% Follow-Through Indicator, 2.4% Sensitive"
2018-01-24,Stocks Turn Mixed After Reaching Record Intraday Highs - U.S. Commentary
2018-01-24,Major Averages Reach New Record Highs In Morning Trading - U.S. Commentary
2018-01-24,Abbott Laboratories Q4 17 Earnings Conference Call At 9:00 AM ET
2018-01-24,Abbott Laboratories Reports Rise In Q4 Bottom Line
2018-01-24,"Earnings In Focus: Jan. 24 (ABT, CMCSA, F, GE, WHR)"
2018-01-24,This Week's Amazing Earnings Charts
2018-01-23,"Pre-Market Earnings Report for January 24, 2018 :  CMCSA, GE, UTX, ABT, GD, ITW, NSC, TEL, PGR, NVS, APH, RCL"
2018-01-23,Analysts Take Action on Health Care Stocks
2018-01-22,"Noteworthy ETF Outflows: IWB, AMGN, GILD, ABT"
2018-01-22,ABT Stock Trading Near Its All-Time High: What’s Driving Growth?
2018-01-22,See what the IHS Markit Score report has to say about Abbott Laboratories.
2018-01-22,What to Expect from Abbott Laboratories’ 4Q17 Results
2018-01-22,Merck & Co.’s Cardiovascular and Immunology Products in 3Q17
2018-01-21,3 Fastest-Growing Diabetes Stocks of 2018 -- According to Wall Street
2018-01-19,Will Abbott’s 4Q17 Sales Results Exceed Analysts’ Expectations?
2018-01-19,Will Varian Medical Systems’ Sales Decline Again in 1Q18?
2018-01-19,Wall Street Is Increasingly Bullish on ABT ahead of 4Q17 Results
2018-01-19,Can Diagnostics Business Drive Abbott's (ABT) Q4 Earnings?
2018-01-19,Merck & Co.’s Human Vaccines Business in 3Q17
2018-01-19,Analysts’ Recommendations for Amgen in January 2018
2018-01-19,Can Diagnostics Business Drive Abbott&apos;s (ABT) Q4 Earnings?
2018-01-19,See what the IHS Markit Score report has to say about Abbott Laboratories.
2018-01-18,Can EPD & Medical Devices Drive Abbott's (ABT) Q4 Earnings?
2018-01-18,See what the IHS Markit Score report has to say about Abbott Laboratories.
2018-01-18,Can EPD & Medical Devices Drive Abbott&apos;s (ABT) Q4 Earnings?
2018-01-17,S&P 500 Analyst Moves: ABT
2018-01-17,General Electric (GE): Does Breaking Up Make Sense?
2018-01-17,5 Soaring ‘Strong Buy’ Stocks Ahead of Earnings Season
2018-01-16,See what the IHS Markit Score report has to say about Abbott Laboratories.
2018-01-15,See what the IHS Markit Score report has to say about Abbott Laboratories.
2018-01-12,iShares Edge MSCI USA Momentum Factor ETF Experiences Big Inflow
2018-01-12,Abbott's (ABT) Diabetes Care Unit Strong on FreeStyle Libre
2018-01-12,Abbott&apos;s (ABT) Diabetes Care Unit Strong on FreeStyle Libre
2018-01-12,See what the IHS Markit Score report has to say about Abbott Laboratories.
2018-01-12,3 of the Best Dividend Aristocrats for Retirement
2018-01-11,Miles White's Bold Moves Made Abbott Laboratories A Global Force
2018-01-11,See what the IHS Markit Score report has to say about Abbott Laboratories.
2018-01-11,Stryker’s Latest Valuation Metrics
2018-01-11,Miles White&apos;s Bold Moves Made Abbott Laboratories A Global Force
2018-01-10,"Notable Wednesday Option Activity: ABT, NOV, JPM"
2018-01-10,Stryker Stock: Wall Street Recommendations and Target Price
2018-01-10,Stryker Announces Preliminary 4Q17 and Fiscal 2017 Results
2018-01-10,"Abbott Laboratories (ABT) Ex-Dividend Date Scheduled for January 11, 2018"
2018-01-10,A Look at Baxter International’s Capital Allocation Strategy
2018-01-10,What’s Driving Baxter International’s Cash Flow Growth
2018-01-09,Baxter International’s Profit Margins Expected to Expand
2018-01-09,Wall Street Shows Confidence in BAX Stock
2018-01-09,"Ex-Dividend Reminder: Patterson Companies, AbbVie and Abbott Laboratories"
2018-01-09,See what the IHS Markit Score report has to say about Abbott Laboratories.
2018-01-08,"Celgene makes a deal, Nvidia teams up with Uber, Ford to add more muscle to F-150"
2018-01-08,Mylan To Close $1 Bln Share Repurchase Plan
2018-01-07,2 Top Dividend Stocks to Buy in 2018
2018-01-05,A Look At Johnson & Johnson's Medical Devices Segment
2018-01-04,"Medicare to cover new glucose monitor, giving Abbott an edge over rival Dexcom"
2018-01-04,This News Explains Why DexCom Is Dropping Today
2018-01-04,CMS to cover Abbott's glucose monitoring device
2018-01-04,"Abbott's Revolutionary Continuous Glucose Monitoring System, FreeStyle® Libre, Now Available To Medicare Patients"
2018-01-03,Analysts Take Action on Health Care Stocks
2018-01-03,Why This Is the Perfect Level to Buy Celgene Corporation Stock
2018-01-03,New FDA MR-Conditional Labeling Approvals Further Expand Abbott's Portfolio of MRI-Ready Devices
2018-01-03,Abbott Boosts Diagnostics Arm With Alinity H-Series Launch
2018-01-03,"Strong factory data, Wall St gains boost Asian share prices"
2018-01-02,"Abbott Labs Has 'An Emerging Picture Of Top-Tier Growth,' Says Morgan Stanley"
2018-01-02,"US Stocks Higher as Oil Prices Hold at Two-Year Highs, Manufacturing Activity Rises"
2018-01-02,Digital Power High on Acquisition News
2018-01-02,Should You Dump Johnson & Johnson for Baxter and Abbott?
2018-01-02,"Morning Movers: Netflix, Target Start 2018 With a Bang"
2018-01-02,Abbott shares gain after JP Morgan upgrades them to overweight
2018-01-02,"Abbott Launches Alinity™ h-series Integrated Hematology System, Combining Speed, Accuracy and Seamless Integration"
