date,news
2021-12-29,"December 2021 ADP National Employment Report®, ADP Small Business Report® and ADP National Franchise Report® to be Released on Wednesday, January 5, 2022"
2021-12-27,Is Automatic Data Processing (ADP) Outperforming Other Business Services Stocks This Year?
2021-12-22,"ADP to Announce Second Quarter Fiscal 2022 Financial Results on January 26, 2022"
2021-12-16,"Roll™ by ADP® is Now Available in Spanish with Added Features, Expanding Small Businesses' Power to Manage Payroll"
2021-12-16,'Tis the Season for a 'Staycation': More Canadians Taking Vacation Time - ADP Survey
2021-12-16,Automatic Data Processing Inc (ADP) President & CEO Carlos A Rodriguez Sold $20. ...
2021-12-13,"T. Rowe Price Exchange-Traded Funds, Inc. Buys Microsoft Corp, Amazon. ..."
2021-12-13,NelsonHall Names ADP a Leader in HCM Technology NEAT 2021 for SMB and Mid/Large Market Segments
2021-12-11,Automatic Data Processing Inc (ADP) President & CEO Carlos A Rodriguez Sold $3. ...
2021-12-10,Automatic Data Processing Inc (ADP) President & CEO Carlos A Rodriguez Sold $13. ...
2021-12-09,Has Automatic Data Processing (ADP) Outpaced Other Business Services Stocks This Year?
2021-12-08,"Automatic Data Processing, Inc. -- Moody's announces completion of a periodic review of ratings of Automatic Data Processing, Inc."
2021-12-08,Canadians Concerned About Post-Pandemic 'Proximity Bias': ADP Canada Survey
2021-12-07,Hedge Funds Are Betting On Automatic Data Processing (ADP)
2021-12-04,"Automatic Data Processing, Inc. (NASDAQ:ADP) Goes Ex-Dividend Soon"
2021-12-03,"Unemployment Rate 4.2%, Jobs Strangely Low"
2021-12-03,"Here's What Automatic Data Processing, Inc.'s (NASDAQ:ADP) Shareholder Ownership Structure Looks Like"
2021-12-01,"ADP National Employment Report: Private Sector Employment Increased by 534,000 Jobs in November"
2021-11-24,"November 2021 ADP National Employment Report®, ADP Small Business Report® and ADP National Franchise Report® to be Released on Wednesday, December 1, 2021"
2021-11-23,Automatic Data Processing (ADP) Hits New 52-Week High: Here's Why
2021-11-23,Is Automatic Data Processing (ADP) Stock Outpacing Its Business Services Peers This Year?
2021-11-21,Ray Dalio is Doubling Down on These 10 Stocks
2021-11-17,3 Business Services Stocks With Solid Dividend Payouts
2021-11-17,In 2022 Workers Will Define the Future of Work
2021-11-16,"Walmart Partnership Aids Green Dot (GDOT), Cost Woes Hurt"
2021-11-15,Everest Group Names ADP a Leader in Multi-country Payroll Solutions PEAK Matrix Assessment 2021
2021-11-11,"Media Alert: October 2021 ADP Canada National Employment Report to be released on Thursday, November 18, 2021"
2021-11-11,Cedar Rock Capital: Andy Brown’s Top 8 Stock Picks
2021-11-10,ADP hikes dividend for the 47th year in a row
2021-11-10,ADP Increases Cash Dividend; Marks 47th Consecutive Year of Dividend Increases
2021-11-09,ADP's WorkMarket Gets a New Look and New Features
2021-11-09,Canadian small businesses boost wages and extend employee perks to fill talent gap
2021-11-03,"ADP: 571K New Private-Sector Jobs, Better than Expected"
2021-11-03,"ADP National Employment Report: Private Sector Employment Increased by 571,000 Jobs in October"
2021-11-03,"Calculating The Intrinsic Value Of Automatic Data Processing, Inc. (NASDAQ:ADP)"
2021-10-28,10 Stocks That Beat Profit Expectations
2021-10-27,"U.S. Wage Growth Increased by 3.3 Percent, Aligned with Pre-Pandemic Growth, While Wages for U.S. Job Switchers Increased 6.6 Percent Since September 2020 to Meet Demand for Workers"
2021-10-27,Automatic Data Processing (ADP) Q1 Earnings and Revenues Beat Estimates
2021-10-27,"October 2021 ADP National Employment Report®, ADP Small Business Report® and ADP National Franchise Report® to be Released on Wednesday, November 3, 2021"
2021-10-27,ADP Reports First Quarter Fiscal 2022 Results
2021-10-25,What Awaits Automatic Data Processing (ADP) in Q1 Earnings?
2021-10-21,"ADP Canada National Employment Report: Employment in Canada Increased by 9,600 Jobs in September 2021"
2021-10-20,Bitcoin Futures ETF is a ‘key milestone’: CFRA Head of ETF & Mutual Fund Research
2021-10-20,Automatic Data Processing (ADP) Earnings Expected to Grow: Should You Buy?
2021-10-20,S&P 500 Shake-Up Opens Path to Shrinking Tech’s 28% Dominance
2021-10-15,ADP to Host 2021 Investor Day
2021-10-14,"Media Alert: September 2021 ADP Canada National Employment Report to be released on Thursday, October 21, 2021"
2021-10-12,"Here is What Hedge Funds Think About Automatic Data Processing, Inc. (ADP)"
2021-10-07,"ADP Canada Receives ""2021 Best Places to Work"" Designation from Canadian HR Reporter Magazine"
2021-10-06,"Private payrolls rise by 568,000 in September: ADP"
2021-10-06,"ADP National Employment Report: Private Sector Employment Increased by 568,000 Jobs in September"
2021-10-04,Investors in Automatic Data Processing (NASDAQ:ADP) have made a impressive return of 157% over the past five years
2021-10-01,ADP Stock Strength Rating Climbs After Share Price Popped About 70% Over Past Year
2021-09-30,"As Businesses Struggle to Attract Workers, ADP Research Institute Study Pinpoints Human Resources' Impact on a Company's Talent Brand with New Metric to Measure HR Performance"
2021-09-30,10 Dividend Growth Stocks to Buy
2021-09-29,"September 2021 ADP National Employment Report®, ADP Small Business Report® and ADP National Franchise Report® to be Released on Wednesday, October 6, 2021"
2021-09-28,AnitaB.org Names ADP the 2021 Top Large Company for Women Technologists
2021-09-28,"ADP Named One of the ""100 Best Companies"" for Working Mothers"
2021-09-21,"ADP DataCloud Introduces First-of-its-Kind Diversity, Equity, and Inclusion Benchmarks to Help Companies Assess and Act on Gaps"
2021-09-16,"ADP Canada National Employment Report: Employment in Canada Increased by 39,400 Jobs in August 2021"
2021-09-15,Everest Group Names ADP a Leader in RPO Peak Matrix 2021 Assessment
2021-09-15,Tipping Scales: Work-Life Balance Outweighs Salary as Top Perk for Canadian Workers
2021-09-14,Intuit CEO on buying Mailchimp: 'We want to put our capital to great use'
2021-09-14,ADP Reimagines RUN Powered by ADP® to Help Small Businesses Accelerate Growth
2021-09-13,ADP Bolsters Return to Workplace Mobile Solution with COVID-19 Test Result Tracking
2021-09-09,"Media Alert: August 2021 ADP Canada National Employment Report to be released on Thursday, September 16, 2021"
2021-09-08,"ADP Named a Leader in IDC MarketScapes for Worldwide Integrated Talent Management, Learning, Performance and Compensation"
2021-09-04,"Automatic Data Processing, Inc. (NASDAQ:ADP) Is About To Go Ex-Dividend, And It Pays A 1.8% Yield"
2021-09-01,Private-Sector Payrolls Lower-than-Expected
2021-09-01,"ADP National Employment Report: Private Sector Employment Increased by 374,000 Jobs in August"
2021-08-27,ADP (ADP) Down 0.8% Since Last Earnings Report: Can It Rebound?
2021-08-25,"August 2021 ADP National Employment Report®, ADP Small Business Report® and ADP National Franchise Report® to be Released on Wednesday, September 1, 2021"
2021-08-25,It's Official: Post-Pandemic Work Schedules Will Be Flexible
2021-08-19,"ADP Canada National Employment Report: Employment in Canada Increased by 221,300 Jobs in July 2021"
2021-08-19,Should You Be Adding Automatic Data Processing (NASDAQ:ADP) To Your Watchlist Today?
2021-08-12,Return to Office vs. Working Remotely: ADP Research Institute® Study Reveals Employee Perspectives on Work Location as Employers Evaluate Workforce Plans
2021-08-12,"Media Alert: July 2021 ADP Canada National Employment Report to be released on Thursday, August 19, 2021"
2021-08-11,ADP Named to the 2021 Seramount Inclusion Index
2021-08-04,ADP Declares Regular Quarterly Dividend
2021-08-04,"Private payrolls in July rose by 330,000, short of estimates: ADP"
2021-08-04,Weak Private Payrolls Data Pulls Futures Lower
2021-08-04,"Futures Drop Amid Weak Private Payrolls, Q2 Earnings Solid"
2021-08-04,"ADP National Employment Report: Private Sector Employment Increased by 330,000 Jobs in July"
2021-07-29,Are You Looking for a Top Momentum Pick? Why Automatic Data Processing (ADP) is a Great Choice
2021-07-28,Wage Growth Among U.S. Job Switchers Increased 5.8 Percent Since June 2020 as Businesses Struggle to Attract Workers
2021-07-28,Automatic Data Processing (ADP) Q4 Earnings and Revenues Beat Estimates
2021-07-28,"July 2021 ADP National Employment Report®, ADP Small Business Report® and ADP National Franchise Report® to be Released on Wednesday, August 4, 2021"
2021-07-28,ADP Reports Fourth Quarter Fiscal 2021 Results
2021-07-26,What Awaits Automatic Data Processing (ADP) in Q4 Earnings?
2021-07-21,Analysts Estimate Automatic Data Processing (ADP) to Report a Decline in Earnings: What to Look Out for
2021-07-20,"Automatic Data Processing, Inc.'s (NASDAQ:ADP) Stock Been Rising: Are Strong Financials Guiding The Market?"
2021-07-15,"ADP Canada National Employment Report: Employment in Canada Decreased by 294,200 Jobs in June 2021"
2021-07-13,"Over 100,000 Businesses Rely on ADP Workforce Management Solutions as Changing Environment Creates Accelerated Need for Time, Attendance and Scheduling Tools"
2021-07-13,Disability:IN Recognizes ADP as a Best Place to Work for Disability Inclusion
2021-07-08,"Media Alert: June 2021 ADP Canada National Employment Report to be released on Thursday, July 15, 2021"
2021-07-07,10 Best Dividend Stocks to Buy According to ‘English Warren Buffett’ Terry Smith
2021-06-30,ADP Named One of the Best Companies for Multicultural Women by Seramount
2021-06-30,"ADP National Employment Report: Private Sector Employment Increased by 692,000 Jobs in June"
2021-06-29,"The Zacks Analyst Blog Highlights: Microsoft, Nike, BlackRock, Costco Wholesale and Automatic Data Processing"
2021-06-23,Where Do Hedge Funds Stand On Automatic Data Processing (ADP)?
2021-06-23,"June 2021 ADP National Employment Report®, ADP Small Business Report® and ADP National Franchise Report® to be Released on Wednesday, June 30, 2021"
2021-06-17,"ADP Canada National Employment Report: Employment in Canada Increased by 101,600 Jobs in May 2021"
2021-06-17,"Bank, Airline Sites Go Dark Briefly in Broad Internet Outage"
2021-06-16,"ADP to Announce Fourth Quarter Fiscal 2021 Financial Results on July 28, 2021"
2021-06-10,"ADP Recognized as a Customers' Choice in 2021 Gartner Peer Insights 'Voice of the Customer': Cloud HCM Suites for 1,000+ Employee Enterprises"
2021-06-09,Companies look to expand access to emergency savings solutions
2021-06-09,Gen Z Remote Workers Most Excited to Return to the Office - ADP Survey
2021-06-05,Interested In Automatic Data Processing's (NASDAQ:ADP) Upcoming US$0.93 Dividend? You Have Four Days Left
2021-06-03,"ADP National Employment Report: Private Sector Employment Increased by 978,000 Jobs in May"
2021-05-28,Why Is ADP (ADP) Up 4.7% Since Last Earnings Report?
2021-05-26,"May 2021 ADP National Employment Report®, ADP Small Business Report® and ADP National Franchise Report® to be Released on Thursday, June 3, 2021"
2021-05-26,"Automatic Data Processing, Inc.'s (NASDAQ:ADP) Intrinsic Value Is Potentially 25% Below Its Share Price"
2021-05-20,"ADP Canada National Employment Report: Employment in Canada Increased by 351,300 Jobs in April 2021"
2021-05-12,"Working Canadians are Paying a ""COVID Tax"", with Some Reporting Working More than Ever Before"
2021-05-11,ADP Announces Pricing of its Senior Notes Due 2028
2021-05-10,Were Hedge Funds Right About Automatic Data Processing (ADP)?
2021-05-07,UPDATE 1-Benefitfocus new CEO Levin sued by former employer ADP
2021-05-06,Benefitfocus' new CEO sued by ADP for stealing trade secrets
2021-05-05,Treasury yields tilt lower as bond market remains unmoved by U.S. economic data
2021-05-05,10-year Treasury yield edges higher while U.S. private-sector payrolls fall short of expectations
2021-05-05,"ADP National Employment Report: Private Sector Employment Increased by 742,000 Jobs in April"
2021-05-04,Aéroports de Paris SA - Information regarding the voting rights and shares as of 30 April 2021
2021-05-04,Benefitfocus Appoints Proven Industry Leader Matthew Levin as New CEO to Further Advance Growth Strategy
2021-05-03,"The Zacks Analyst Blog Highlights: Apple, Google, BlackRock, Automatic Data Processing and Ford Motor"
2021-04-29,"Market Update: AAPL, ADP, AEP, BA, MGM, QCOM, MA, MDLZ"
2021-04-29,Analyst Report: Automatic Data Processing Inc.
2021-04-29,Automatic Data Processing Inc (ADP) Q3 2021 Earnings Call Transcript
2021-04-28,One Year into the Pandemic: ADP Research Institute® Uncovers How Working Conditions and Attitudes Have Changed in Global Study
2021-04-28,U.S. Job Switching Rate Declines by 2.0 Percentage Points Since March 2020; Wages Grew 5.9 Percent Due to Low Wage Job Loss
2021-04-28,Automatic Data Processing (ADP) Q3 Earnings and Revenues Top Estimates
2021-04-28,"April 2021 ADP National Employment Report®, ADP Small Business Report® and ADP National Franchise Report® to be Released on Wednesday, May 5, 2021"
2021-04-28,ADP Reports Third Quarter Fiscal 2021 Results
2021-04-26,What Awaits Automatic Data Processing (ADP) in Q3 Earnings?
2021-04-23,Intel has 'some challenging times ahead' amid chip shortage: analyst
2021-04-22,ADP® Recognizes Leading Companies for Transforming the World of Work at 28th Annual ADP Meeting of the Minds Conference
2021-04-22,New ADP Workforce Now Enhancements Keep the Spotlight on Companies' Most Important Asset: People
2021-04-20,Automatic Data Processing (NASDAQ:ADP) Has Gifted Shareholders With A Fantastic 140% Total Return On Their Investment
2021-04-15,"ADP Canada National Employment Report: Employment in Canada Increased by 634,800 Jobs in March 2021"
2021-04-13,"New ADP DataCloud Capabilities Help Businesses Understand Diversity, Staffing and Compensation"
2021-04-07,ADP Declares Regular Quarterly Dividend
2021-04-06,NelsonHall Names ADP a Leader in Payroll Services NEAT for 7th Year
2021-04-02,Look out for ‘permanent scarring’ in the labor market: ADP chief economist
2021-04-02,March jobs report shows ‘the best is yet to come’: economist
2021-04-02,"U.S. adds 916K jobs in March, unemployment rate at 6%"
2021-03-31,The housing market is a ‘great space to be in’: Strategist
2021-03-31,ADP: U.S. firms added 517K jobs in March vs. 550K estimated
2021-03-31,"ADP National Employment Report: Private Sector Employment Increased by 517,000 Jobs in March"
2021-03-25,"The Zacks Analyst Blog Highlights: Exxon Mobil, Thermo Fisher Scientific, Costco, Applied Materials and Automatic Data Processing"
2021-03-24,"ADP® DataCloud Named ""Data Analytics Innovation of the Year"" in 2021 Data Breakthrough Awards"
2021-03-24,"March 2021 ADP National Employment Report®, ADP Small Business Report® and ADP National Franchise Report® to be Released on Wednesday, March 31, 2021"
2021-03-22,Is ADP Stock A Buy or Sell?
2021-03-18,"ADP Canada National Employment Report: Employment in Canada Decreased by 100,800 Jobs in February 2021"
2021-03-17,"Automatic Data Processing, Inc. -- Moody's announces completion of a periodic review of ratings of Automatic Data Processing, Inc."
2021-03-17,10 Best Industrial Dividend Stocks For 2021
2021-03-17,Venterra Realty Properties Ranked Top Rated In 2020 by ApartmentRatings.com
2021-03-16,Chargebee Pledges a $5B Fund for Startups - Offers its subscription platform completely free for upto $100K.
2021-03-16,"ADP to Announce Third Quarter Fiscal 2021 Financial Results on April 28, 2021"
2021-03-11,"Media Alert: February 2021 ADP Canada National Employment Report to be released on Thursday, March 18, 2021"
2021-03-09,ABUSE FREE SPORT: Link to listen to testimonials from Canadian athletes from Canada Artistic Swimming
2021-03-06,Only Four Days Left To Cash In On Automatic Data Processing's (NASDAQ:ADP) Dividend
2021-03-04,Jobless Claims Bump Up Week Over Week: 745K
2021-03-03,Markets pointing to commodity sector for investors
2021-03-03,Private-Sector Payrolls Rise Lower Than Expected
2021-03-03,"Sleep Number, Churchill Downs and Automatic Data Processing highlighted as Zacks Bull and Bear of the Day"
2021-03-03,"U.S. firms added 117k jobs in February, ADP reports"
2021-03-03,"ADP National Employment Report: Private Sector Employment Increased by 117,000 Jobs in February"
2021-03-02,"170 students awarded $900,000 in scholarships by the Horatio Alger Association of Canada"
2021-03-01,Markets Await Economic Data
2021-02-26,Why Is ADP (ADP) Up 5.3% Since Last Earnings Report?
2021-02-26,TTEC Holdings (TTEC) to Report Q4 Earnings: What to Expect?
2021-02-25,"ADP Launches 'Roll™ by ADP®' Mobile App, a Completely Reimagined Way for Small Businesses to Do Payroll"
2021-02-24,"February 2021 ADP National Employment Report®, ADP Small Business Report® and ADP National Franchise Report® to be Released on Wednesday, March 3, 2021"
2021-02-23,ADP Named a Leader in Everest Group's Multi-Process Human Resources Outsourcing Assessment for 10 Consecutive Years
2021-02-19,Staffing Stocks Gain Despite Uptick in Jobless Claims
2021-02-18,"Visa, ADP Partner To Unveil New Direct Deposit Option Via Debit Card"
2021-02-18,"ADP Canada National Employment Report: Employment in Canada Decreased by 231,200 Jobs in January 2021"
2021-02-18,Visa and ADP Unveil Flexible Digital Payment Options to Serve U.S. Workforce
2021-02-17,Globalization Partners and ADP TotalSource® Come Together to Make Employee Compliance Turnkey for Small and Midsized Businesses Expanding Globally
2021-02-16,StandOut® Powered by ADP® Introduces StandOut Coaching Intelligence to Encourage Team Connection and Engagement
2021-02-11,"Mizuho Says ADP Ready To Grow, Sets Price Target At $210"
2021-02-11,Weekly Jobless Claims Decline Sequentially
2021-02-11,Eupraxia Pharmaceuticals Inc. Announces Filing of Preliminary Prospectus for Proposed Initial Public Offering
2021-02-11,"Media Alert: January 2021 ADP Canada National Employment Report to be released on Thursday, February 18, 2021"
2021-02-10,"This Hedge Fund Sells Automatic Data Processing (ADP) Amid Strong Competition, COVID-19 Impact"
2021-02-05,Jobs report shows there are still ‘some pains’ in the job market: ADP chief economist
2021-02-04,ManpowerGroup (MAN) Stock Up 2.9% On Q4 Earnings Beat
2021-02-03,ADP Honored by Junior Achievement with a U.S. President's Volunteer Service Award
2021-02-03,Private Sector Jobs Data Better Than Expected
2021-02-03,ADP Posts Upside Surprise in Jobs: 174K for January
2021-02-03,"ADP National Employment Report: Private Sector Employment Increased by 174,000 Jobs in January"
2021-02-01,G vs. ADP: Which Stock Is the Better Value Option?
2021-02-01,"ADP Named Among FORTUNE Magazine's ""World's Most Admired Companies"" for 15th Straight Year"
2021-01-28,ADP Achieves its 12th Perfect Score in Workplace Equality
2021-01-28,Award-Winning ADP Next Gen Payroll Platform Expands to Canada and Mexico
2021-01-27,Automatic Data Processing Inc (ADP) Q2 2021 Earnings Call Transcript
2021-01-27,When to Give Up on a Stock
2021-01-27,Price Over Earnings Overview: Automatic Data Processing
2021-01-27,U.S. Wages Grew 4.4 Percent in Fourth Quarter 2020 Due to Low Wage Job Loss as COVID-19 Continues to Disrupt Labor Market
2021-01-27,Automatic Data Processing (ADP) Q2 Earnings and Revenues Surpass Estimates
2021-01-27,"January 2021 ADP National Employment Report®, ADP Small Business Report® and ADP National Franchise Report® to be Released on Wednesday, February 3, 2021"
2021-01-27,Automatic Data Processing's Debt Overview
2021-01-27,ADP Reports Second Quarter Fiscal 2021 Results
2021-01-26,Earnings Outlook for Automatic Data Processing
2021-01-26,"Are Robust Financials Driving The Recent Rally In Automatic Data Processing, Inc.'s (NASDAQ:ADP) Stock?"
2021-01-25,What Awaits Automatic Data Processing (ADP) in Q2 Earnings?
2021-01-23,"BMC Acquisition, Inc. -- Moody's affirms BenefitMall B2 CFR; revises outlook to negative"
2021-01-22,7 Dividend Aristocrats That Will Outlive Us All
2021-01-21,"ADP Canada National Employment Report: Employment in Canada Decreased by 28,800 Jobs in December 2020"
2021-01-14,SYKE or ADP: Which Is the Better Value Stock Right Now?
2021-01-14,"Media Alert: December 2020 ADP Canada National Employment Report to be released on Thursday, January 21, 2021"
2021-01-13,ADP Declares Regular Quarterly Dividend
2021-01-13,What Does Automatic Data Processing's Debt Look Like?
2021-01-06,"ADP National Employment Report: Private Sector Employment Decreased by 123,000 Jobs in December"
2021-01-05,"The Zacks Analyst Blog Highlights: Microsoft, Procter & Gamble, QUALCOMM, T-Mobile US and Automatic Data Processing"
2020-12-31,"Are Institutions Heavily Invested In Automatic Data Processing, Inc.'s (NASDAQ:ADP) Shares?"
2020-12-30,"December 2020 ADP National Employment Report®, ADP Small Business Report® and ADP National Franchise Report® to be Released on January 6, 2021"
2020-12-18,"Invitation to media - Élisabeth Brière, Parliamentary Secretary to Minister Mélanie Joly, to announce Government of Canada support for Yourbarfactory"
2020-12-17,Automatic Data Processing (ADP) Could Hit All-Time High
2020-12-17,"ADP Canada National Employment Report: Employment in Canada Increased by 40,800 Jobs in November 2020"
2020-12-16,It’s Heads Down for the Holidays: Half of Working Canadians Taking Less or No Vacation Time this Holiday Season
2020-12-16,"ADP DataCloud Adds New AI Features to Target Pay Equity Gaps, Bolster Employee Retention"
2020-12-15,Is Automatic Data Processing (ADP) Stock Outpacing Its Business Services Peers This Year?
2020-12-15,"ADP to Announce Second Quarter Fiscal 2021 Financial Results on January 27, 2021"
2020-12-14,Is ADP A Good Stock To Buy Now?
2020-12-11,SYKE vs. ADP: Which Stock Should Value Investors Buy Now?
2020-12-10,"Media Alert: November 2020 ADP Canada National Employment Report to be released on Thursday, December 17, 2020"
2020-12-08,Automatic Data Processing: Debt Overview
2020-12-06,Statement by the Prime Minister on the death of the Honourable Ronald A. Irwin
2020-12-04,Economic Data Deluge
2020-12-03,NelsonHall Recognizes ADP as a Leader in the Efficiency Focused NEAT Graph for Cloud-Based HR Transformation Services 2020 Evaluation
2020-12-03,"Initial, Continuing Claims Drop; PUA Soon to Expire"
2020-12-02,"ADP Reports 307K New Jobs, Revisions Up"
2020-12-02,"ADP National Employment Report: Private Sector Employment Increased by 307,000 Jobs in November"
2020-12-02,Media advisory - Aéro Montréal presents the Aerospace Innovation Forum 2020
2020-12-01,"The Zacks Analyst Blog Highlights: Amazon, Google, Zoom Video, Automatic Data Processing and Moderna"
2020-11-30,"Top Research Reports for Amazon, Alphabet & Zoom Video"
2020-11-29,Our View On Automatic Data Processing's (NASDAQ:ADP) CEO Pay
2020-11-27,Is Automatic Data Processing (ADP) Stock Outpacing Its Business Services Peers This Year?
2020-11-26,Sun Life Chosen by Canadian Public as Canada's Most Respected Life Insurance Company
2020-11-25,SYKE vs. ADP: Which Stock Is the Better Value Option?
2020-11-25,New ADP Survey Shows Canadians Believe Workplaces Have Work to Do on Diversity and Inclusion
2020-11-25,"November 2020 ADP National Employment Report®, ADP Small Business Report® and ADP National Franchise Report® to be Released on December 2, 2020"
2020-11-21,Covid-19 is forcing businesses to finally modernize their HR and financial systems
2020-11-19,"People-Centered Initiatives, Business Agility Take Center Stage in 2021 Workforce Trends"
2020-11-19,"ADP Canada National Employment Report: Employment in Canada Decreased by -79,500 Jobs in October 2020"
2020-11-12,"Media Alert: October 2020 ADP Canada National Employment Report to be released on Thursday, November 19, 2020"
2020-11-11,Should You Be Tempted To ‘Sell’ Automatic Data Processing (ADP) Stock
2020-11-11,Is Automatic Data Processing (ADP) Outperforming Other Business Services Stocks This Year?
2020-11-11,ADP raises quarterly cash dividend to 93 cents a share vs. 91 cents
2020-11-11,ADP Increases Cash Dividend; Marks 46th Consecutive Year of Dividend Increases
2020-11-10,Everest Group Names ADP a Leader in 2020 Multi-Country Payroll Solutions PEAK Matrix Assessment
2020-11-09,SYKE vs. ADP: Which Stock Is the Better Value Option?
2020-11-06,"The Zacks Analyst Blog Highlights: Apple, Amazon, T-Mobile US, UnitedHealth Group and Automatic Data Processing"
2020-11-05,6 S&P 500 Dividend Payers With Safe Yields Above 2%
2020-11-05,ADP Partners with ZipRecruiter to Help Businesses Improve Recruiting Efficiency
2020-11-04,"ADP National Employment Report: Private Sector Employment Increased by 365,000 Jobs in October"
2020-11-04,Analyst Report: Automatic Data Processing Inc.
2020-11-04,"Market Update: ADP, BAX, DTE, MO, SWKS, VSH, KKR, KHC, DD"
2020-10-31,Automatic Data Processing Stock Looks Like a Winner
2020-10-30,"Automatic Data Processing, Inc. Just Beat EPS By 46%: Here's What Analysts Think Will Happen Next"
2020-10-29,"Was The Smart Money Wrong About Automatic Data Processing, Inc. (ADP)?"
2020-10-28,Automatic Data Processing Inc (ADP) Q1 2021 Earnings Call Transcript
2020-10-28,"Analyst Report: Automatic Data Processing, Inc."
2020-10-28,Automatic Data Processing (ADP) Q1 Earnings & Revenues Beat
2020-10-28,Automatic Data Processing (ADP) Q1 Earnings and Revenues Top Estimates
2020-10-28,"October 2020 ADP National Employment Report®, ADP Small Business Report® and ADP National Franchise Report® to be Released on November 4, 2020"
2020-10-28,ADP Reports First Quarter Fiscal 2021 Results
2020-10-27,"Business Services Oct 28 Earnings Roster: V, MA, and More"
2020-10-27,"Automatic Data Processing, Inc. (NASDAQ:ADP) Shares Could Be 22% Above Their Intrinsic Value Estimate"
2020-10-26,What Awaits Automatic Data Processing (ADP) in Q1 Earnings?
2020-10-23,"Notice to the media - COVID-19 Update (October 23, 2020) - The Prime Minister, Ministers and Government of Canada officials to hold a news conference on coronavirus disease"
2020-10-22,Why Automatic Data Processing (ADP) Stock is a Compelling Investment Case
2020-10-22,ADP Celebrates Key Partners and Continued Momentum at Its 3rd Annual ADP Marketplace Partner Summit
2020-10-21,Analysts Estimate Automatic Data Processing (ADP) to Report a Decline in Earnings: What to Look Out for
2020-10-15,ADP Earns 2020 Tech Cares Award from TrustRadius for Unwavering Service and Support amid Global Health Event
2020-10-15,"ADP Canada National Employment Report: Employment in Canada Decreased by 240,800 Jobs in September 2020"
2020-10-08,"TECL, ADI, ADP, AKAM: Large Outflows Detected at ETF"
2020-10-08,"Media Alert: September 2020 ADP Canada National Employment Report to be released on Thursday, October 15, 2020"
2020-10-08,Air Canada Completes Aircraft Sale and Leaseback Transactions
2020-10-07,6 Tech Stocks With Higher Dividend Yields Than the S&P 500
2020-10-06,"ADP's Next Gen Payroll Platform Named a ""2020 Top HR Product"" by Human Resource Executive"
2020-10-01,Can You Imagine How Automatic Data Processing's (NASDAQ:ADP) Shareholders Feel About The 67% Share Price Increase?
2020-10-01,A Payday From Workday?
2020-09-30,"ADP National Employment Report: Private Sector Employment Increased by 749,000 Jobs in September"
2020-09-29,AnitaB.org Names ADP the Top Large Company for Women Technologists
2020-09-29,"Working Mother Names ADP as One of the 2020 ""100 Best Companies"""
2020-09-25,SYKE or ADP: Which Is the Better Value Stock Right Now?
2020-09-25,"ADP to Announce First Quarter Fiscal 2021 Financial Results on October 28, 2020"
2020-09-23,"Analyst Report: Automatic Data Processing, Inc."
2020-09-23,Constellation Research Named ADP in Four Constellation ShortLists for Innovation in Human Capital Management
2020-09-23,"September 2020 ADP National Employment Report®, ADP Small Business Report® and ADP National Franchise Report® to be Released on September 30, 2020"
2020-09-21,"BUZZ-U.S. STOCKS ON THE MOVE-Ichor Holdings Ltd, Roku Inc, Beyond Meat Inc, Universal Health Services Inc"
2020-09-21,"BUZZ-U.S. STOCKS ON THE MOVE-Tapestry Inc, Cubic Corp, Adicet Bio Inc, HCA Healthcare Inc"
2020-09-21,"BUZZ-U.S. STOCKS ON THE MOVE-Snowflake Inc, Legend Biotech Corp, Illumina Inc, Crexendo Inc"
2020-09-21,"BUZZ-U.S. STOCKS ON THE MOVE-Oracle Corp, The9 Ltd, JPMorgan Chase & Co, Bank of New York Mellon Corp"
2020-09-21,Paychex Stock Peaked At $80?
2020-09-18,These 3 Dividend Aristocrats Will Shield You From Another Market Crash
2020-09-17,6 Dividend Stocks To Buy For Stable Yield And Growth Potential
2020-09-17,"ADP Canada National Employment Report: Employment in Canada Decreased by 205,400 Jobs in August 2020"
2020-09-15,ADP® DataCloud Wins 2020 Artificial Intelligence (AI) Breakthrough Award
2020-09-14,ADP Nominates Linnie M. Haynesworth to Board of Directors
2020-09-09,SYKE or ADP: Which Is the Better Value Stock Right Now?
2020-09-09,ATCO Delivers Spruce Meadows Surprise to Doorstep of Deserving Families
2020-09-05,"Automatic Data Processing, Inc. (NASDAQ:ADP) Stock Goes Ex-Dividend In Just Four Days"
2020-09-04,"Up Almost 4x Since Early 2018, Paycom Software Stock To Drop Sharply?"
2020-09-03,"Automatic Data Processing (ADP) Has Fallen 19% in Last One Year, Underperforms Market"
2020-09-03,5 Dividend Aristocrats Where Analysts See Capital Gains
2020-09-02,"ADP National Employment Report: Private Sector Employment Increased by 428,000 Jobs in August"
2020-09-02,Do Automatic Data Processing's (NASDAQ:ADP) Earnings Warrant Your Attention?
2020-09-02,"Up 16% This Year, Accenture Stock Headed Back Down?"
2020-09-01,"Hedge Funds Are Buying Automatic Data Processing, Inc. (ADP)"
2020-08-27,Bonds Are Safer Than They Look
2020-08-26,"TECL, ACN, ADP, AKAM: ETF Outflow Alert"
2020-08-26,"August 2020 ADP National Employment Report®, ADP Small Business Report® and ADP National Franchise Report® to be Released on September 2, 2020"
2020-08-24,SYKE or ADP: Which Is the Better Value Stock Right Now?
2020-08-20,"ADP Canada National Employment Report: Employment in Canada Increased by 1,149,800 Jobs in July 2020"
2020-08-18,"VGT, ADP, MU, AMAT: Large Outflows Detected at ETF"
2020-08-14,UK-France quarantine delivers blow to airline recovery hopes
2020-08-13,Everest Group Names ADP a Leader in Recruitment Process Outsourcing (RPO)
2020-08-07,SYKE vs. ADP: Which Stock Should Value Investors Buy Now?
2020-08-05,ADP Declares Regular Quarterly Dividend
2020-08-05,What To Expect From July Unemployment Data: Economists Forecast Slowing Recovery
2020-08-05,"Dow books 373-point gain, Nasdaq marks 31st record and S&P 500 ends 1.7% from its all-time high as everything rallies"
2020-08-05,"ADP National Employment Report: Private Sector Employment Increased by 167,000 Jobs in July"
2020-08-03,"Will Weakness in Automatic Data Processing, Inc.'s (NASDAQ:ADP) Stock Prove Temporary Given Strong Fundamentals?"
2020-07-30,ADP Wins Prestigious Ventana Research Digital Innovation Award for Next Gen HCM Platform
2020-07-29,"Automatic Data Processing (ADP) Q4 Earnings, Revenues Beat"
2020-07-29,"July 2020 ADP National Employment Report®, ADP Small Business Report® and ADP National Franchise Report® to be Released on Wednesday, August 5, 2020"
2020-07-29,ADP Reports Fourth Quarter Fiscal 2020 Results
2020-07-28,"Business Services Q2 Earnings on Jul 29: SPOT, ADP & More"
2020-07-24,What Awaits Automatic Data Processing (ADP) in Q4 Earnings?
2020-07-23,We’re All in Big Trouble Without Renewed Jobless Benefits
2020-07-21,"If You Own ADP (ADP) Stock, Should You Sell It Now?"
2020-07-16,"ADP Canada National Employment Report: Employment in Canada Increased by 1,042,900 Jobs in June 2020"
2020-07-15,ADP Retirement Services Launches Simplified 5500 Compliance Reporting Process
2020-07-10,Latest Research Based on U.S. Payroll Data Reveals Magnitude of the Impact of COVID-19 on the Labor Market
2020-07-09,"Media Alert: June 2020 ADP Canada National Employment Report to be released on Thursday, July 16, 2020"
2020-07-07,"What Type Of Shareholders Make Up Automatic Data Processing, Inc.'s (NASDAQ:ADP) Share Registry?"
2020-07-07,"Were Hedge Funds Right About Ditching Automatic Data Processing, Inc. (ADP)?"
2020-07-01,"ADP National Employment Report: Private Sector Employment Increased by 2,369,000 Jobs in June"
2020-06-26,Two European Airport Stocks Are Likely to Rebound When Tourists Return
2020-06-24,"June 2020 ADP National Employment Report®, ADP Small Business Report® and ADP National Franchise Report® to be Released on Wednesday, July 1, 2020"
2020-06-18,"ADP Canada National Employment Report: Employment in Canada Increased by 208,400 Jobs in May 2020"
2020-06-15,"ADP to Announce Fourth Quarter Fiscal 2020 Financial Results on July 29, 2020"
2020-06-11,"Media Alert: May 2020 ADP Canada National Employment Report to be released on Thursday, June 18, 2020"
2020-06-08,Four Dividend Aristocrats to Consider This Week
2020-06-08,BR or ADP: Which Outsourcing Industry Stock is Better Placed?
2020-06-03,Day Ahead: 3 Top Things to Watch for June 4
2020-06-03,Economic Data Deluge
2020-06-03,US economy shed 2.76 million private payrolls in May: ADP
2020-06-03,"ADP National Employment Report: Private Sector Employment Decreased by 2,760,000 Jobs in May; the May NER Utilizes Data Through May 12 and Does Not Reflect the Full Impact of COVID-19 on the Overall Employment Situation"
2020-06-03,Dow futures up 160 points as investors await private-sector jobs report
2020-06-03,Dow futures march higher as investors await private-sector jobs report
2020-06-01,"Automatic Data Processing, Inc. -- Moody's affirms ADP at Aa3; revises outlook to negative"
2020-06-01,"COVID-19's Impact on the Labor Market Forced a New &quot;Normal&quot; on the U.S. Workforce, Affecting Nearly Every Worker in the U.S."
2020-05-31,"Paycom: A High-Quality, Fast-Growing Company"
2020-05-29,7 Stocks First Pacific Advisors Continues to Buy
2020-05-29,Is Automatic Data Processing (ADP) A Good Stock To Buy?
2020-05-29,ADP (ADP) Down 1.3% Since Last Earnings Report: Can It Rebound?
2020-05-27,"Automatic Data Processing, Inc. -- Moody's announces completion of a periodic review of ratings of Automatic Data Processing, Inc."
2020-05-27,"May 2020 ADP National Employment Report®, ADP Small Business Report® and ADP National Franchise Report® to be Released on Wednesday, June 3, 2020"
2020-05-23,"When Should You Buy Automatic Data Processing, Inc. (NASDAQ:ADP)?"
2020-05-22,Automatic Data Processing (ADP) Will Emerge Stronger From the COVID-19 Crisis
2020-05-21,"ADP Canada National Employment Report: Employment in Canada Decreased by 226,700 Jobs in April 2020"
2020-05-18,Bank of America Double-Downgrades Square on Fear Small Businesses Will Fold
2020-05-14,Beyond the Curve: ADP® to Host Virtual Summit on Recovery and Engagement in the New World of Work
2020-05-14,"Media Alert: April 2020 ADP Canada National Employment Report to be released on Thursday, May 21, 2020"
2020-05-13,Robert Olstein's Firm Buys 4 Stocks in the 1st Quarter
2020-05-13,Wall Street sees plenty of upside for these downtrodden tech stocks
2020-05-13,ADP® Celebrates Leading Companies for Workplace Innovation During the ADP Meeting of the Minds Online Series
2020-05-12,Automatic Data Processing Ready to Face Economic Downturn
2020-05-09,"A wave of bankruptcies, surging taxes, and Americans harboring lasting scars from coronavirus lockdowns — the head of world’s largest asset manager warns of grim outlook"
2020-05-08,Shopify’s Premium Is a Symptom of Our Social Disconnect
2020-05-07,Dow ends up 211 points but gains were cut in half headed into the close as Pfizer’s stock slump weighed
2020-05-07,"BlackRock CEO Warns of Bankruptcies, Surging Taxes, and Lasting Scars From Covid Lockdown"
2020-05-07,BlackRock CEO Larry Fink Warns of Grim Times Ahead
2020-05-07,"Dow futures jump 300 points as another jobless claims report looms, investors await Fed speakers and earnings results"
2020-05-06,"Dow ends 200 points lower after losing steam in late trade, following loss of 20 million private sector jobs"
2020-05-06,"Gold falls over 1% as the dollar firms, some U.S. states ease lockdown measures"
2020-05-06,Dow erases gains after loss of 20 million private sector jobs underlines economic pain
2020-05-06,"Dow opens 160 points higher, aims for 3rd straight gain as ADP report shows 20.2 million job losses in April"
2020-05-06,"ADP National Employment Report: Private Sector Employment Decreased by 20,236,000 Jobs in April; the April NER Utilizes Data Through April 12 and Does Not Reflect the Full Impact of COVID-19 on the Overall Employment Situation"
2020-05-06,Crude Oil Slumps After ADP Unemployment Release
2020-05-06,Dow futures flat as stock market braces for private-sector report from ADP that could show 20 million jobs losses in April
2020-05-05,Day Ahead: Top 3 Things to Watch for May 6
2020-05-05,"In the Pandemic Era, Hiring Gets Automated"
2020-05-04,Were Hedge Funds Right About Automatic Data Processing (ADP)?
2020-05-03,"Automatic Data Processing, Inc. (NASDAQ:ADP) Analysts Are Cutting Their Estimates: Here's What You Need To Know"
2020-05-02,Edited Transcript of ADP earnings conference call or presentation 29-Apr-20 12:30pm GMT
2020-04-30,SYKE or ADP: Which Is the Better Value Stock Right Now?
2020-04-29,Automatic Data Processing (ADP) Q3 Earnings Match Estimates
2020-04-29,Automatic Data Processing (ADP) Q3 Earnings Meet Estimates
2020-04-29,"April 2020 ADP National Employment Report®, ADP Small Business Report® and ADP National Franchise Report® to be Released on Wednesday, May 6, 2020"
2020-04-29,ADP Reports Third Quarter Fiscal 2020 Results
2020-04-28,"Business Services Apr 29 Earnings Rooster: MA, ADP & More"
2020-04-27,This CEO of a $25 billion market cap payroll services giant keeps it real on the post coronavirus US economy
2020-04-22,Automatic Data Processing (ADP) Earnings Expected to Grow: Should You Buy?
2020-04-16,"ADP Canada National Employment Report: Employment in Canada Decreased by 177,300 Jobs in March 2020"
2020-04-14,ATTO vs. ADP: Which Stock Is the Better Value Option?
2020-04-10,"Should Automatic Data Processing, Inc. (NASDAQ:ADP) Be Part Of Your Dividend Portfolio?"
2020-04-09,ADP is Working with Federal Government to Support Businesses and their Employees in Securing Timely Relief
2020-04-09,"Media Alert: March 2020 ADP Canada National Employment Report to be released on Thursday, April 16, 2020"
2020-04-08,ADP Appoints Nazzic S. Keene to Board of Directors
2020-04-08,ADP Declares Regular Quarterly Dividend
2020-04-03,"U.S. Shed 701,000 Jobs in March in Foretaste of Worse to Come"
2020-04-02,U.S. Initial Jobless Claims Leap to Record 6.65 Million
2020-04-01,"Dow skids nearly 900 points lower at the open to start April trade as Trump warns of 'very, very painful' weeks ahead"
2020-04-01,"ADP National Employment Report: Private Sector Employment Decreased by 27,000 Jobs in March; the March NER Utilizes Data Through March 12 and Does Not Reflect the Full Impact of COVID-19 on the Overall Employment Situation"
2020-04-01,Watch Now: Here's What's Moving Markets - April 1 (Video)
2020-04-01,"U.S. Private Sector Sheds 27,000 Jobs in March: ADP"
2020-03-31,Day Ahead: Top 3 Things to Watch for April 1
2020-03-26,"People management is the biggest barrier to international growth, says ADP"
2020-03-25,"March 2020 ADP National Employment Report®, ADP Small Business Report® and ADP National Franchise Report® to be Released on Wednesday, April 1, 2020"
2020-03-24,ADP unifies Payroll and HR for growth-focused businesses in Hong Kong with the launch of the solution iHCM 2
2020-03-23,SYKE vs. ADP: Which Stock Is the Better Value Option?
2020-03-23,"ADP to send employess $1,000 in April"
2020-03-19,"ADP Canada National Employment Report: Employment in Canada Increased by 7,200 Jobs in February 2020"
2020-03-17,"How Does Automatic Data Processing's (NASDAQ:ADP) P/E Compare To Its Industry, After The Share Price Drop?"
2020-03-16,"ADP to Announce Third Quarter Fiscal 2020 Financial Results on April 29, 2020"
2020-03-12,TikTok faces legislation that aims to ban U.S. government workers from using the video-sharing app
2020-03-12,"Media Alert: February 2020 ADP Canada National Employment Report to be released on Thursday, March 19, 2020"
2020-03-12,"Hedge Funds Were Selling Automatic Data Processing, Inc. (ADP) Before Coronavirus"
2020-03-09,MS Global Franchise Fund's Top 4th-Quarter Buys
2020-03-05,MOVES-TikTok taps cyber security chief from Automated Data Processing -sources
2020-03-04,SYKE vs. ADP: Which Stock Should Value Investors Buy Now?
2020-03-04,"ADP National Employment Report: Private Sector Employment Increased by 183,000 Jobs in February"
2020-03-04,"Stocks - Wall Street Surges on Rosier View of Fed Cut, Biden Revival"
2020-03-03,6 Guru Stocks Trading With Low Price-Sales Ratios
2020-03-03,Day Ahead: Top 3 Things to Watch for March 4
2020-02-28,ADP (ADP) Down 10% Since Last Earnings Report: Can It Rebound?
2020-02-26,"February 2020 ADP National Employment Report®, ADP Small Business Report® and ADP National Franchise Report® to be Released on Wednesday, March 4, 2020"
2020-02-24,"Top Analyst Reports for Coca-Cola, Wells Fargo & U.S. Bancorp"
2020-02-22,"Amex, Facebook, Uber among those raking in millions from 2020 contenders"
2020-02-21,Here's Why I Think Automatic Data Processing (NASDAQ:ADP) Might Deserve Your Attention Today
2020-02-20,Here are 25 Dividend Aristocrat stocks screened for ‘quality’
2020-02-20,"ADP Canada National Employment Report: Employment in Canada Increased by 25,900 Jobs in January 2020"
2020-02-13,"Media Alert: January 2020 ADP Canada National Employment Report to be released on Thursday, February 20, 2020"
2020-02-11,ADP unifies Payroll and HR for growth-focused businesses in Philippines with the launch of the solution iHCM 2
2020-02-10,"Popeye's Grows 42%, QSR Shares Up 2% in Pre-Market"
2020-02-07,Economic Data Deluge
2020-02-07,"Jobs Growth Stays Buoyant: 225K, Unemployment 3.6%"
2020-02-07,Jobs Report Shows U.S. Economy Still Solid as Virus Fears Spread
2020-02-06,Initial Jobless Claims Decline Sharply
2020-02-06,"Jobless Claims 202K, Lowest Since Mid-2018; Plus TWTR Q4"
2020-02-06,"Three Trends for 2020- Dividend Growth, Sustainable Impact and the Election"
2020-02-05,Strong Private Sector Payrolls in January
2020-02-05,ADP Posts Blowout +291K New Jobs for January
2020-02-05,Gold Regains Footing After 2-Week Low as Virus Watch Continues
2020-02-05,"ADP National Employment Report: Private Sector Employment Increased by 291,000 Jobs in January"
2020-02-04,Day Ahead: Top 3 Things to Watch for Feb. 5
2020-02-04,3 High-Performing Securities to Consider
2020-02-04,ADP Research Institute® Report Reveals the Gig Workforce is Filling a Void in the Tight Labor Market
2020-02-03,Edited Transcript of ADP earnings conference call or presentation 29-Jan-20 1:30pm GMT
2020-02-03,Market Waits for Major Economic and Earnings Data
2020-02-03,"Manufacturing, Jobs, Google Q4 Data On Deck"
2020-02-01,Should Automatic Data Processing (NASDAQ:ADP) Be Disappointed With Their 98% Profit?
2020-01-31,ATTO vs. ADP: Which Stock Should Value Investors Buy Now?
2020-01-29,"Automatic Data Processing (ADP) Q2 Earnings Top, Revenues Lag"
2020-01-29,Automatic Data Processing (ADP) Beats Q2 Earnings Estimates
2020-01-29,"January 2020 ADP National Employment Report®, ADP Small Business Report® and ADP National Franchise Report® to be Released on Wednesday, February 5, 2020"
2020-01-29,ADP Reports Second Quarter Fiscal 2020 Results
2020-01-29,"ADP Earnings Beat, Revenue Misses In Q2"
2020-01-24,What Awaits Automatic Data Processing (ADP) in Q2 Earnings?
2020-01-23,ADP Achieves a Perfect Score in Workplace Equality for 11th Straight Year
2020-01-22,Automatic Data Processing (ADP) Reports Next Week: Wall Street Expects Earnings Growth
2020-01-22,[video]ADP Has Broken Out of a Large Consolidation Pattern: What's Next for the Stock?
2020-01-22,U.S. Wage Growth Remained at 3.2 Percent for Fourth Quarter 2019
2020-01-21,ADP Recognized on FORTUNE Magazine's 2020 &quot;World's Most Admired Companies&quot; List for 14th Consecutive Year
2020-01-16,"ADP Canada National Employment Report: Employment in Canada Increased by 46,200 Jobs in December 2019"
2020-01-15,ADP Declares Regular Quarterly Dividend
2020-01-12,"Is Automatic Data Processing, Inc.'s (NASDAQ:ADP) 44% ROE Better Than Average?"
2020-01-10,"December '19 Jobs 145K, Unemployment 3.5%"
2020-01-10,Economic Data Deluge
2020-01-09,Paylocity Releases W-4 Readiness Kit to Serve Clients' Needs
2020-01-09,"Media Alert: December 2019 ADP Canada National Employment Report to be released on Thursday, January 16, 2020"
2020-01-08,Economic Data Deluge
2020-01-08,"ADP 202K December Jobs, November Revisions Double"
2020-01-08,"ADP National Employment Report: Private Sector Employment Increased by 202,000 Jobs in December"
2020-01-08,"U.S. Adds 202,000 Private Sector Jobs in December: ADP"
2020-01-07,Day Ahead: Top 3 Things to Watch for Jan. 8
2020-01-07,Economic Data Deluge
2020-01-07,Econ Data Creeps In Ahead of Q4 Earnings Season
2020-01-06,BBSI vs. ADP: Which Stock Is the Better Value Option?
2020-01-02,"December 2019 ADP National Employment Report®, ADP Small Business Report® and ADP National Franchise Report® to be Released on Wednesday, January 8, 2020"
2019-12-26,2019 Review: Top Hedge Fund Stocks vs. Automatic Data Processing (ADP)
2019-12-23,"Is Automatic Data Processing, Inc. (NASDAQ:ADP) Excessively Paying Its CEO?"
2019-12-19,"ADP to Announce Second Quarter Fiscal 2020 Financial Results on January 29, 2020"
2019-12-19,"ADP Canada National Employment Report: Employment in Canada Increased by 30,900 Jobs in November 2019"
2019-12-18,"ADP to Host Innovation Day on February 10, 2020 in New York"
2019-12-17,BBSI or ADP: Which Is the Better Value Stock Right Now?
2019-12-12,"Media Alert: November 2019 ADP Canada National Employment Report to be released on Thursday, December 19, 2019"
2019-12-11,"More Canadian Workers Paying ""Time Off Tax"": ADP Canada study"
2019-12-06,Non-Farm Job Additions Surge in November
2019-12-06,Incredible New Jobs Number: 266K!
2019-12-06,Top 5 Things to Know in the Market on Friday
2019-12-05,ADP Deciphers Changes to Form W-4 and its Impact on the Workforce
2019-12-04,Disappointing Private Sector Payrolls in November
2019-12-04,Dow gains more than 100 points at Wednesday's start of trading as optimism on tariff pact resurfaces
2019-12-04,"ADP National Employment Report: Private Sector Employment Increased by 67,000 Jobs in November"
2019-12-04,US private sector employment at six-month low in November
2019-12-03,"Is Now The Time To Look At Buying Automatic Data Processing, Inc. (NASDAQ:ADP)?"
2019-12-03,Concerns Over U.S.-China Trade Deal
2019-12-03,Trump: No Deadline on Trade Deal; Pre-Markets Sink
2019-11-28,"Hedge Funds Have Never Been This Bullish On Automatic Data Processing, Inc. (ADP)"
2019-11-27,Urbem's 'Wonderful Business' Series: Paychex
2019-11-27,"November 2019 ADP National Employment Report®, ADP Small Business Report® and ADP National Franchise Report® to be Released on December 4, 2019"
2019-11-27,Human Resources Magazine Recognizes ADP as &quot;HR Vendors of the Year 2019&quot; in Singapore
2019-11-25,ADP Anticipates 2020 to Deliver Smart and Personalized Work Experiences for Workers and Employers
2019-11-25,Here is the 17th Most Popular Stock Among 752 Hedge Funds
2019-11-21,HealthEquity: An Over 20% Grower for Years to Come
2019-11-21,"ADP Canada National Employment Report: Employment in Canada Decreased by 22,600 Jobs in October 2019"
2019-11-15,"Q3 13F Roundup: How Buffett, Einhorn, Ackman And Others Adjusted Their Portfolios"
2019-11-14,"Media Alert: October 2019 ADP Canada National Employment Report to be released on Thursday, November 21, 2019"
2019-11-14,Everest Group Names ADP a Leader in 2019 Multi-Country Payroll Solutions PEAK Matrix Assessment
2019-11-13,9 Super-Safe-Growth Stocks for Long-Lasting Dividends
2019-11-13,Top-Ranked Nasdaq-100 ETF at New High: 5 Best Stocks
2019-11-12,ADP Authorized to Purchase $5 Billion of its Common Stock
2019-11-12,Automatic Data Processing raises quarterly cash dividend to 91 cents vs. 79
2019-11-12,ADP Increases Cash Dividend; Marks 45th Consecutive Year of Dividend Increases
2019-11-11,"Has Automatic Data Processing, Inc. (NASDAQ:ADP) Improved Earnings Growth In Recent Times?"
2019-11-05,Edited Transcript of ADP earnings conference call or presentation 30-Oct-19 12:30pm GMT
2019-11-01,"Automatic Data Processing, Inc. -- Moody's affirms ADP at Aa3; outlook is stable"
2019-10-31,"Company News for Oct 31, 2019"
2019-10-30,U.S. GDP Rose 1.9% in Q3
2019-10-30,"ADP 125K, GDP 1.9%, Plus GE's Mixed Q3"
2019-10-30,"Stock Market News For Oct 30, 2019"
2019-10-30,Stocks stumble lower at the open as investors await crucial decision on interest rates from the Fed
2019-10-30,"Automatic Data Processing (ADP) Q1 Earnings Top, Revenues Lag"
2019-10-30,Automatic Data Processing (ADP) Beats Q1 Earnings Estimates
2019-10-30,"ADP National Employment Report: Private Sector Employment Increased by 125,000 Jobs in October"
2019-10-30,"[video]U.S. Adds 125,000 Private Sector Jobs in October: ADP"
2019-10-30,ADP Reports First Quarter Fiscal 2020 Results
2019-10-30,"[video]U.S. Hiring Slows in October, 125,000 Private Sector Jobs Added in October: ADP"
2019-10-30,"ADP Earnings Beat, Revenue Misses In Q1"
2019-10-29,SYKE or ADP: Which Is the Better Value Stock Right Now?
2019-10-29,"Business Services Stock Earnings on Oct 30: ADP, IQV & More"
2019-10-28,What Awaits Automatic Data Processing (ADP) in Q1 Earnings?
2019-10-24,"Here's What Automatic Data Processing, Inc.'s (NASDAQ:ADP) P/E Ratio Is Telling Us"
2019-10-23,Automatic Data Processing (ADP) Reports Next Week: Wall Street Expects Earnings Growth
2019-10-23,U.S. Labor Market Demonstrates Signs of Slowing in Third Quarter 2019
2019-10-23,"October 2019 ADP National Employment Report®, ADP Small Business Report® and ADP National Franchise Report® to be Released on Wednesday, October 30, 2019"
2019-10-23,7 Stocks Fueled by Rising Profits as Global Economy Downshifts
2019-10-17,"ADP Canada National Employment Report: Employment in Canada Increased by 28,200 Jobs in September 2019"
2019-10-11,SYKE vs. ADP: Which Stock Is the Better Value Option?
2019-10-10,"ADP Opens New, State-of-the-art Campus at Five City Center in Allentown, Pennsylvania"
2019-10-10,"Media Alert: September 2019 ADP Canada National Employment Report to be released on Thursday, October 17, 2019"
2019-10-09,"Should You Buy Automatic Data Processing, Inc. (ADP)?"
2019-10-08,Is Automatic Data Processing (NASDAQ:ADP) A Risky Investment?
2019-10-07,ADP Eases Retirement Plan Management with the Introduction of New Service
2019-10-06,Top 5 Recession Stocks
2019-10-03,Oil Ends off Lows on Fed Rate Cut Hopes
2019-10-03,"Gold up Again on Dismal U.S. Data, Fed Cut Hopes"
2019-10-03,Why ADP (ADP) Could Beat Earnings Estimates Again
2019-10-03,"Cannabis may be legal, but it's not allowed in most Canadian workplaces"
2019-10-02,81% of Users Will Stay with Their Employer Because of the PayActiv Benefit
2019-10-02,Dow closes sharply lower for second day on  concern about jobs and manufacturing
2019-10-02,Dow down sharply for second day on  concern about jobs and manufacturing
2019-10-02,"Gold prices end back above $1,500 after U.S. private-sector employment data"
2019-10-02,"Gold prices clamber back above $1,500 after U.S. private-sector employment data"
2019-10-02,Dow down more than 500 points midday on  concern about slowing economy
2019-10-02,Stocks extend slide Wednesday as additional tariffs okayed
2019-10-02,"ADP Posts 135K New Jobs, Slowing Across the Board"
2019-10-02,Stocks open sharply lower after weak private payrolls report
2019-10-02,Economic Data Deluge
2019-10-02,US private sector hiring cools more than expected in September
2019-10-02,ADP DataCloud Reaches New Heights with AI-Enhanced Features
2019-10-02,"ADP National Employment Report: Private Sector Employment Increased by 135,000 Jobs in September"
2019-10-02,Gold edges higher as traders watch for private-sector employment data
2019-10-02,Dow futures skid 170 points lower as Wall Street awaits ADP jobs report
2019-10-02,"Oil Sinks Deeper Into Red as Stockpiles, Demand Concerns Grow"
2019-10-01,"Next Gen HCM from ADP honored with ""2019 Top HR Product"" from Human Resource Executive"
2019-09-30,"ADP Named to Working Mother 2019 ""100 Best Companies"" List"
2019-09-30,Wall Street Waits for Key Economic Data This Week
2019-09-30,Quiet Before the New Quarter Storm
2019-09-30,Corestream and ADP Renew Benefits Platform Integration Following Strong Market Reception
2019-09-25,"September 2019 ADP National Employment Report®, ADP Small Business Report® and ADP National Franchise Report® to be Released on Wednesday, October 2, 2019"
2019-09-24,NelsonHall Names ADP a Leader in 2019 Next Generation HCM Technology NEAT for Both Mid/Large and Small Market Segments
2019-09-23,"What Kind Of Shareholder Owns Most Automatic Data Processing, Inc. (NASDAQ:ADP) Stock?"
2019-09-20,"Real Estate Notebook: Smith, Gambrell to add another floor at new Midtown tower"
2019-09-19,"ADP Canada National Employment Report: Employment in Canada Increased by 49,300 Jobs in August 2019"
2019-09-17,Fortune 500 company could transform giant Alpharetta mixed-use project (Renderings)
2019-09-16,"ADP to Announce First Quarter Fiscal 2020 Financial Results on October 30, 2019"
2019-09-12,Automatic Data Processing Inc (ADP) President & CEO Carlos A Rodriguez Sold $13. ...
2019-09-12,"Leidos Holdings, Inc. (LDOS) Ex-Dividend Date Scheduled for September 13, 2019"
2019-09-12,"Media Alert: August 2019 ADP Canada National Employment Report to be released on Thursday, September 19, 2019"
2019-09-11,"Verisk Analytics, Inc. (VRSK) Ex-Dividend Date Scheduled for September 12, 2019"
2019-09-11,"CSG Systems International, Inc. (CSGS) Ex-Dividend Date Scheduled for September 12, 2019"
2019-09-11,"Automatic Data Processing, Inc. (ADP) Ex-Dividend Date Scheduled for September 12, 2019"
2019-09-10,Here's Why You Should Hold Automatic Data Processing Stock
2019-09-10,"Formula Systems (1985) Ltd. (FORTY) Ex-Dividend Date Scheduled for September 11, 2019"
2019-09-10,ADP or BR: Which Outsourcing Stock is Better Positioned?
2019-09-10,Oasis Should Help Paychex's Revenue Cross $4 Billion This Year
2019-09-08,"Read This Before Considering Automatic Data Processing, Inc. (NASDAQ:ADP) For Its Upcoming 0.5% Dividend"
2019-09-06,"QQQ, ADP, ADI, CTSH: ETF Inflow Alert"
2019-09-06,"Stock Market News For Sep 6, 2019"
2019-09-06,Jobs Report Little Help to Fed as Trump Keeps Shouting for Cuts
2019-09-06,Bull Of The Day: Paylocity (PCTY)
2019-09-05,"Dow notches best day in 3 weeks on rising trade optimism, rosier economic data"
2019-09-05,"Dow set for best day in 3 months on rising trade optimism, rosier economic data"
2019-09-05,Jobs Data to Watch For
2019-09-05,"Dow rallies over 400 points on rising trade optimism, strong economic data"
2019-09-05,"Having Cake & Eating It Too? Jobs Numbers Good, Rate Cut Coming"
2019-09-05,"Jack Henry & Associates, Inc. (JKHY) Ex-Dividend Date Scheduled for September 06, 2019"
2019-09-05,"U.S. Dollar Remains Weak After ADP, Jobless Claims"
2019-09-05,"U.S. Private Employers Add 195,000 Jobs in August, More Than Expected, ADP Says"
2019-09-04,Edited Transcript of ADP earnings conference call or presentation 31-Jul-19 12:30pm GMT
2019-09-04,"AQ Carver Buyer, Inc. -- Moody's assigns B3 CFR to AQ Carver Buyer, Inc; outlook stable"
2019-09-04,"ADP Trust Company, National Association Authorized to Open by the Office of Comptroller of the Currency (""OCC"")"
2019-09-02,"Will Automatic Data Processing, Inc.'s (NASDAQ:ADP) Earnings Grow In The Next 12 Months?"
2019-08-30,"DXC Technology Company (DXC) Ex-Dividend Date Scheduled for September 03, 2019"
2019-08-30,"Perspecta Inc. (PRSP) Ex-Dividend Date Scheduled for September 03, 2019"
2019-08-30,"Ebix, Inc. (EBIX) Ex-Dividend Date Scheduled for September 03, 2019"
2019-08-29,"August 2019 ADP National Employment Report®, ADP Small Business Report® and ADP National Franchise Report® to be Released on Thursday, September 5, 2019"
2019-08-28,"Open Text Corporation (OTEX) Ex-Dividend Date Scheduled for August 29, 2019"
2019-08-28,"CSP Inc. (CSPI) Ex-Dividend Date Scheduled for August 29, 2019"
2019-08-23,Strategic Value Investing: Estimates of Cash Flows
2019-08-22,"Square Stock Will Eventually Move Much Higher, But Don’t Buy It Yet"
2019-08-22,Why International Business Machines is a Top 25 SAFE Dividend Stock (IBM)
2019-08-20,"Cognizant Technology Solutions Corporation (CTSH) Ex-Dividend Date Scheduled for August 21, 2019"
2019-08-19,I Ran A Stock Scan For Earnings Growth And Automatic Data Processing (NASDAQ:ADP) Passed With Ease
2019-08-18,What Do AA+ and AAA Credit Ratings Mean?
2019-08-16,Bill Ackman Comments on Automatic Data Processing
2019-08-16,Bill Ackman's 2nd-Quarter Letter to Shareholders of Pershing Square Holdings
2019-08-15,"ADP Canada National Employment Report: Employment in Canada Increased by 73,700 Jobs in July 2019"
2019-08-14,Bill Ackman's Pershing Square makes big bet on Warren Buffett's Berkshire Hathaway
2019-08-14,"Notable ETF Outflow Detected - SPYG, AVGO, AMGN, ADP"
2019-08-14,ADP's Payroll Processing Revenues Could Touch $10 Billion This Fiscal Year
2019-08-14,"Computer Programs and Systems, Inc. (CPSI) Ex-Dividend Date Scheduled for August 15, 2019"
2019-08-12,IBM Named A Top Socially Responsible Dividend Stock
2019-08-09,"Daily Dividend Report: MFC, NTES, GHM, NKE, UPS, CME, ADP"
2019-08-09,"Automatic Data Processing, Inc. -- Moody's announces completion of a periodic review of ratings of Automatic Data Processing, Inc."
2019-08-08,"Top Stock Reports: Disney, Eli Lilly, ADP & More"
2019-08-08,ADP's Advertising Services Breaks New Ground in Recruitment Process Outsourcing (RPO)
2019-08-08,"Media Alert: July 2019 ADP Canada National Employment Report to be released on Thursday, August 15, 2019"
2019-08-07,ADP Declares Regular Quarterly Dividend
2019-08-06,Bill Ackman Exits Positions in United Technologies and Automatic Data Processing
2019-08-06,Pershing Square Exits United Tech and ADP Investments
2019-08-06,Ackman Exits Positions in United Techologies and ADP
2019-08-06,Validea Warren Buffett Strategy Daily Upgrade Report - 8/6/2019
2019-08-05,UPDATE 2-Ackman's Pershing Square exited ADP and United Tech investments -source
2019-08-05,"Notable Monday Option Activity: DGX, ADP, ALGN"
2019-08-05,Interesting ADP Put And Call Options For September 13th
2019-08-05,What Awaits Barrett Business Services (BBSI) in Q2 Earnings?
2019-08-05,Announcing: Automatic Data Processing (NASDAQ:ADP) Stock Increased An Energizing 103% In The Last Five Years
2019-08-03,ADP Keeps Moving Forward After a Transformational Year
2019-08-01,Automatic Data Processing (ADP) Q4 2019 Earnings Call Transcript
2019-08-01,Automatic Data Reaps the Benefits of Transformation Initiatives
2019-08-01,"Evertec, Inc. (EVTC) Ex-Dividend Date Scheduled for August 02, 2019"
2019-07-31,Private Sector Payroll Increases In July
2019-07-31,"Automatic Data Processing (ADP) Q4 Earnings Top, Revenues Lag"
2019-07-31,"ADP Payrolls In-Line at 156K, Slowing from 2018"
2019-07-31,"Apple Heads Dow Jones, Early Stock Gains; Markets Look Toward Fed Rate Vote"
2019-07-31,Automatic Data Processing (ADP) Q4 Earnings Surpass Estimates
2019-07-31,"ADP National Employment Report: Private Sector Employment Increased by 156,000 Jobs in July"
2019-07-31,Apple Drives Up Stock Futures Early As Markets Look Toward Fed Rate Vote
2019-07-31,ADP Reports Fourth Quarter and Fiscal 2019 Results
2019-07-30,"Pre-Market Earnings Report for July 31, 2019 :  AMT, GE, ADP, CME, EPD, D, SO, SPG, MCO, HUM, JCI, SPOT"
2019-07-30,"Business Services Earnings on Jul 31: SPOT, NLSN. ADP, APTV"
2019-07-29,See Which Of The Latest 13F Filers Holds Automatic Data Processing
2019-07-29,Economic and Earnings Data to Flood Market This Week
2019-07-29,"Looking Ahead to Beyond Meat (BYND) Q2, CTB Skids"
2019-07-29,What Awaits Automatic Data Processing (ADP) in Q4 Earnings?
2019-07-24,Paycom (PAYC) to Report Q2 Earnings: What's in the Cards?
2019-07-24,Automatic Data Processing (ADP) Reports Next Week: Wall Street Expects Earnings Growth
2019-07-24,"U.S. Wage Growth, for Second Quarter 2019, Accelerated to 4 Percent Over the Year"
2019-07-24,"July 2019 ADP National Employment Report®, ADP Small Business Report® and ADP National Franchise Report® to be Released on Wednesday, July 31, 2019"
2019-07-23,"Simulations Plus, Inc. (SLP) Ex-Dividend Date Scheduled for July 24, 2019"
2019-07-19,ADP Crosses Above Average Analyst Target
2019-07-19,NelsonHall and Everest Group Name ADP a Leader in Recruitment Process Outsourcing (RPO)
2019-07-18,Invesco QQQ Experiences Big Inflow
2019-07-18,"ADP Canada National Employment Report: Employment in Canada Increased by 30,400 Jobs in June 2019"
2019-07-11,"Media Alert: June 2019 ADP Canada National Employment Report to be released on Thursday, July 18, 2019"
2019-07-10,"SCIENCE APPLICATIONS INTERNATIONAL CORPORATION (SAIC) Ex-Dividend Date Scheduled for July 11, 2019"
2019-07-10,Here's Why You Should Retain Omnicom (OMC) in Your Portfolio
2019-07-09,ADP vs. Paychex: Comparing Key Metrics For The Two Largest Payroll Processing Companies
2019-07-09,"The Zacks Analyst Blog Highlights: Morgan Stanley, McCormick, Walmart, Automatic Data and Air Products"
2019-07-09,FleetCor (FLT) Snaps Up Payroll Card Provider SOLE Financial
2019-07-08,Here's Why You Should Hold on to Navigant Consulting (NCI)
2019-07-08,"VGT, CRM, ACN, ADP: Large Outflows Detected at ETF"
2019-07-08,FLEETCOR Technologies Hits 52-Week High: What's Driving It?
2019-07-08,4 Top Dividend Aristocrats to Buy for 2H19
2019-07-05,"Gold Flat Ahead of Payroll Data, On Track for Seventh Week of Gains"
2019-07-04,Asian Stocks Mixed Ahead of Upcoming U.S. Payroll Report
2019-07-04,Weak Data Could Hasten Rate Cut: Can Banks Cope?
2019-07-04,Gold Prices Steady After Hitting One-Week High
2019-07-03,"S&P 500, Dow and Nasdaq close at record high levels in short session ahead of July Fourth holiday"
2019-07-03,Economic Data Deluge
2019-07-03,Buy Calls to Bet on New ADP Highs
2019-07-03,"ADP Payrolls 102K, Trade Deficit Worsens: Countdown to Rate Cut?"
2019-07-03,Gold Prices Rise on Falling Treasury Yields Amid Soft U.S. Data
2019-07-03,"S&P 500, Dow trade at records in early action as Wall Street digests a weak ADP jobs report"
2019-07-03,"Company News for Jul 3, 2019"
2019-07-03,"ADP National Employment Report: Private Sector Employment Increased by 102,000 Jobs in June"
2019-07-02,"Notable Tuesday Option Activity: EIX, ADP, VLO"
2019-07-02,Day Ahead: Top 3 Things to Watch
2019-07-02,IBM Is Set to Join Exclusive Group of Dividend Aristocrats
2019-07-02,"Nasdaq 100 Movers: ADP, ORLY"
2019-07-02,"S&P 500 Movers: INFO, DISH"
2019-07-02,Economic Data Deluge
2019-07-02,"Pre-Markets Pull Back Slightly, ADP & BLS This Week"
2019-07-01,Positive Development on Trade War Front
2019-07-01,U.S.-China Trade Truce Brings Big Pre-Market Gains
2019-07-01,IBM Garage Aids Enterprises to Devise & Deploy Business Ideas
2019-06-30,Weekly Outlook: July 1 - 5
2019-06-30,How Goldman Sachs and Other Hedge Fund Darlings Performed in Q2
2019-06-29,"Paychex Ends Fiscal 2019 On A Strong Note, But Will It Sustain Momentum In Fiscal 2020?"
2019-06-27,"Pegasystems Inc. (PEGA) Ex-Dividend Date Scheduled for June 28, 2019"
2019-06-27,"Monotype Imaging Holdings Inc. (TYPE) Ex-Dividend Date Scheduled for June 28, 2019"
2019-06-26,"Amdocs Limited (DOX) Ex-Dividend Date Scheduled for June 27, 2019"
2019-06-26,"June 2019 ADP National Employment Report®, ADP Small Business Report® and ADP National Franchise Report® to be Released on Wednesday, July 3, 2019"
2019-06-25,Who are ADP's Main Competitors?
2019-06-25,"ADP to Announce Fourth Quarter Fiscal 2019 Financial Results on July 31, 2019"
2019-06-21,"Top Analyst Reports for ExxonMobil, Oracle & ADP"
2019-06-20,ProShares ProShares UltraPro QQQ Experiences Big Outflow
2019-06-20,"ADP Canada National Employment Report: Employment in Canada Decreased by 16,000 Jobs in May 2019"
2019-06-18,ADP Research Institute to Gather Leading U.S. Economists for State of the Labor Market Summit 2019 at the Harvard Club of New York City
2019-06-17,Here’s What Hedge Funds Think About Automatic Data Processing (ADP)
2019-06-17,What Makes Automatic Data Processing (ADP) a Strong Momentum Stock: Buy Now?
2019-06-14,"Cerner Corporation (CERN) Ex-Dividend Date Scheduled for June 17, 2019"
2019-06-14,ADP (ADP) Upgraded to Buy: Here's Why
2019-06-14,ADP Research Institute Sets International Benchmark for Employee Engagement with its 19-Country Global Study of Engagement
2019-06-13,Here's Why You Should Retain ADP Stock in Your Portfolio
2019-06-13,"Media Alert: May 2019 ADP Canada National Employment Report to be released on Thursday, June 20, 2019"
2019-06-12,What Is a Pay Stub?
2019-06-12,"Verisk Analytics, Inc. (VRSK) Ex-Dividend Date Scheduled for June 13, 2019"
2019-06-12,"Leidos Holdings, Inc. (LDOS) Ex-Dividend Date Scheduled for June 13, 2019"
2019-06-12,"Automatic Data Processing, Inc. (ADP) Ex-Dividend Date Scheduled for June 13, 2019"
2019-06-11,"Noteworthy Tuesday Option Activity: MDR, X, ADP"
2019-06-11,"Ex-Dividend Reminder: Telephone & Data Systems, Automatic Data Processing and Motorola Solutions"
2019-06-10,United Technologies & Raytheon To Merge
2019-06-10,"Pre-Market Rally Continues, &quot;Merger Monday&quot; Returns"
2019-06-10,ADP Crosses Above Average Analyst Target
2019-06-10,See what the IHS Markit Score report has to say about Automatic Data Processing Inc.
2019-06-07,Disappointing Job Data for May
2019-06-07,Jobs Data Depicts Weakness: 75K in May
2019-06-05,Day Ahead: Top 3 Things to Watch
2019-06-05,Private Sector Payrolls Decline
2019-06-05,ADP Growth Sinks to 27K -- What's This Mean for Friday?
2019-06-05,Accenture (ACN) Completes BRIDGE Energy Group Acquisition
2019-06-05,"ADP National Employment Report: Private Sector Employment Increased by 27,000 Jobs in May"
2019-06-03,"Perspecta Inc. (PRSP) Ex-Dividend Date Scheduled for June 04, 2019"
2019-06-03,"DXC Technology Company (DXC) Ex-Dividend Date Scheduled for June 04, 2019"
2019-06-02,Weekly Outlook: June 3 - 7
2019-06-02,Economic Calendar - Top 5 Things to Watch This Week
2019-06-01,Here is the 23rd Most Popular Stock Among Hedge Funds
2019-05-31,ADP or PAYX: Which Outsourcing Services Firm is Better Placed?
2019-05-31,ADP (ADP) Up 1.6% Since Last Earnings Report: Can It Continue?
2019-05-31,"CSG Systems International, Inc. (CSGS) Ex-Dividend Date Scheduled for June 03, 2019"
2019-05-29,"Open Text Corporation (OTEX) Ex-Dividend Date Scheduled for May 30, 2019"
2019-05-29,"Ebix, Inc. (EBIX) Ex-Dividend Date Scheduled for May 30, 2019"
2019-05-29,"CSP Inc. (CSPI) Ex-Dividend Date Scheduled for May 30, 2019"
2019-05-29,"May 2019 ADP National Employment Report®, ADP Small Business Report® and ADP National Franchise Report® to be Released on Wednesday, June 5, 2019"
2019-05-28,ADP Leverages New Technology to Boost Growth
2019-05-26,"Automatic Data Processing, Inc. (ADP): Bill Ackman Says It Has A Good Chance for Accelerated Revenue Growth"
2019-05-22,ADP Expands Instant Pay and Financial Wellness Solutions with Launch of Wisely Now and the myWisely App
2019-05-22,Touching Base After Automatic Data Processing's Mixed Quarter
2019-05-22,Touching Base After Automatic Data Processing&apos;s Mixed Quarter
2019-05-21,"Jack Henry & Associates, Inc. (JKHY) Ex-Dividend Date Scheduled for May 22, 2019"
2019-05-21,Intuit (INTU) to Report Q3 Earnings: What's in the Cards?
2019-05-20,Intuit (INTU) to Report Q3 Earnings: What's in the Cards?
2019-05-20,"Noteworthy ETF Outflows: QQQ, NVDA, ADP, MU"
2019-05-20,"Cognizant Technology Solutions Corporation (CTSH) Ex-Dividend Date Scheduled for May 21, 2019"
2019-05-17,"Q1 13F Roundup: How Buffett, Einhorn, Ackman And Others Adjusted Their Portfolios"
2019-05-16,ADP Highlights Strong Open Ecosystem Momentum at its 2nd Annual ADP Marketplace Partner Summit
2019-05-16,"ADP Canada National Employment Report: Employment in Canada Increased by 61,700 Jobs in April 2019"
2019-05-15,"Notable Wednesday Option Activity: ADP, FITB, MA"
2019-05-15,ADP Appoints Francine S. Katsoudas to Board of Directors
2019-05-14,"Computer Programs and Systems, Inc. (CPSI) Ex-Dividend Date Scheduled for May 15, 2019"
2019-05-14,ADP (ADP) Upgraded to Buy: Here's What You Should Know
2019-05-14,Automatic Data Processing a Top Socially Responsible Dividend Stock With 2.0% Yield (ADP)
2019-05-13,ADP unifies Payroll and HR for growth-focused businesses in APAC and EMEA with the launch of the solution iHCM 2
2019-05-13,ADP Rides on Strategic Acquisitions Amid Rising Expenses
2019-05-10,Charles River Associates (CRAI) Lags Q1 Earnings Estimates
2019-05-10,"Equifax's (EFX) Q1 Earnings Beat Estimates, Revenues Lag"
2019-05-10,Here’s What Hedge Funds Think About Adaptimmune Therapeutics plc (ADP)
2019-05-09,"Delphi Technologies (DLPH) Q1 Earnings Beat, Revenues Lag"
2019-05-09,ADP Ranked #3 on DiversityInc's 2019 Top 50 Companies List
2019-05-09,"Media Alert: April 2019 ADP Canada National Employment Report to be released on Thursday, May 16, 2019"
2019-05-09,Genpact (G) Surpasses Q1 Earnings and Revenue Estimates
2019-05-08,ADP and Intuit Deepen Cross-Platform Connection with New Self-Service Solution
2019-05-07,Global Study Reveals Increasing Demand for Alternative Payment Methods and Flexible Pay Cycles
2019-05-07,See what the IHS Markit Score report has to say about Automatic Data Processing Inc.
2019-05-03,Edited Transcript of ADP earnings conference call or presentation 1-May-19 12:30pm GMT
2019-05-02,Jobless Claims Steady at 230K Ahead of Friday's BLS Report
2019-05-02,Weekly Jobless Claims Remain Unchanged
2019-05-02,ADP a Top 25 Dividend Giant With $8.44B Held By ETFs
2019-05-01,Automatic Data Processing Inc (ADP) Q3 2019 Earnings Call Transcript
2019-05-01,Automatic Data Processing (ADP) Surpasses Q3 Earnings Estimates
2019-05-01,"Nasdaq 100 Movers: AMGN, AAPL"
2019-05-01,"ADP Reports 275K Private-Sector Jobs, Crushing Estimates"
2019-05-01,Private Sector Adds A Staggering Number Of Jobs
2019-05-01,"ADP Q3 Earnings Top Estimates, Revenues Lag, '19 EPS View Up"
2019-05-01,"ADP Beats Q3 Earnings Estimates, Lags Revenues, Ups '19 View"
2019-05-01,"ADP National Employment Report: Private Sector Employment Increased by 275,000 Jobs in April"
2019-05-01,ADP: Fiscal 3Q Earnings Snapshot
2019-05-01,ADP Reports Third Quarter Fiscal 2019 Results
2019-05-01,"U.S. Adds 275,000 Private Sector Jobs in April: ADP"
2019-05-01,"ADP Earnings Beat, Revenue Misses In Q3"
2019-04-30,"Noteworthy Tuesday Option Activity: ADP, NKE, CAL"
2019-04-30,"Pre-Market Earnings Report for May 1, 2019 :  ADP, CVS, EPD, CME, SO, EL, HUM, JCI, YUM, IQV, RCL, HLT"
2019-04-30,Day Ahead: Top 3 Things to Watch
2019-04-30,NelsonHall Names ADP a Leader in 2019 Next Generation Payroll NEAT for the Sixth Consecutive Year
2019-04-30,Why Earnings Season Could Be Great for and Automatic Data Processing (ADP)
2019-04-29,Will Automatic Data Processing (ADP) Beat in Q3 Earnings?
2019-04-28,Weekly Outlook: April 29 - May 3
2019-04-24,YieldBoost Automatic Data Processing To 4.7% Using Options
2019-04-24,"Noteworthy ETF Inflows: QQQ, INTC, ADP, INTU"
2019-04-24,Automatic Data Processing (ADP) Earnings Expected to Grow: Should You Buy?
2019-04-24,U.S. Wage Growth Accelerated from 3.4 Percent to 3.8 Percent Annually; Majority of U.S. Workers Received Wage Increases While Employment Growth was Flat
2019-04-22,Bill Ackman Thanks Warren Buffett for His Fund’s Comeback in 2019
2019-04-22,"Simulations Plus, Inc. (SLP) Ex-Dividend Date Scheduled for April 23, 2019"
2019-04-22,Bill Ackman Is Making a Strong Comeback in 2019
2019-04-20,Corona and Canopy: A mix of beer and pot that could juice your stock portfolio
2019-04-18,"ADP Canada National Employment Report: Employment in Canada Increased by 13,200 Jobs in March 2019"
2019-04-17,5 Reasons Why You Should Invest in Interpublic (IPG) Stock
2019-04-17,Alliance Data to Divest Epsilon to Publicis for $4.4B in Cash
2019-04-16,Alliance Data to Divest Epsilon to Publicis for $4.4B in Cash
2019-04-16,"QQQ, INTC, ADP, MU: ETF Inflow Alert"
2019-04-16,Omnicom (OMC) Surpasses Q1 Earnings and Revenue Estimates
2019-04-16,Waste Management Snaps Up Advanced Disposal for $4.9 Billion
2019-04-16,"ADP Research Institute Releases 2019 State of the Workforce Report: Pay, Promotions and Retention, Providing Unprecedented View of the Organization of U.S. Firms"
2019-04-15,ManpowerGroup's (MAN) Q1 Earnings: How Things Are Shaping Up
2019-04-15,ADP® Simplifies Tax Compliance with Next-Generation Tax Engine
2019-04-12,Why Should You Hold on to ManpowerGroup (MAN) Stock Now?
2019-04-12,Omnicom (OMC) to Report Q1 Earnings: Is a Beat in Store?
2019-04-11,Why Should You Retain H&R Block (HRB) in Your Portfolio?
2019-04-11,ADP or BR: Which Outsourcing Player is a Better Stock to Buy?
2019-04-11,Why Should You Hold on to Waste Management (WM) Stock Now?
2019-04-11,"Media Alert: March 2019 ADP Canada National Employment Report to be released on Thursday, April 18, 2019"
2019-04-10,Clean Harbors Benefits From Buyouts & Operational Efficiency
2019-04-10,"SCIENCE APPLICATIONS INTERNATIONAL CORPORATION (SAIC) Ex-Dividend Date Scheduled for April 11, 2019"
2019-04-10,Here's Why You Should Retain S&P Global (SPGI) Stock Now
2019-04-10,Accenture Targets French IT Facilitator Cirruseo Buyout
2019-04-09,5 Companies Hit 52-Week Highs
2019-04-09,See what the IHS Markit Score report has to say about Automatic Data Processing Inc.
2019-04-09,Here's Why You Should Hold FLEETCOR Technologies (FLT) Now
2019-04-09,Top Ranked Momentum Stocks to Buy for April 9th
2019-04-09,6 Reasons Why You Should Invest in MAXIMUS (MMS) Stock
2019-04-08,Invesco QQQ Experiences Big Outflow
2019-04-08,Automatic Data Processing (ADP) Is Up 3.86% in One Week: What You Should Know
2019-04-08,Top Ranked Momentum Stocks to Buy for April 8th
2019-04-08,Here's Why You Should Retain Rollins (ROL) in Your Portfolio
2019-04-05,WEX Joins Forces With Supply Chain Technology Provider Octet
2019-04-05,Why the Earnings Surprise Streak Could Continue for ADP (ADP)
2019-04-05,Here's Why You Should Hold on to IHS Markit (INFO) Stock
2019-04-04,Jobless Claims Down To Half-Century Lows
2019-04-04,"Jobless Claims Down to 202K, Tesla Down 9%"
2019-04-04,"Zacks.com featured highlights include: Cadence Design, LPL, Charles and Automatic Data"
2019-04-04,"Stock Market News For Apr 4, 2019"
2019-04-03,ADP Declares Regular Quarterly Dividend
2019-04-03,Day Ahead: Top 3 Things to Watch
2019-04-03,ADP® Recognizes Leading Companies for Workplace Transformation Initiatives at 26th Annual ADP Meeting of the Minds Conference
2019-04-03,Weak Job Addition in Private Sector
2019-04-03,"ADP: 129K Private-Sector Jobs in March, Below Estimates"
2019-04-03,4 GARP Stocks for a Winning Portfolio
2019-04-03,S&P Global's David Blitzer's Near 40-Year Term to End Soon
2019-04-03,"ADP National Employment Report: Private Sector Employment Increased by 129,000 Jobs in March"
2019-04-03,U.S. Economy Posts Lowest Job Creation in 18 Months: ADP
2019-04-03,Top 5 Things to Know in the Market on Wednesday
2019-04-02,5 ways to make Equal Pay Day a reality
2019-04-02,Day Ahead: Top 3 Things to Watch
2019-04-02,Walgreens' Earnings & Economic Data In Focus
2019-04-02,"Durable Goods Mixed, Walgreen's (WBA) Disappoints"
2019-04-02,Accenture Boosts Nordics Presence With Hjaltelin Stahl Buyout
2019-04-02,Verisk (VRSK) Scales New 52-Week High: What's Driving It?
2019-04-02,ADP Achieves a Perfect Score in Workplace Equality for 10th Straight Year
2019-04-01,Here's Why You Should Retain IQVIA Holdings (IQV) Stock Now
2019-04-01,Interpublic (IPG) Rides on Organic Growth & Acquisitions
2019-03-31,Economic Calendar - Top 5 Things to Watch This Week
2019-03-28,Equifax (EFX) and FICO Team Up for Data Decisions Cloud
2019-03-28,Automatic Data Processing (ADP): Billionaire Bill Ackman Thinks The Company Is On The Right Track
2019-03-28,ADP Crosses Above Average Analyst Target
2019-03-28,"Pegasystems Inc. (PEGA) Ex-Dividend Date Scheduled for March 29, 2019"
2019-03-28,"Monotype Imaging Holdings Inc. (TYPE) Ex-Dividend Date Scheduled for March 29, 2019"
2019-03-28,ADP Mobile App Surpasses 20 Million Registered Users as the Mobile-First Movement Arrives in the Workplace
2019-03-28,See what the IHS Markit Score report has to say about Automatic Data Processing Inc.
2019-03-27,Bill Ackman Comments on Automatic Data Processing
2019-03-27,"Amdocs Limited (DOX) Ex-Dividend Date Scheduled for March 28, 2019"
2019-03-27,"March 2019 ADP National Employment Report®, ADP Small Business Report® and ADP National Franchise Report® to be Released on Wednesday, April 3, 2019"
2019-03-26,"IHS Markit (INFO) Q1 Earnings Surpass Estimates, Revenue Lag"
2019-03-26,WEX Unveils Buyout Plan for EG Group's Fuel Card Business
2019-03-26,See what the IHS Markit Score report has to say about Automatic Data Processing Inc.
2019-03-25,"Perspecta Inc. (PRSP) Ex-Dividend Date Scheduled for March 26, 2019"
2019-03-25,"DXC Technology Company (DXC) Ex-Dividend Date Scheduled for March 26, 2019"
2019-03-21,"ADP Canada National Employment Report: Employment in Canada Increased by 36,200 Jobs in February 2019"
2019-03-20,"ADP to Announce Third Quarter Fiscal 2019 Financial Results on May 1, 2019"
2019-03-19,See what the IHS Markit Score report has to say about Automatic Data Processing Inc.
2019-03-19,Pay Equity Problem Persists in Canadian Workplaces
2019-03-18,"XLK, AVGO, ACN, ADP: ETF Inflow Alert"
2019-03-18,Here's Why You Should Retain Waste Connections (WCN) Now
2019-03-18,Automatic Data Processing (ADP) Hits a New 52-Week High
2019-03-18,7 GARP Stocks to Scoop Up for Maximum Returns
2019-03-15,IHS Markit's (INFO) OPIS and GLX Collaborate on LNG Indices
2019-03-14,"MIND C.T.I. Ltd. (MNDO) Ex-Dividend Date Scheduled for March 15, 2019"
2019-03-14,"Media Alert: February 2019 ADP Canada National Employment Report to be released on Thursday, March 21, 2019"
2019-03-13,Here's Why You Should Hold On to Republic Services (RSG) Now
2019-03-13,"ABM Rides on Vision 2020 and GCA Buyout, Suffers Debt Woes"
2019-03-13,First Data (FDC) to Snap Up Leading Brazilian EFT Brand
2019-03-13,"Verisk Analytics, Inc. (VRSK) Ex-Dividend Date Scheduled for March 14, 2019"
2019-03-13,"Leidos Holdings, Inc. (LDOS) Ex-Dividend Date Scheduled for March 14, 2019"
2019-03-12,Square Stock Faces Short-Term Pain and Long-Term Gain
2019-03-12,Waste Management's Subsidiary Buys Petro Waste Environmental
2019-03-12,See what the IHS Markit Score report has to say about Automatic Data Processing Inc.
2019-03-12,Why You Should Retain Verisk Analytics (VRSK) Stock for Now
2019-03-12,"CSG Systems International, Inc. (CSGS) Ex-Dividend Date Scheduled for March 13, 2019"
2019-03-12,ADP TotalSource® Raises the Bar with Enhanced Professional Employer Organization Offerings that Address Today's Workplace Challenges
2019-03-11,Why Should You Retain Fiserv (FISV) Stock in Your Portfolio?
2019-03-11,6 Reasons Why You Should Invest in Insperity (NSP) Stock
2019-03-11,ATTO or ADP: Which Is the Better Value Stock Right Now?
2019-03-11,ADP Honored by Junior Achievement with U.S. President's Volunteer Service Award
2019-03-11,Here's Why You Should Add Xerox (XRX) to Your Portfolio
2019-03-08,Jobless Rate Falls To 3.8%
2019-03-08,"February Jobs Just 20K, Unemployment Falls to 3.8%"
2019-03-08,Here's Why Automatic Data Processing (ADP) is a Great Momentum Stock to Buy
2019-03-08,Accenture Introduces Intelligent Digital IAM Capability
2019-03-08,"Xerox To Reorganize Under Holding Company, Improve Operations"
2019-03-08,"ADP Ignites Conversation around Changing World of Work with New Brand Campaign: ""What Are You #WorkingFor?"""
2019-03-08,Is the U.S. Jobs Report too Bad to Be True?
2019-03-07,"H&R Block (HRB) Q3 Loss Narrows Y/Y, Revenues Beat Estimates"
2019-03-07,ADP CFO Jan Siegmund to step down after more than 6 years in the role
2019-03-07,"ABM Industries (ABM) Q1 Earnings Beat, Revenues Rise Y/Y"
2019-03-07,"Analysis: Positioning to Benefit within Kimberly-Clark, Hoegh LNG Partners LP, Teck Resources, Automatic Data Processing, Armstrong World Industries, and CoStar Group — Research Highlights Growth, Revenue, and Consolidated Results"
2019-03-07,Should First Trust Capital Strength ETF (FTCS) Be on Your Investing Radar?
2019-03-06,"Noteworthy Wednesday Option Activity: AGN, ADP, EZPW"
2019-03-06,Private Sector Employment Data in Focus
2019-03-06,"ADP In-Line at 183K; Trade Deficit -$59.8B, Lowest Since 2008"
2019-03-06,4 Stocks to Gain From the Fast-Changing American Workforce
2019-03-06,Accenture Announces Acquisition of Life Sciences Company ESP
2019-03-06,"IQVIA Holdings Rides on Technological Suite, Debt Woes Persist"
2019-03-06,"Automatic Data Processing, Inc. (ADP) Ex-Dividend Date Scheduled for March 07, 2019"
2019-03-06,WEX Announces Completion of Discovery Benefits Acquisition
2019-03-06,"ADP National Employment Report: Private Sector Employment Increased by 183,000 Jobs in February"
2019-03-06,"U.S. Adds 183,000 Private Sector Jobs in February: ADP"
2019-03-06,[$$] US private sector adds fewer jobs than expected in February
2019-03-05,Stericycle (SRCL) Rides on Acquisitions as Debt Woes Linger
2019-03-05,Verisk's Geomni Unveils Aerial Imagery Subscription Service
2019-03-04,Waste Connections (WCN) Rides on Acquisitions Amid Debt Woes
2019-03-04,Kforce Agrees to Sell Federal Government Solutions to ManTech
2019-03-01,Charles River Associates' (CRAI) Earnings Beat Estimates in Q4
2019-03-01,6 Reasons Why Automatic Data Processing (ADP) Stock is a Buy
2019-03-01,Stericycle (SRCL) Down on Tepid View Despite Q4 Earnings Beat
2019-02-27,"Jack Henry & Associates, Inc. (JKHY) Ex-Dividend Date Scheduled for February 28, 2019"
2019-02-27,"Computer Programs and Systems, Inc. (CPSI) Ex-Dividend Date Scheduled for February 28, 2019"
2019-02-27,"Open Text Corporation (OTEX) Ex-Dividend Date Scheduled for February 28, 2019"
2019-02-27,"February 2019 ADP National Employment Report®, ADP Small Business Report® and ADP National Franchise Report® to be Released on Wednesday, March 6, 2019"
2019-02-27,"Verisk (VRSK) Rides on Organic Growth & Buyouts, Debt High"
2019-02-26,"Verisk (VRSK) Rides on Organic Growth & Buyouts, Debt High"
2019-02-26,"SPYG, NEE, PM, ADP: Large Outflows Detected at ETF"
2019-02-26,"Ebix, Inc. (EBIX) Ex-Dividend Date Scheduled for February 27, 2019"
2019-02-26,"CSP Inc. (CSPI) Ex-Dividend Date Scheduled for February 27, 2019"
2019-02-26,Everest Group Names ADP a Leader and Star Performer in the Multi-Process Human Resources Outsourcing PEAK Matrix Report
2019-02-26,Validea John Neff Strategy Daily Upgrade Report - 2/26/2019
2019-02-22,"Evertec, Inc. (EVTC) Ex-Dividend Date Scheduled for February 25, 2019"
2019-02-21,Insperity (NSP) Benefits From Higher Worksite Employee Growth
2019-02-21,ATTO vs. ADP: Which Stock Is the Better Value Option?
2019-02-21,"ADP Canada National Employment Report: Employment in Canada Increased by 35,400 Jobs in January 2019"
2019-02-20,"Verisk Analytics (VRSK) Misses on Q4 Earnings, Beats Revenues"
2019-02-20,"Fiserv Rides on Strategic Buyouts, Integration Risks Stay"
2019-02-19,Bill Ackman's Pershing Square Discloses 2 New Positions for 4th Quarter
2019-02-19,"Cognizant Technology Solutions Corporation (CTSH) Ex-Dividend Date Scheduled for February 20, 2019"
2019-02-19,See what the IHS Markit Score report has to say about Automatic Data Processing Inc.
2019-02-18,Intuit (INTU) to Report Q2 Earnings: What Awaits the Stock?
2019-02-18,See what the IHS Markit Score report has to say about Automatic Data Processing Inc.
2019-02-15,Automatic Data Processing Inc (ADP) President & CEO Carlos A Rodriguez Sold $5. ...
2019-02-15,"Q4 13F Roundup: How Buffett, Einhorn, Ackman And Others Adjusted Their Portfolios"
2019-02-15,Here's Why Momentum Investors Will Love Automatic Data Processing (ADP)
2019-02-15,What Does ADP Have in Store for Ackman after Failed Proxy Battle?
2019-02-15,ADP Rides on Strategic Acquisitions & Solid Balance Sheet
2019-02-15,See what the IHS Markit Score report has to say about Automatic Data Processing Inc.
2019-02-14,"Media Alert: January 2019 ADP Canada National Employment Report to be released on Thursday, February 21, 2019"
2019-02-13,"FVD, BTI, DOV, ADP: ETF Inflow Alert"
2019-02-11,Genpact (G) Catches Eye: Stock Jumps 6.6%
2019-02-11,"Detailed Research: Economic Perspectives on Waddell & Reed Financial, Kennametal, Automatic Data Processing, Trustmark, Eagle Bulk Shipping, and GlycoMimetics — What Drives Growth in Today's Competitive Landscape"
2019-02-11,Why International Business Machines is a Top Socially Responsible Dividend Stock (IBM)
2019-02-08,Is Automatic Data Processing (ADP) Stock Outpacing Its Business Services Peers This Year?
2019-02-08,See what the IHS Markit Score report has to say about Automatic Data Processing Inc.
2019-02-06,Why Hold Strategy is Apt for IHS Markit (INFO) Right Now
2019-02-06,"Accenture to Improve Mining Skills, Focus on South Africa"
2019-02-05,See what the IHS Markit Score report has to say about Automatic Data Processing Inc.
2019-02-04,"ADP Pushes Into Overhead Resistance, but Charts Favor a Move to New Highs"
2019-02-02,Tranformation Initiatives Help Lift Automatic Data Processing Earnings
2019-02-02,"'The economy feels like it has a lot of momentum,' says ADP CEO after strong jobs data"
2019-02-01,Tranformation Initiatives Help Lift Automatic Data Processing Earnings
2019-02-01,ADP (ADP) Moves to Buy: Rationale Behind the Upgrade
2019-02-01,[$$] FirstFT: Today’s top stories
2019-02-01,Edited Transcript of ADP earnings conference call or presentation 30-Jan-19 1:30pm GMT
2019-01-31,Strong Q4 2018 Earnings Results
2019-01-31,"Jobless Claims Shoot Up to 253K, Q4 Earnings Solid: GE, UPS, MA"
2019-01-31,"Company News For Jan 31, 2019"
2019-01-31,Automatic Data Processing (ADP) Q2 2019 Earnings Conference Call Transcript
2019-01-30,"ADP Q2 Earnings, Revenues Surpass Estimates, 2019 EPS View Up"
2019-01-30,Robust Private Sector Payroll Data For December 2018
2019-01-30,"ADP Jobs Stay Robust, Q4 Numbers Look Good Too"
2019-01-30,Paycom (PAYC) to Report Q4 Earnings: What's in the Cards?
2019-01-30,Automatic Data Processing (ADP) Beats Q2 Earnings and Revenue Estimates
2019-01-30,"ADP National Employment Report: Private Sector Employment Increased by 213,000 Jobs in January"
2019-01-30,ADP: Fiscal 2Q Earnings Snapshot
2019-01-30,ADP Reports Second Quarter Fiscal 2019 Results
2019-01-30,"U.S. Adds 213,000 Private Sector Jobs in January: ADP"
2019-01-30,Automatic Data Processing Q2 19 Earnings Conference Call At 8:30 AM ET
2019-01-30,Automatic Data Processing Inc. Q2 adjusted earnings of $1.34 per share
2019-01-30,"ADP Earnings, Revenue beat in Q2"
2019-01-30,"[$$] US private sector adds 213,000 jobs in January"
2019-01-29,"Pre-Market Earnings Report for January 30, 2019 :  T, BABA, BA, MCD, TMO, ANTM, ADP, GD, NVS, SIRI, RCL, IR"
2019-01-29,See what the IHS Markit Score report has to say about Automatic Data Processing Inc.
2019-01-28,See what the IHS Markit Score report has to say about Automatic Data Processing Inc.
2019-01-27,Gold / Silver / Copper Prices - Weekly Outlook: Jan. 28 - Feb. 1
2019-01-27,Weekly Outlook: Jan. 28 - Feb. 1
2019-01-25,ADP Makes Bullish Cross Above Critical Moving Average
2019-01-25,Automatic Data Processing (ADP) Q2 Earnings: What's in Store?
2019-01-23,Interesting ADP Put And Call Options For March 15th
2019-01-23,Automatic Data Processing (ADP) Reports Next Week: Wall Street Expects Earnings Growth
2019-01-23,"Simulations Plus, Inc. (SLP) Ex-Dividend Date Scheduled for January 24, 2019"
2019-01-23,U.S. Wage Growth Remained Steady at 3.4 Percent Annually; Job Switching Continues to Slow to 20.5 Percent
2019-01-23,"January 2019 ADP National Employment Report®, ADP Small Business Report® and ADP National Franchise Report® to be Released on Wednesday, January 30, 2019"
2019-01-22,"ADP Recognized on FORTUNE Magazine's 2019 List of ""The World's Most Admired Companies"" for 13 Consecutive Years"
2019-01-22,See what the IHS Markit Score report has to say about Automatic Data Processing Inc.
2019-01-20,[$$] Why Paris airports are the big prize for Vinci
2019-01-18,See what the IHS Markit Score report has to say about Automatic Data Processing Inc.
2019-01-17,"ADP Canada National Employment Report: Employment in Canada Decreased by 13,000 Jobs in December 2018"
2019-01-17,See what the IHS Markit Score report has to say about Automatic Data Processing Inc.
2019-01-16,"Daily Dividend Report: C, EPD, ADP, BK, MMC"
2019-01-16,"Top Analyst Reports for Procter & Gamble, NVIDIA & Bristol-Myers"
2019-01-15,ADP Declares Regular Quarterly Dividend
2019-01-14,"QQQ, PYPL, QCOM, ADP: ETF Inflow Alert"
2019-01-14,Top Picks 2019- Automatic Data Processing ADP
2019-01-11,ADP Canada and Blue J Legal to Offer AI-based HR Foresight
2019-01-10,ADP Canada Adds AI-Enabled HR Foresight to ADP HR Assist(SM)
2019-01-10,"Media Alert: December 2018 ADP Canada National Employment Report to be released on Thursday, January 17, 2019"
2019-01-09,"SCIENCE APPLICATIONS INTERNATIONAL CORPORATION (SAIC) Ex-Dividend Date Scheduled for January 10, 2019"
2019-01-09,See what the IHS Markit Score report has to say about Automatic Data Processing Inc.
2019-01-08,ADP Canada Partners with ZipRecruiter to Connect Canadian Businesses with Top Talent
2019-01-04,Stupendous Jobs Report Keeps Hopes Alive
2019-01-04,Blockbuster Jobs Numbers Don't Scare the Market!
2019-01-04,"Stock Market News For Jan 4, 2019"
2019-01-04,Top Picks 2019- Motorola Solutions MSI
2019-01-03,Ahead Of Today's Opening Bell
2019-01-03,"Big News Day: Apple, New Jobs, Celgene & More"
2019-01-03,Stock market opens lower as rare forecast cut by Apple unsettles Wall Street
2019-01-03,"CSP Inc. (CSPI) Ex-Dividend Date Scheduled for January 04, 2019"
2019-01-03,"ADP National Employment Report: Private Sector Employment Increased by 271,000 Jobs in December"
2019-01-03,"U.S. Adds 271,000 Private Sector Jobs in December: ADP"
2019-01-02,"SPYG, NEE, ADP, ISRG: ETF Outflow Alert"
2019-01-02,Strong U.S. Economy to Boost Wall Street in 2019
2019-01-02,Anywhere to Go But Up?
2018-12-31,Why Should You Hold Aptiv (APTV) Stock in Your Portfolio?
2018-12-31,Automatic Data Processing Enters Oversold Territory
2018-12-28,"Paychex Rides on Tax Cut, Acquisitions, Strong Cash Position"
2018-12-28,ADP or PAYX: Which Outsourcing Services Firm is a Better Buy?
2018-12-28,"Monotype Imaging Holdings Inc. (TYPE) Ex-Dividend Date Scheduled for December 31, 2018"
2018-12-28,FISV or WEX: Which Financial Services Firm is Better Placed?
2018-12-28,Bi-Partisan Bets on an Infrastructure Plan
2018-12-27,Here's Why You Should Hold Delphi Technologies (DLPH) Now
2018-12-27,What Should Workday Investors Expect?
2018-12-27,Verisk (VRSK) Stock Rises 12% Year to Date: Here's Why
2018-12-27,"Amdocs Limited (DOX) Ex-Dividend Date Scheduled for December 28, 2018"
2018-12-27,"Pegasystems Inc. (PEGA) Ex-Dividend Date Scheduled for December 28, 2018"
2018-12-27,"Formula Systems (1985) Ltd. (FORTY) Ex-Dividend Date Scheduled for December 28, 2018"
2018-12-27,"December 2018 ADP National Employment Report®, ADP Small Business Report® and ADP National Franchise Report® to be Released on Thursday, January 3, 2019"
2018-12-26,Here's Why You Should Hold on to FTI Consulting (FCN) Stock
2018-12-26,Why Should You Hold Broadridge (BR) Stock in Your Portfolio?
2018-12-24,"Notable ETF Outflow Detected - XNTK, VMW, ADP, ACN"
2018-12-24,Paychex (PAYX) Completes Oasis Outsourcing Acquisition
2018-12-24,See what the IHS Markit Score report has to say about Automatic Data Processing Inc.
2018-12-21,WEX Appoints Global Payments Veteran Susan Sobbott to Board
2018-12-21,BR or G: Which Outsourcing Services Firm is Better Placed?
2018-12-21,Automatic Data Processing Enters Oversold Territory
2018-12-20,2 Stocks Billionaire Bill Ackman Bought in Q3 (and 3 He Dumped)
2018-12-20,"ADP Canada National Employment Report: Employment in Canada Increased by 39,100 Jobs in November 2018"
2018-12-20,See what the IHS Markit Score report has to say about Automatic Data Processing Inc.
2018-12-20,"ADP to Announce Second Quarter Fiscal 2019 Financial Results on January 30, 2019"
2018-12-18,Best Dividend Stocks: 5 High-Yield Stocks Beating The S&P 500
2018-12-18,Automatic Data Processing Becomes Oversold
2018-12-18,"Final Trades: Automatic Data, Alaska Air, J&J, Amazon"
2018-12-18,See what the IHS Markit Score report has to say about Automatic Data Processing Inc.
2018-12-17,DVOL's Holdings Could Mean 11% Gain Potential
2018-12-14,Why Automatic Data Processing (ADP) is a Great Dividend Stock Right Now
2018-12-14,Here's Why You Should Hold Waste Connections (WCN) Stock Now
2018-12-13,Bill Ackman's Top 5 Holdings as of 3rd Quarter
2018-12-13,ADP February 2019 Options Begin Trading
2018-12-13,"Leidos Holdings, Inc. (LDOS) Ex-Dividend Date Scheduled for December 14, 2018"
2018-12-13,Accenture Opens 11th North America Innovation Hub in Atlanta
2018-12-13,"Media Alert: November 2018 ADP Canada National Employment Report to be released on Thursday, December 20, 2018"
2018-12-13,See what the IHS Markit Score report has to say about Automatic Data Processing Inc.
2018-12-12,"Noteworthy ETF Outflows: PWB, ADP, TXN, VMW"
2018-12-12,"Automatic Data Processing, Inc. (ADP) Ex-Dividend Date Scheduled for December 13, 2018"
2018-12-12,See what the IHS Markit Score report has to say about Automatic Data Processing Inc.
2018-12-11,"Ex-Dividend Reminder: ADT, Automatic Data Processing and Telephone & Data Systems"
2018-12-11,Interpublic (IPG) Stock Up 13.6% Year to Date: Here's Why
2018-12-11,Waste Connections (WCN) Acquires American Disposal Services
2018-12-11,See what the IHS Markit Score report has to say about Automatic Data Processing Inc.
2018-12-10,Here's Why You Should Hold WEX Stock in Your Portfolio Now
2018-12-10,See what the IHS Markit Score report has to say about Automatic Data Processing Inc.
2018-12-07,6 Reasons Why You Should Invest in Automatic Data Processing
2018-12-06,"H&R Block (HRB) Q2 Loss Widens Y/Y, Revenues Beat Estimates"
2018-12-06,Economic Data Deluge
2018-12-06,"U.S. Adds 179,000 Private Sector Jobs in November: ADP"
2018-12-06,"Salad of Econ Data for Healthy Markets: ADP, Claims & More"
2018-12-06,"ADP National Employment Report: Private Sector Employment Increased by 179,000 Jobs in November"
2018-12-06,[$$] US private sector adds 179k jobs in November — ADP
2018-12-05,"The Zacks Analyst Blog Highlights: Automatic Data, V.F. Corp, Air Products, Walgreens and McCormick"
2018-12-05,6 Reasons to Add Waste Management Stock to Your Portfolio
2018-12-04,"Notable ETF Inflow Detected - PWB, ADP, VMW, NVDA"
2018-12-04,Investors Skeptical About U.S. - China Trade Negotiation
2018-12-04,Exhibiting Patience in the Face of Volatility
2018-12-04,5 Top Dividend Aristocrats to Buy in December
2018-12-04,See what the IHS Markit Score report has to say about Automatic Data Processing Inc.
2018-12-03,"November 2018 ADP National Employment Report®, ADP Small Business Report® and ADP National Franchise Report® Postponed to Thursday, December 6, 2018 in Honor of a National Day of Mourning for U.S. President George H. W. Bush"
2018-12-03,"CSG Systems International, Inc. (CSGS) Ex-Dividend Date Scheduled for December 04, 2018"
2018-12-03,"DXC Technology Company (DXC) Ex-Dividend Date Scheduled for December 04, 2018"
2018-12-03,"Perspecta Inc. (PRSP) Ex-Dividend Date Scheduled for December 04, 2018"
2018-12-03,ADP Announces Top Workplace Trends for 2019 and Provides a Look-Back at the U.S. Labor Market in 2018
2018-12-02,Economic Calendar - Top 5 Things to Watch This Week
2018-11-30,FTI Consulting (FCN) Appoints Managing Director to GRIP
2018-11-30,"Boasting A 37% Return On Equity, Is Automatic Data Processing Inc (NASDAQ:ADP) A Top Quality Stock?"
2018-11-30,ADP (ADP) Up 3.5% Since Last Earnings Report: Can It Continue?
2018-11-30,DocuSign (DOCU) Q3 Earnings to See Impacts of SpringCM Buyout
2018-11-30,Will Heavy Investments Dent H&R Block (HRB) in Q2 Earnings?
2018-11-29,"Republic Services (RSG) Rides on Internal Growth, Debt High"
2018-11-29,"Jack Henry & Associates, Inc. (JKHY) Ex-Dividend Date Scheduled for November 30, 2018"
2018-11-28,"Ebix, Inc. (EBIX) Ex-Dividend Date Scheduled for November 29, 2018"
2018-11-28,"Accenture Opens Innovation Hub in Canada, 800 Jobs in Focus"
2018-11-28,"November 2018 ADP National Employment Report®, ADP Small Business Report® and ADP National Franchise Report® to be Released on Wednesday, December 5, 2018"
2018-11-28,Broadridge Brings Solution for SEC Rule 30e-3 Implementation
2018-11-27,Broadridge Brings Solution for SEC Rule 30e-3 Implementation
2018-11-27,Paychex (PAYX) to Acquire Oasis Outsourcing for $1.2 Billion
2018-11-27,See what the IHS Markit Score report has to say about Automatic Data Processing Inc.
2018-11-26,"Fiserv (FISV) Rides on Strategic Business Moves, Debt High"
2018-11-26,6 Reasons Why You Should Invest in Paychex (PAYX) Stock Now
2018-11-23,First Data Introduces SpendTrend Holiday Insights Dashboard
2018-11-23,Here's Why You Should Retain H&R Block in Your Portfolio
2018-11-23,Here's Why You Should Hold On to FactSet (FDS) Stock Now
2018-11-23,Here's Why You Should Retain ABM Industries in Your Portfolio
2018-11-22,IQVIA Holdings Rides on Technological Suite Amid Debt Woes
2018-11-21,Insperity (NSP) Benefits From Higher Worksite Employee Growth
2018-11-21,First Data (FDC) Introduces Two Clover Devices in Argentina
2018-11-20,"Is Automatic Data Processing, Inc. (NASDAQ:ADP) Going to Burn These Hedge Funds?"
2018-11-20,"Clean Harbors (CLH) Rides on Buyouts, Operational Efficiency"
2018-11-20,S&P Global Benefits From Acquisitions Amid Weak Issuance
2018-11-20,"First Data Rides on Acquisitions, Integration Risks Stay"
2018-11-19,8 Best Stocks to Buy for the Holiday Spirit
2018-11-19,Automatic Data Processing Inc (ADP) President & CEO Carlos A Rodriguez Sold $9. ...
2018-11-19,5 Reasons Why You Should Invest in Interpublic (IPG) Now
2018-11-16,"Notable Friday Option Activity: ADP, BA, COL"
2018-11-16,"Cognizant Technology Solutions Corporation (CTSH) Ex-Dividend Date Scheduled for November 19, 2018"
2018-11-15,Bill Ackman Comments on ADP
2018-11-15,WEX Benefits From Organic Growth and Strategic Buyouts
2018-11-15,"Q3 13F Roundup: How Buffett, Einhorn, Ackman And Others Adjusted Their Portfolio"
2018-11-15,"ADP Canada National Employment Report: Employment in Canada Decreased by 23,000 Jobs in October 2018"
2018-11-14,Intuit (INTU) to Report Q1 Earnings: What's in the Cards?
2018-11-13,"Computer Programs and Systems, Inc. (CPSI) Ex-Dividend Date Scheduled for November 14, 2018"
2018-11-13,ADP Rides on Strategic Acquisitions and Strong Business Model
2018-11-13,Conduent (CNDT) in Focus: Stock Moves 6.2% Higher
2018-11-13,See what the IHS Markit Score report has to say about Automatic Data Processing Inc.
2018-11-12,See what the IHS Markit Score report has to say about Automatic Data Processing Inc.
2018-11-09,Automatic Data Processing Inc (ADP) President & CEO Carlos A Rodriguez Sold $15 million of ...
2018-11-09,See what the IHS Markit Score report has to say about Automatic Data Processing Inc.
2018-11-08,"Recent Analysis Shows Automatic Data Processing, GTx, Ionis Pharmaceuticals, TriNet Group, Ternium S.A, and UNIVERSAL INSURANCE HOLDINGS INC Market Influences — Renewed Outlook, Key Drivers of Growth"
2018-11-08,"Media Alert: October 2018 ADP Canada National Employment Report to be released on Thursday, November 15, 2018"
2018-11-07,"IGM, ACN, TXN, ADP: ETF Outflow Alert"
2018-11-07,ADP Named A Top Socially Responsible Dividend Stock
2018-11-06,"Daily Dividend Report: ADP, EMR, ABC, CBS, BHGE"
2018-11-06,5 Stocks Booming Thanks to the Midterm Elections
2018-11-06,ADP Increases Cash Dividend; Marks 44th Consecutive Year of Dividend Increases
2018-11-06,Automatic Data Processing Manages a Solid Beat and Raise
2018-11-05,"Earnings From L, DO, CAN, PCG, SHO"
2018-11-02,Edited Transcript of ADP earnings conference call or presentation 31-Oct-18 12:30pm GMT
2018-11-01,"Jobless Claims 214K, Productivity 2.2%; Waiting for Tim Cook"
2018-11-01,"Evertec, Inc. (EVTC) Ex-Dividend Date Scheduled for November 02, 2018"
2018-11-01,ADP and Intuit Expand Relationship to Improve Integration Across Platforms
2018-10-31,Technician says these 3 beaten down stocks are looking li...
2018-10-31,Automatic Data Processing Inc (ADP) Q1 2019 Earnings Conference Call Transcript
2018-10-31,"ADP Q1 Earnings, Revenues Surpass Estimates, 2019 View Up"
2018-10-31,"U.S. Adds 227,000 Private Sector Jobs in October: ADP"
2018-10-31,"ADP Job Data, Earnings From General Motors In Focus"
2018-10-31,"ADP Earnings, Revenue beat in Q1"
2018-10-31,G vs. ADP: Which Stock Should Value Investors Buy Now?
2018-10-31,Are You Looking for a High-Growth Dividend Stock? Automatic Data Processing (ADP) Could Be a Great Choice
2018-10-31,"[$$] US private sector tacks on 227,000 jobs in October — ADP"
2018-10-31,Automatic Data Processing (ADP) Q1 Earnings and Revenues Surpass Estimates
2018-10-31,"ADP National Employment Report: Private Sector Employment Increased by 227,000 Jobs in October"
2018-10-31,ADP: Fiscal 1Q Earnings Snapshot
2018-10-31,ADP Reports First-Quarter Fiscal 2019 Results
2018-10-31,Automatic Data Processing Q1 19 Earnings Conference Call At 8:30 AM ET
2018-10-31,"ADP Raises FY19 Outlook, Q1 Profit Rises - Quick Facts"
2018-10-30,"Pre-Market Earnings Report for October 31, 2018 :  ANTM, ADP, EPD, GM, ICE, BAX, EL, YUM, TEL, K, S, WEC"
2018-10-30,"Business Services Stocks' Earnings on Oct 31: ADP, APTV, FISV"
2018-10-30,"Business Services Stocks&apos; Earnings on Oct 31: ADP, APTV, FISV"
2018-10-30,"Simulations Plus, Inc. (SLP) Ex-Dividend Date Scheduled for October 31, 2018"
2018-10-29,IBD Stock Of The Day Insperity Nears Buy Point As More Revenue Acceleration Could Be Ahead
2018-10-29,Automatic Data Processing (ADP) Q1 Earnings: What&apos;s in Store?
2018-10-26,Republic Services (RSG) Q3 Earnings & Revenues Beat Estimates
2018-10-25,See what the IHS Markit Score report has to say about Automatic Data Processing Inc.
2018-10-24,U.S. Wage Growth Accelerated to 3.5 Percent Annually; Large Firms are the Stellar Performers at 4.8 Percent
2018-10-24,"October 2018 ADP National Employment Report®, ADP Small Business Report® and ADP National Franchise Report® to be Released on WEDNESDAY, October 31, 2018"
2018-10-23,See what the IHS Markit Score report has to say about Automatic Data Processing Inc.
2018-10-22,"IQVIA (IQV) Beats Q3 Earnings Estimates, Updates '18 View"
2018-10-20,The 1 Career Goal That Still Eludes Me
2018-10-20,"Interpublic (IPG) Tops Q3 Earnings Estimates, '18 View Intact"
2018-10-18,Why Bill Ackman Loves Starbucks
2018-10-18,7 Tech Stocks to Buy for the Future of HR
2018-10-18,Square’s in the Race for the $10.3 Billion Payroll Service Market
2018-10-18,"ADP Canada National Employment Report: Employment in Canada Increased by 28,800 Jobs in September 2018"
2018-10-18,See what the IHS Markit Score report has to say about Automatic Data Processing Inc.
2018-10-18,A Look at Automatic Data Processing’s Latest
2018-10-17,"ADP to Release Q3 2018 Workforce Vitality Report on WEDNESDAY, October 24, 2018"
2018-10-17,"Consolidated Research: 2018 Summary Expectations for Ciena, Automatic Data Processing, AGCO, Antero Resources, Chesapeake Energy, and Ducommun — Fundamental Analysis, Key Performance Indications"
2018-10-16,Omnicom (OMC) Q3 Earnings and Revenues Exceed Estimates
2018-10-11,"SCIENCE APPLICATIONS INTERNATIONAL CORPORATION (SAIC) Ex-Dividend Date Scheduled for October 12, 2018"
2018-10-11,"Media Alert: September 2018 ADP Canada National Employment Report to be released on Thursday, October 18, 2018"
2018-10-10,Is the Canadian Workplace Ready for Recreational Cannabis?
2018-10-09,Ackman's Pershing Square unveils $900 million stake in Starbucks
2018-10-09,Bill Ackman: I&apos;m long Starbucks
2018-10-09,"Noteworthy ETF Outflows: XLK, MSFT, PYPL, ADP"
2018-10-08,See what the IHS Markit Score report has to say about Automatic Data Processing Inc.
2018-10-05,Why ADP (ADP) Could Beat Earnings Estimates Again
2018-10-04,"Stock Market News For Oct 4, 2018"
2018-10-04,"Last Week, First-Time Claims Fell By 8000"
2018-10-04,Behold the Bulletproof Economy
2018-10-03,"ADP Reports Historic Jobs Growth Continues; Plus GM, HMC Deal"
2018-10-03,ADP Reports Robust September Private Payroll Data; Will Friday's Non-Farm Payroll Follow Suit?
2018-10-03,ADP Private-Sector Payroll Report Post Big Jobs Number
2018-10-03,[$$] US private sector added more jobs than expected in September — ADP
2018-10-03,[$$] US stock futures rise ahead of data
2018-10-03,[$$] US services sector expands at fastest pace on record
2018-10-02,Paychex (PAYX) Surpasses Q1 Earnings & Revenue Estimates
2018-10-02,Jefferies Initiates Coverage Of Payroll Stocks
2018-10-02,Futures Dipping Slightly In The Red This Morning
2018-09-28,"Revenue Growth, Tax Cuts to Boost Paychex (PAYX) Q1 Earnings"
2018-09-27,Accenture (ACN) Q4 Earnings & Revenues Surpass Estimates
2018-09-27,FactSet (FDS) Misses Earnings and Revenue Estimates in Q4
2018-09-27,"QQQ, AVGO, TXN, ADP: ETF Inflow Alert"
2018-09-27,"ADP Extends Strategic Alliance With Infor, Boosts HCM Suite"
2018-09-27,"Pegasystems Inc. (PEGA) Ex-Dividend Date Scheduled for September 28, 2018"
2018-09-27,"Monotype Imaging Holdings Inc. (TYPE) Ex-Dividend Date Scheduled for September 28, 2018"
2018-09-27,ADP® Earns Three Brandon Hall Group Learning Excellence Awards for Learning and Development
2018-09-26,"Amdocs Limited (DOX) Ex-Dividend Date Scheduled for September 27, 2018"
2018-09-26,"September 2018 ADP National Employment Report®, ADP Small Business Report® and ADP National Franchise Report® to be Released on WEDNESDAY, October 3, 2018"
2018-09-25,"Square stock extends gains after company rolls out new payroll app; ADP, Paychex stocks fall"
2018-09-25,"ADP® Named to 2018 Working Mother ""100 Best Companies"" List"
2018-09-25,Infor Announces New Global Partnership with ADP
2018-09-24,IHS Markit (INFO) to Report Q3 Earnings: What's in Store?
2018-09-24,Accenture (ACN) to Report Q4 Earnings: What's in Store?
2018-09-24,IHS Markit (INFO) to Report Q3 Earnings: What&apos;s in Store?
2018-09-21,"Noteworthy Friday Option Activity: BMRN, ADP, AMCX"
2018-09-21,See what the IHS Markit Score report has to say about Automatic Data Processing Inc.
2018-09-20,CVG or ADP: Which Is the Better Value Stock Right Now?
2018-09-20,"ADP Canada National Employment Report: Employment in Canada Increased by 13,600 Jobs in August 2018"
2018-09-20,See what the IHS Markit Score report has to say about Automatic Data Processing Inc.
2018-09-20,"ADP to Announce First Quarter Fiscal 2019 Financial Results on October 31, 2018"
2018-09-19,Why Analysts Are Optimistic about Accenture Stock
2018-09-19,"Convergys Corporation (CVG) Ex-Dividend Date Scheduled for September 20, 2018"
2018-09-19,"How Ceridian Stands Out In A Crowded HCM Market Versus Workday, ADP"
2018-09-18,See what the IHS Markit Score report has to say about Automatic Data Processing Inc.
2018-09-18,Splunk Stock Declined 4.7% on September 17
2018-09-14,"PWB, DRIP: Big ETF Outflows"
2018-09-13,IBD Stock Of The Day: Ceridian Aims To Make Work Life A Better Place
2018-09-13,"XLK, ADBE, ACN, ADP: ETF Outflow Alert"
2018-09-13,"Leidos Holdings, Inc. (LDOS) Ex-Dividend Date Scheduled for September 14, 2018"
2018-09-13,"Media Alert: August 2018 ADP Canada National Employment Report to be released on Thursday, September 20, 2018"
2018-09-12,Here's Why You Should Retain ADP Stock in Your Portfolio
2018-09-12,"Automatic Data Processing, Inc. (ADP) Ex-Dividend Date Scheduled for September 13, 2018"
2018-09-12,Here&apos;s Why You Should Retain ADP Stock in Your Portfolio
2018-09-12,ADP Takes Home 'Awesome New Tech' Award For Record-Breaking Fourth Straight Year
2018-09-11,ADP's Push to Create a More Diverse Workforce
2018-09-11,"Ex-Dividend Reminder: Motorola Solutions, Universal Display and Automatic Data Processing"
2018-09-10,"CSG Systems International, Inc. (CSGS) Ex-Dividend Date Scheduled for September 11, 2018"
2018-09-07,"New Jobs Reach 201K, Unemployment 3.9% -- Still Goldilocks"
2018-09-07,U.S. Created 201K New Jobs In August
2018-09-07,High-Flying DocuSign Stock Loses Altitude on Earnings Report
2018-09-07,"Jack Henry & Associates, Inc. (JKHY) Ex-Dividend Date Scheduled for September 10, 2018"
2018-09-06,Initial Claims Touch Record Lows
2018-09-06,Jobs & Jobless Claims Continue Historic Run
2018-09-06,"The Zacks Analyst Blog Highlights: Pfizer, Salesforce, ADP, General Motors and Southwest Airlines"
2018-09-06,Getting Your Data to Work for You: ADP DataCloud Uncovers What Executives and Managers Need to Know about their Workforce
2018-09-06,"ADP National Employment Report: Private Sector Employment Increased by 163,000 Jobs in August"
2018-09-05,"Top Analyst Reports for Pfizer, Salesforce & ADP"
2018-09-05,Tech Bosses to Capitol Hill Today
2018-09-05,"Facebook, Twitter Bosses To Appear In Both Houses"
2018-09-05,"ADP Named a Leader in the IDC MarketScape for Worldwide Integrated Talent Management, Worldwide Compensation Management and Worldwide Learning Management"
2018-09-03,Why Paycom Software Skyrocketed 46% Higher in August
2018-09-03,G vs. ADP: Which Stock Is the Better Value Option?
2018-08-31,7 Steady Eddie Stocks to Buy
2018-08-31,Comparing Workday’s Valuations with Its Peers
2018-08-31,ADP (ADP) Up 9.3% Since Last Earnings Report: Can It Continue?
2018-08-31,"Perspecta Inc. (PRSP) Ex-Dividend Date Scheduled for September 04, 2018"
2018-08-31,"DXC Technology Company (DXC) Ex-Dividend Date Scheduled for September 04, 2018"
2018-08-31,Bull of the Day: Paycom Software (PAYC)
2018-08-31,Workday’s Stock Price Showing an Upside Trend
2018-08-30,Jobs and Income Keep Apace with Economic Strength
2018-08-30,Analysts’ Pre-Earnings Recommendations for Workday Stock
2018-08-30,Initial Jobless Claims Rise Slightly
2018-08-30,"August 2018 ADP National Employment Report®, ADP Small Business Report® and ADP National Franchise Report® to be Released on THURSDAY, SEPTEMBER 6, 2018"
2018-08-29,"Open Text Corporation (OTEX) Ex-Dividend Date Scheduled for August 30, 2018"
2018-08-29,"Ebix, Inc. (EBIX) Ex-Dividend Date Scheduled for August 30, 2018"
2018-08-29,"CSP Inc. (CSPI) Ex-Dividend Date Scheduled for August 30, 2018"
2018-08-29,Splunk Stock Continued Its Impressive Run Yesterday
2018-08-25,Do You Know Who Else Invests In Automatic Data Processing Inc (NASDAQ:ADP)?
2018-08-24,Bill Ackman's Top-Performing Stocks
2018-08-24,"Why Splunk, Inc. Stock Popped Today"
2018-08-23,"As Investments Take Hold, Automatic Data Processing Just Hit a Fresh High"
2018-08-22,ADP Hits 52-Week High: What's Supporting the Stock's Rally?
2018-08-22,ADP Hits 52-Week High: What&apos;s Supporting the Stock&apos;s Rally?
2018-08-20,"Cognizant Technology Solutions Corporation (CTSH) Ex-Dividend Date Scheduled for August 21, 2018"
2018-08-17,NYSE Trader: Still time to buy tech stocks
2018-08-16,G or ADP: Which Is the Better Value Stock Right Now?
2018-08-16,"ADP Canada National Employment Report: Employment in Canada Increased by 11,600 Jobs in July 2018"
2018-08-15,"Billionaire Bill Ackman's Pershing Up 20%, Adds Lowe's: 13F"
2018-08-15,Ackman cuts his stake in ADP
2018-08-15,"Q2 13F Roundup: How Buffett, Einhorn, Loeb And Others Adjusted Their Portfolio"
2018-08-15,Frontier Capital Completes Sale of Celergo to ADP
2018-08-14,Bill Ackman's Pershing Square Cuts Stake In ADP
2018-08-14,Bill Ackman&apos;s Pershing Square cuts stake in ADP
2018-08-14,"Computer Programs and Systems, Inc. (CPSI) Ex-Dividend Date Scheduled for August 15, 2018"
2018-08-14,"Recent Analysis Shows Automatic Data Processing, Denbury Resources, ITT, Cardinal Health, Geron, and The Hackett Group Market Influences — Renewed Outlook, Key Drivers of Growth"
2018-08-13,These Five 95+ Composite Rating Stocks Are Just Below Buy Points
2018-08-13,Broadridge Banks on Solid Business Model & Buyouts for Growth
2018-08-13,Why Hold Strategy is Apt for Accenture (ACN) Stock Right Now
2018-08-13,Xerox (XRX) Grapples With Higher Costs and Lower Demand
2018-08-13,"Verisk Rides on Data Analysis Expertise, Debt Woes Remain"
2018-08-13,Delphi Gains From Product Suite Amid Light-Duty Diesel Woes
2018-08-13,Grovo Empowers Small and Midsize Businesses with Enterprise-Grade Learning and Development Integrated with ADP
2018-08-13,IBM Named A Top Socially Responsible Dividend Stock
2018-08-10,6 Dividend Stocks Outpacing The S&P 500
2018-08-09,Ackman Sees Lowe's Upside Like His 2011 Bet on Canadian Pacific
2018-08-09,Ackman's public hedge fund beats market with 12.7 pct gain -report
2018-08-09,"Media Alert: July 2018 ADP Canada National Employment Report to be released on Thursday, August 16, 2018"
2018-08-08,Is Automatic Data Processing (ADP) a High-Growth Dividend Stock?
2018-08-08,See what the IHS Markit Score report has to say about Automatic Data Processing Inc.
2018-08-02,"Daily Dividend Report: CBOE, IFF, CSL, APO, ADP"
2018-08-02,ADP Declares Regular Quarterly Dividend
2018-08-02,See How International Business Machines Corp Ranks Among Analysts' Top Dow 30 Picks
2018-08-02,Trade War Fears Haunt Investors Again
2018-08-02,Edited Transcript of ADP earnings conference call or presentation 1-Aug-18 12:30pm GMT
2018-08-02,"Markets Drop on Tariff Threats; Jobless Claims, Q2 Earnings Solid"
2018-08-02,"Evertec, Inc. (EVTC) Ex-Dividend Date Scheduled for August 03, 2018"
2018-08-01,"ADP Q4 Earnings & Revenues Surpass Estimates, Rise Y/Y"
2018-08-01,"Noteworthy Wednesday Option Activity: UTHR, WD, ADP"
2018-08-01,Ferrari Stock Plunges As New CEO Says Earnings Targets 'Aspirational'
2018-08-01,"Financial Sector Update for 08/01/2018: SRG,BRK.A,BRK.B,VRSK,PAYC,EXR,ADP"
2018-08-01,"Automatic Data Processing, Inc. (ADP) Q4 2018 Earnings Conference Call Transcript"
2018-08-01,Strong Private-Sector Jobs Report
2018-08-01,Who are ADP's Main Competitors?
2018-08-01,Strongest Jobs Levels Since the Hippie Era
2018-08-01,ADP Surpasses Earnings and Revenue Estimates in Q4
2018-08-01,"[$$] US private sector adds 219,000 jobs in July"
2018-08-01,"ADP National Employment Report: Private Sector Employment Increased by 219,000 Jobs in July"
2018-08-01,ADP: Fiscal 4Q Earnings Snapshot
2018-08-01,ADP Reports Fourth Quarter and Fiscal 2018 Results; Provides Fiscal 2019 Outlook
2018-08-01,"ADP Acquires Celergo, Strengthening Global Payroll Capabilities"
2018-08-01,ADP Acquires Payroll Management Services Provider Celergo - Quick Facts
2018-08-01,Automatic Data Processing Inc. Q4 adjusted earnings Beat Estimates
2018-07-31,"Pre-Market Earnings Report for August 1, 2018 :  EPD, ADP, D, HUM, PEG, RACE, S, IDXX, GIB, QSR, ETR, TAP"
2018-07-30,Revenue Growth & Tax Benefit to Drive ADP's Q4 Earnings
2018-07-30,Revenue Growth & Tax Benefit to Drive ADP&apos;s Q4 Earnings
2018-07-30,iShares Global Tech ETF Experiences Big Outflow
2018-07-26,See what the IHS Markit Score report has to say about Automatic Data Processing Inc.
2018-07-25,"July 2018 ADP National Employment Report®, ADP Small Business Report® and ADP National Franchise Report® to be Released on WEDNESDAY, AUGUST 1, 2018"
2018-07-25,"U.S. Wages Grew 3.0 Percent Over the Past Year, Large Firms Experienced Accelerated Wage Growth"
2018-07-24,"Simulations Plus, Inc. (SLP) Ex-Dividend Date Scheduled for July 25, 2018"
2018-07-24,See what the IHS Markit Score report has to say about Automatic Data Processing Inc.
2018-07-21,See what the IHS Markit Score report has to say about Automatic Data Processing Inc.
2018-07-19,"ADP Canada National Employment Report: Employment in Canada Decreased by 10,500 Jobs in June 2018"
2018-07-19,See what the IHS Markit Score report has to say about Automatic Data Processing Inc.
2018-07-15,Time Is Money -- Cloud-Based Automation Could Save You Both
2018-07-14,See what the IHS Markit Score report has to say about Automatic Data Processing Inc.
2018-07-13,ADP Crosses Above Average Analyst Target
2018-07-12,"Media Alert: June 2018 ADP Canada National Employment Report to be released on Thursday, July 19, 2018"
2018-07-12,See what the IHS Markit Score report has to say about Automatic Data Processing Inc.
2018-07-11,"Zacks.com highlights: Domtar, Facebook, Automatic Data Processing, Intel and Lululemon Athletica"
2018-07-11,"SCIENCE APPLICATIONS INTERNATIONAL CORPORATION (SAIC) Ex-Dividend Date Scheduled for July 12, 2018"
2018-07-10,"QQQ, ADP, ATVI, INTU: Large Outflows Detected at ETF"
2018-07-10,Edited Transcript of ADP earnings conference call or presentation 2-May-18 12:30pm GMT
2018-07-10,Land on Top-Ranked Momentum Stocks via Driehaus Strategy
2018-07-10,Here's Why You Should Add Avis Budget (CAR) to Your Portfolio
2018-07-09,[$$] How to make a living in the cult of meritocracy
2018-07-05,"Jobs Data Misses, but Remains Strong"
2018-07-05,Jobs Data Misses The Mark
2018-07-05,"Private sector adds 177,000 jobs in June, ADP says"
2018-07-05,Why Automatic Data Processing (ADP) Stock Might be a Great Pick
2018-07-05,"ADP National Employment Report: Private Sector Employment Increased by 177,000 Jobs in June"
2018-07-03,TransUnion Announces Completion of iovation Acquisition
2018-07-03,Interpublic to Acquire Acxiom Marketing Solutions for $2.3B
2018-07-03,Interesting ADP Put And Call Options For September 21st
2018-07-03,Here's Why You Should Invest in Aptiv (APTV) Stock Right Now
2018-07-02,"QQQ, ADP, AMAT, CTSH: Large Outflows Detected at ETF"
2018-07-02,"ICF International Benefits From Global Presence, Buyouts"
2018-07-02,PAYX or BR: Which of These is a Better Outsourcing Stock?
2018-06-29,5 Reasons Why You Should Invest in Paychex (PAYX) Stock Now
2018-06-29,FactSet Rides on Annual Subscription Value Amid Competition
2018-06-28,Top Ranked Momentum Stocks to Buy for June 28th
2018-06-28,"Pegasystems Inc. (PEGA) Ex-Dividend Date Scheduled for June 29, 2018"
2018-06-28,"Monotype Imaging Holdings Inc. (TYPE) Ex-Dividend Date Scheduled for June 29, 2018"
2018-06-28,"June 2018 ADP National Employment Report®, ADP Small Business Report® and ADP National Franchise Report® to be Released on THURSDAY, JULY 5, 2018"
2018-06-28,See what the IHS Markit Score report has to say about Automatic Data Processing Inc.
2018-06-28,Free Technical Research on CA Inc. and Three More Business Software & Services Equities
2018-06-28,"Automatic Data Processing, Inc. -- Moody's says ADP's upsized credit facilities do not impact ratings"
2018-06-27,"Noteworthy Wednesday Option Activity: GIS, ADP, LMT"
2018-06-27,"Amdocs Limited (DOX) Ex-Dividend Date Scheduled for June 28, 2018"
2018-06-26,Top Ranked Momentum Stocks to Buy for June 26th
2018-06-26,See what the IHS Markit Score report has to say about Automatic Data Processing Inc.
2018-06-25,"Top Analyst Reports for Cisco, Oracle & Kraft Heinz"
2018-06-25,FactSet (FDS) to Report Q3 Earnings: Is a Beat in Store?
2018-06-25,ADP Uses Machine Learning and Artificial Intelligence to Drive a Data-Fueled Future of Work
2018-06-22,"TriNet USA, Inc. -- Moody's assigns Ba2 CFR to TriNet USA, Inc.; outlook stable"
2018-06-22,"ADP to Announce Fourth Quarter Fiscal 2018 Financial Results on August 1, 2018"
2018-06-21,ADP August 3rd Options Begin Trading
2018-06-21,"ADP Canada National Employment Report: Employment in Canada Increased by 2,900 Jobs in May 2018"
2018-06-20,"Convergys Corporation (CVG) Ex-Dividend Date Scheduled for June 21, 2018"
2018-06-20,Pershing Square analyst Brian Welch to leave company
2018-06-19,3 Growth Stocks That Could Put Facebook's Returns to Shame
2018-06-18,[$$] Macron targets SMEs in latest economic reform drive
2018-06-15,ADP Crosses Above 2% Yield Territory
2018-06-15,Bill Ackman's hedge fund gains again after years of losse...
2018-06-15,TTEC vs. ADP: Which Stock Should Value Investors Buy Now?
2018-06-14,ADP Marketplace Continues Tremendous Growth Thanks to Leading Solutions Providers
2018-06-14,A Holistic Look At Automatic Data Processing Inc (NASDAQ:ADP)
2018-06-14,"Media Alert: May 2018 ADP Canada National Employment Report to be released on Thursday, June 21, 2018"
2018-06-13,Automatic Data Processing Hits 52-Week High on Investor Day
2018-06-13,BR or ADP: Which Outsourcing Stock is Better Positioned?
2018-06-13,[$$] ADP CFO Jan Siegmund Plans to Leave Company
2018-06-12,"ADP Holds Investor Day To Present Strategic Vision, Transformation Initiatives And Financial Outlook"
2018-06-12,Automatic Data Processing Investor Day Webcast At 8:30 AM ET
2018-06-12,Automatic Data Processing Investor Day At 8:30 AM ET
2018-06-11,6 Dividend Aristocrats to Buy as Trump Irks G7
2018-06-07,"Notable Thursday Option Activity: AFSI, CLX, ADP"
2018-06-07,"Perspecta Inc. (PRSP) Ex-Dividend Date Scheduled for June 08, 2018"
2018-06-07,ADP to Enable Organizations to Seamlessly Connect Financial and People Data to Drive Better Business Outcomes with Microsoft Dynamics 365
2018-06-06,"Formula Systems (1985) Ltd. (FORTY) Ex-Dividend Date Scheduled for June 07, 2018"
2018-06-06,"Automatic Data Processing, Inc. (ADP) Ex-Dividend Date Scheduled for June 07, 2018"
2018-06-06,"Open Text Corporation (OTEX) Ex-Dividend Date Scheduled for June 07, 2018"
2018-06-06,Celebrate Pride Month! ADP Promotes Diversity and Inclusion with LGBTQ Employee Self-Identification
2018-06-05,Xerox Banks on Strategic Transformation Program & Buyouts
2018-06-05,ADP Continues Commitment to People-Centered Innovation through New Partnership with Slack
2018-06-05,"Accenture Opens Innovation Hub, Intends to Add 200 Jobs"
2018-06-05,"Ex-Dividend Reminder: Analog Devices, Open Text Corp and Automatic Data Processing"
2018-06-04,5 Reasons to Bet on FactSet Research Systems (FDS) Stock
2018-06-04,"FactSet Opens Shanghai Office, Boosts Asia Pacific Presence"
2018-06-03,Read This Before Buying Automatic Data Processing Inc (NASDAQ:ADP) For Its Upcoming $0.69 Dividend
2018-06-01,Verisk's (VRSK) Subsidiary Launches Home Healthcare Program
2018-06-01,"Strong Job Additions, Record Low Unemployment Rate In Focus"
2018-06-01,Looking Forward to Jobs Numbers? 223K Reasons
2018-06-01,Why Is Automatic Data Processing (ADP) Up 7% Since Its Last Earnings Report?
2018-06-01,"CSG Systems International, Inc. (CSGS) Ex-Dividend Date Scheduled for June 04, 2018"
2018-05-31,FTI Consulting Hits 52-Week High: What's Driving the Stock?
2018-05-31,ManpowerGroup Banks on Acquisitions Amid Stiff Competition
2018-05-31,"Jobless Claims, PCE &quot;Steady As She Goes&quot;"
2018-05-31,Avis Budget Expands Tie-Up With Universal Parks and Resorts
2018-05-31,"Initial Claims Fall, PCE Remained Steady"
2018-05-31,Free Post Earnings Research Report: Automatic Data Processing’s Quarterly Earnings Advanced 16.03%
2018-05-30,ADP: Fewer jobs created in May than over the last several months
2018-05-30,Italexit Scenario And GDP Data In Focus
2018-05-30,"Econ Alphabet Soup: GDP, ADP and EU"
2018-05-30,"ADP National Employment Report: Private Sector Employment Increased by 178,000 Jobs in May"
2018-05-29,"Italy Headlines Shake EU, Pre-Markets"
2018-05-29,5 Reasons to Bet on Automatic Data Processing (ADP) Stock
2018-05-29,Italy Election Outcome A Concern For EU
2018-05-29,"Ebix, Inc. (EBIX) Ex-Dividend Date Scheduled for May 30, 2018"
2018-05-29,"CSP Inc. (CSPI) Ex-Dividend Date Scheduled for May 30, 2018"
2018-05-25,CAC 40 Edges Higher As Euro Slips
2018-05-24,Avis Budget Banks on Partnerships & Technology Enhancements
2018-05-24,"Equifax Reels Under Cyber-Attack Effects, Buyouts a Positive"
2018-05-23,"TransUnion to Buy iovation, Boost Fraud Identity Services"
2018-05-23,"Intuit (INTU) Beats Q3 Earnings Estimates, Revises Outlook"
2018-05-23,"May 2018 ADP National Employment Report®, ADP Small Business Report® and ADP National Franchise Report® to be Released on WEDNESDAY, May 30, 2018"
2018-05-22,Here's Why You Should Add Accenture to Your Portfolio Now
2018-05-21,"TransUnion (TRU) to Acquire HPS, Boost Healthcare Suite"
2018-05-21,Here's Why Interpublic (IPG) Should be in Your Portfolio
2018-05-21,"Jack Henry & Associates, Inc. (JKHY) Ex-Dividend Date Scheduled for May 22, 2018"
2018-05-21,Free Technical Reports on Automatic Data Processing and Three Additional Business Software & Services Equities
2018-05-18,Here's Why You Should Hold On to Paylocity (PCTY) Stock
2018-05-18,Is First Trust Rising Dividend Achievers ETF (RDVY) a Hot ETF Right Now?
2018-05-18,"Cognizant Technology Solutions Corporation (CTSH) Ex-Dividend Date Scheduled for May 21, 2018"
2018-05-17,"Interpublic's Unit Buys Cappuccino, Boosts Digital Content"
2018-05-17,Why Should You Retain Navigant Consulting in Your Portfolio?
2018-05-17,Why Should You Retain Omnicom (OMC) Stock in Your Portfolio?
2018-05-17,TRU or DNB: Which Stock is More Attractive Post Q1 Earnings?
2018-05-17,"ADP Canada National Employment Report: Employment in Canada Increased by 30,200 Jobs in April 2018"
2018-05-16,"Q1 13F Roundup: How Buffett, Einhorn, Ackman And Others Adjusted Their Portfolio"
2018-05-16,[$$] Two More Activist Funds Build Stakes in ADP
2018-05-16,"Recent Analysis Shows Shutterfly, Gulfport Energy, Automatic Data Processing, Group 1 Automotive, Red Robin Gourmet Burgers, and Superior Energy Services Market Influences — Renewed Outlook, Key Drivers of Growth"
2018-05-15,"Sachem Head, D.E. Shaw bought ADP stock in 1st qtr"
2018-05-15,Two more activist funds build stakes in ADP - WSJ
2018-05-15,"D.E. Shaw, Sachem head build small stakes in ADP"
2018-05-15,"The Zacks Analyst Blog Highlights: Mastercard, NVIDIA, Danaher, Automatic Data Processing and Altria"
2018-05-15,"ADP Rides on Strategic Business Moves, Strong Balance Sheet"
2018-05-15,"Computer Programs and Systems, Inc. (CPSI) Ex-Dividend Date Scheduled for May 16, 2018"
2018-05-14,Why You Should Hold Genpact (G) Stock Right Now
2018-05-14,"Xerox Ends Merger with Fuji Xerox, Inks Deal with Investors"
2018-05-14,"Notable Monday Option Activity: YELP, ADP, LOXO"
2018-05-14,"Top Stock Reports for Mastercard, NVIDIA & Danaher"
2018-05-14,The Future of Pay is Here! New ADP Innovation Helps Employers Tailor Payments to the Preferences of All Employees
2018-05-14,Free Post Earnings Research Report: F5 Networks’ Quarterly Earnings Jumped 18.46%
2018-05-11,6 Reasons Why You Should Invest in Broadridge (BR) Stock
2018-05-10,"Media Alert: April 2018 ADP Canada National Employment Report to be released on Thursday, May 17, 2018"
2018-05-09,"California Added 20,300 Private Sector Jobs In April, According To ADP Regional Employment Report®"
2018-05-09,"Illinois Added 7,000 Private Sector Jobs In April, According To ADP Regional Employment Report®"
2018-05-09,"Texas Added 30,400 Private Sector Jobs In April, According To ADP Regional Employment Report®"
2018-05-09,"New York Added 10,100 Private Sector Jobs In April, According To ADP Regional Employment Report®"
2018-05-09,"Florida Added 16,300 Private Sector Jobs In April, According To ADP Regional Employment Report®"
2018-05-09,"New Jersey Added 3,500 Private Sector Jobs In April, According To ADP Regional Employment Report®"
2018-05-09,See what the IHS Markit Score report has to say about Automatic Data Processing Inc.
2018-05-08,ADP Ranks in Top 10 of Working Mother's 2018 Best Companies for Multicultural Women
2018-05-03,"Initial Cliams, Productivity And More"
2018-05-03,"Stock Market News For May 3, 2018"
2018-05-03,"On Jobless Claims, Productivity and Friday???s BLS Report"
2018-05-03,"Automatic Data Processing Boosts Its Dividend, Earnings Guidance"
2018-05-02,"ADP Beats on Q3 Earnings and Revenues, Raises FY18 Guidance"
2018-05-02,"ADP Jobs Hit 204K, Solid Goods Production"
2018-05-02,"Nasdaq 100 Movers: GILD, AAPL"
2018-05-02,"Notable ETF Outflow Detected - XLK, PYPL, ADP, EBAY"
2018-05-02,Who are ADP's Main Competitors?
2018-05-02,Automatic Data Processing Inc (NASDAQ:ADP) Investors Are Paying Above The Intrinsic Value
2018-05-02,ADP Witnessed 204K New Jobs
2018-05-02,ADP Earns Top 10 Spot on 2018 Top 50 Companies List from DiversityInc
2018-05-02,"ADP Q3 Earnings & Revenues Top Estimates, Bookings Increased"
2018-05-02,"U.S. adds 204,000 private-sector jobs in April, ADP report shows"
2018-05-02,"ADP National Employment Report: Private Sector Employment Increased by 204,000 Jobs in April"
2018-05-02,ADP: Fiscal 3Q Earnings Snapshot
2018-05-02,ADP Reports Third Quarter Fiscal 2018 Results
2018-05-02,Automatic Data Processing Q3 18 Earnings Conference Call At 8:30 AM ET
2018-05-02,Automatic Data Processing Inc. Q3 adjusted earnings Beat Estimates
2018-05-02,ADP Raises FY18 Earnings Outlook Range; Affirms Revenue Forecast - Quick Facts
2018-05-01,"First Data (FDC) Beats on Q1 Earnings, Raises 2018 Guidance"
2018-05-01,"Pre-Market Earnings Report for May 2, 2018 :  MA, CVS, ADP, SO, ZTS, HUM, EXC, EL, YUM, APTV, IQV, ABC"
2018-05-01,"Insperity (NSP) Beats on Q1 Earnings, Raises 2018 Guidance"
2018-05-01,Will Revenue Growth & Tax Benefit Aid ADP's Q3 Earnings?
2018-05-01,"ADP Job Data, Q1 Earnings In Focus"
2018-05-01,Jobs Week Shows New Wage Growth (and Lack Thereof)
2018-05-01,Will Revenue Growth & Tax Benefit Aid ADP&apos;s Q3 Earnings?
2018-05-01,"Business Services Earnings Slated on May 2: ADP, RSG & More"
2018-04-30,"FTI Consulting (FCN) Q1 Earnings Top Estimates, View Intact"
2018-04-30,"CRA International (CRAI) Beats on Q1 Earnings, Retains View"
2018-04-27,"TriNet HR Corporation -- Moody's affirms TriNet's Ba3 CFR, revises outlook to positive"
2018-04-27,Interpublic (IPG) Misses Q1 Earnings & Revenue Estimates
2018-04-27,ADP Crosses Above Average Analyst Target
2018-04-26,Invaluable Tool or Inevitable Threat? More Working Canadians Want Artificial Intelligence and Automation than Fear Negative Impact on Job Prospects
2018-04-25,"April 2018 ADP National Employment Report®, ADP Small Business Report® and ADP National Franchise Report® to be Released on WEDNESDAY, May 2, 2018"
2018-04-25,"U.S. Wages Grow 2.9 Percent Over Past Year, Information Industry Experienced Highest Wage Growth of 5.6 Percent"
2018-04-24,"XLK, QCOM, ADP, EA: Large Inflows Detected at ETF"
2018-04-23,"Simulations Plus, Inc. (SLP) Ex-Dividend Date Scheduled for April 24, 2018"
2018-04-20,"The Trump tax cuts will benefit investors, not workers, this CEO says"
2018-04-19,6 Reasons Why FTI Consulting (FCN) is an Attractive Pick
2018-04-19,"ADP Canada National Employment Report: Employment in Canada Increased by 42,800 Jobs in March 2018"
2018-04-18,ADP Appoints Thomas J. Lynch and Scott F. Powers to Board of Directors
2018-04-18,"ADP to Release Quarterly Workforce Vitality Report With Deeper Labor Market Insights on WEDNESDAY, April 25, 2018"
2018-04-18,Ackman says he supports ADP but puts management on notice
2018-04-17,Ackman says he supports ADP but puts management on notice
2018-04-13,"The Zacks Analyst Blog Highlights: IBM, Enbridge, ADP, Marathon and United Continental"
2018-04-12,"Daily Dividend Report: ADP, BBBY, SKT, LEN"
2018-04-12,"Top Analyst Reports for IBM, Enbridge & ADP"
2018-04-12,"ADP Pleases Investors With 10% Dividend Hike, Tax Cut A Boon"
2018-04-12,"Media Alert: March 2018 ADP Canada National Employment Report to be released on Thursday, April 19, 2018"
2018-04-11,Automatic Data Processing boosts dividend by 9.5%
2018-04-11,ADP Increases Cash Dividend
2018-04-11,"Texas Added 35,800 Private Sector Jobs In March, According To ADP Regional Employment Report®"
2018-04-11,"New Jersey Added 3,600 Private Sector Jobs In March, According To ADP Regional Employment Report®"
2018-04-11,"California Added 33,000 Private Sector Jobs In March, According To ADP Regional Employment Report®"
2018-04-11,"New York Added 11,100 Private Sector Jobs In March, According To ADP Regional Employment Report®"
2018-04-11,"Illinois Added 5,700 Private Sector Jobs In March, According To ADP Regional Employment Report®"
2018-04-10,What’s Driving Intuit’s Small-Business and Self-Employed Unit
2018-04-10,See what the IHS Markit Score report has to say about Automatic Data Processing Inc.
2018-04-09,"Notable ETF Inflow Detected - IXN, MU, ADP, ATVI"
2018-04-06,Hewlett Packard Enterprise a Top Socially Responsible Dividend Stock With 2.6% Yield (HPE)
2018-04-05,Bill Ackman Needs a Big Win at ADP or Another Target to Stop the Bleeding
2018-04-05,Futures Up Despite Trade War Fears
2018-04-05,Markets Buy Back on Trade War Scare
2018-04-04,"Financial Sector Update for 04/04/2018: EXPI,MMI,DB,MKTX"
2018-04-04,"Paychex, Inc. Stock Is the Clear Choice in Payroll Services"
2018-04-04,"Financial Sector Update for 04/04/2018: MMI,DB,MKTX"
2018-04-04,ADP Strength Eclipsed by China Trade Fears
2018-04-04,U.S.-China Trade Fears Ail Markets
2018-04-04,"Private-sector hiring up 241,000 in March, ADP says"
2018-04-04,We’re going to run out of workers because of fast job gro...
2018-04-04,"ADP payrolls rise 241,000 in March"
2018-04-04,[$$] Wall Street shakes off US-China trade concerns
2018-04-04,[$$] Wall St choppy as US-China trade dispute escalates
2018-04-04,[$$] Markets unsettled as US-China trade dispute escalates
2018-04-04,"[$$] ‘Exceptionally good health’: US private sector adds 241,000 jobs"
2018-04-03,Is This More than Just a Dead-Cat Bounce?
2018-04-03,Volatility Remains With Us
2018-04-02,Automatic Data Processing a Top Socially Responsible Dividend Stock With 2.2% Yield (ADP)
2018-03-30,See what the IHS Markit Score report has to say about Automatic Data Processing Inc.
2018-03-28,Omnicom to Acquire Elsevier's Pharma Communications in Japan
2018-03-28,5 Dividend Aristocrats Where Analysts See Capital Gains
2018-03-28,"March 2018 ADP National Employment Report®, ADP Small Business Report® and ADP National Franchise Report® to be Released on WEDNESDAY, April 4, 2018"
2018-03-27,"After Hours Most Active for Mar 27, 2018 :  ADP, QQQ, MSFT, AMAT, CSCO, CMCSA"
2018-03-27,3 Little-Known Dividend Aristocrats to Buy
2018-03-27,See what the IHS Markit Score report has to say about Automatic Data Processing Inc.
2018-03-27,Ackman is &apos;working very hard&apos; to deliver positive results in 2018
2018-03-26,"After Hours Most Active for Mar 26, 2018 :  ADP, NWL, F, PCG, QQQ, FE, CMCSA, ABEV, PG, CZR, ESRX, FB"
2018-03-26,"Paychex (PAYX) Beats Q3 Earnings Estimates, Updates '18 View"
2018-03-26,Less than half of Coinbase employees want to be paid in bitcoin
2018-03-23,Ackman accumulates $100 million from Nike exit
2018-03-22,Ackman Earned $100 Million By Cashing Out of Nike
2018-03-22,Is a Beat in the Cards for Paychex (PAYX) in Q3 Earnings?
2018-03-21,ADP Applauds Five Companies for Best Practices in Human Capital Management at 25th Annual ADP Meeting of the Minds Conference
2018-03-21,ADP Named to LinkedIn Top Companies List Recognizing Where Jobseekers and Professionals Want to Work in 2018
2018-03-21,See what the IHS Markit Score report has to say about Automatic Data Processing Inc.
2018-03-21,"ADP to Host Investor Day on June 12, 2018 in New York"
2018-03-20,"ADP to Announce Third Quarter Fiscal 2018 Financial Results on May 2, 2018"
2018-03-19,"Mercer and WorkMarket, an ADP Company, Announce Alliance for Cloud-Based Platform That Streamlines Managing the Future Workforce"
2018-03-15,"ADP Canada National Employment Report: Employment in Canada Increased by 32,700 Jobs in February 2018"
2018-03-14,"MongoDB reports smaller loss than expected, ADP lower, Time Warner up"
2018-03-14,"New Jersey Added 4,200 Private Sector Jobs In February, According To ADP Regional Employment Report®"
2018-03-14,"Illinois Added 9,100 Private Sector Jobs In February, According To ADP Regional Employment Report®"
2018-03-14,"Florida Added 20,200 Private Sector Jobs In February, According To ADP Regional Employment Report®"
2018-03-14,"Texas Added 21,400 Private Sector Jobs In February, According To ADP Regional Employment Report®"
2018-03-14,"New York Added 12,300 Private Sector Jobs In February, According To ADP Regional Employment Report®"
2018-03-14,"California Added 29,400 Private Sector Jobs In February, According To ADP Regional Employment Report®"
2018-03-13,Ackman Sells $125 Million of ADP Stake After Share Price Run-Up
2018-03-13,Ackman Sells About $125 Mln Worth Of Stake In ADP
2018-03-13,See what the IHS Markit Score report has to say about Automatic Data Processing Inc.
2018-03-12,See what the IHS Markit Score report has to say about Automatic Data Processing Inc.
2018-03-08,A Tale Of Import Tariffs & Economic Data
2018-03-08,"On Jobless Claims, Beige Book and Tariffs"
2018-03-08,Intuit (INTU) Unveils Accountant Apps Program on QuickBooks
2018-03-08,"NelsonHall Names ADP® a ""Leader"" in Benefits Administration Services for Commitment to Innovation in 2017"
2018-03-08,"Media Alert: February 2018 ADP Canada National Employment Report to be released on Thursday, March 15, 2018"
2018-03-07,"Labor market ‘red hot’ as ADP says 235,000 private-sector jobs added in February"
2018-03-07,"Financial Sector Update for 03/07/2018: TRNO,RBS,SPGI,MS,BBX,WHLR,ADP"
2018-03-07,"Financial Sector Update for 03/07/2018: WHLR,RBS,SPGI"
2018-03-07,Vanguard High Dividend Yield ETF Experiences Big Outflow
2018-03-07,Who are ADP's Main Competitors?
2018-03-07,Private-Sector Added 235K Per ADP
2018-03-07,ADP Outperforms Again: 235K New Jobs
2018-03-07,"Automatic Data Processing, Inc. (ADP) Ex-Dividend Date Scheduled for March 08, 2018"
2018-03-07,"[$$] U.S. Private Sector Adds 235,000 Jobs in February"
2018-03-07,What Was Pershing Square Capital’s Largest Holding in 4Q17?
2018-03-07,"ADP National Employment Report: Private Sector Employment Increased by 235,000 Jobs in February"
2018-03-07,Ingo Money Provides Real-Time Mobile Check Funding Option to ADP® Paycards
2018-03-07,[$$] France moves ahead with privatisation plans
2018-03-07,"[$$] US private sector adds 235,000 jobs in February - ADP"
2018-03-06,"Ex-Dividend Reminder: ManTech International, Automatic Data Processing and Analog Devices"
2018-03-06,"MIND C.T.I. Ltd. (MNDO) Ex-Dividend Date Scheduled for March 07, 2018"
2018-03-05,"The Zacks Analyst Blog Highlights: 3M, Walmart, Kimberly-Clark, Automatic Data Processing and T. Rowe Price Group"
2018-03-05,[$$] Due Diligence on Cybersecurity Becomes Bigger Factor in M&A
2018-03-04,"3 Days Left To Automatic Data Processing Inc (NASDAQ:ADP)’s Ex-Dividend Date, Is It Worth Buying?"
2018-03-03,5 Top Dividend Aristocrats to Buy in March
2018-03-02,5 Top Dividend Aristocrats to Buy in March
2018-02-28,ADP Ranks Among Elite Handful of Companies Worldwide with Approved Binding Corporate Rules for Global Data Protection
2018-02-28,Bill Ackman Gets Back to Basics
2018-02-28,"Open Text Corporation (OTEX) Ex-Dividend Date Scheduled for March 01, 2018"
2018-02-28,"February 2018 ADP National Employment Report®, ADP Small Business Report® and ADP National Franchise Report® to be Released on WEDNESDAY, March 7, 2018"
2018-02-27,"Jack Henry & Associates, Inc. (JKHY) Ex-Dividend Date Scheduled for February 28, 2018"
2018-02-26,"Noteworthy ETF Inflows: IGM, ATVI, MU, ADP"
2018-02-26,"Ebix, Inc. (EBIX) Ex-Dividend Date Scheduled for February 27, 2018"
2018-02-26,"CSP Inc. (CSPI) Ex-Dividend Date Scheduled for February 27, 2018"
2018-02-23,Intuit (INTU) Beats Earnings and Revenue Estimates in Q2
2018-02-22,Conduent (CNDT) Jumps: Stock Rises 11.7%
2018-02-21,ADP Teams with ZipRecruiter to Help Small Businesses Make Smarter Hiring Decisions
2018-02-20,Intuit (INTU) to Report Q2 Earnings: What's in the Cards?
2018-02-20,"Computer Programs and Systems, Inc. (CPSI) Ex-Dividend Date Scheduled for February 21, 2018"
2018-02-20,"Cognizant Technology Solutions Corporation (CTSH) Ex-Dividend Date Scheduled for February 21, 2018"
2018-02-20,"More than 60 Percent of Employee Turnover is Voluntary, Surprising Employers Who Could Have Predicted it"
2018-02-16,ADP Crosses Above 2% Yield Territory
2018-02-16,Automatic Data Processing Inc (ADP) President & CEO Carlos A Rodriguez Sold $7. ...
2018-02-15,"Omnicom (OMC) Slightly Beats Q4 Earnings, Slips on Revenues"
2018-02-15,Rapport national sur l'emploi d'ADP Canada : 10 700 nouveaux emplois ont été créés au Canada en janvier 2018
2018-02-15,"ADP Canada National Employment Report: Employment in Canada Increased by 10,700 Jobs in January 2018"
2018-02-14,"First Data (FDC) Q4 Earnings Meet Estimates, Revenues Up Y/Y"
2018-02-14,Interpublic (IPG) Beats Q4 Earnings on Modest Organic Growth
2018-02-14,ADP Positioned as Innovative Next-Gen HCM Vendor in New Report by Constellation Research
2018-02-14,Free Research Report as Automatic Data Processing’s Adjusted EPS Advanced 13.79%; Revenues Grew 8.31%
2018-02-13,ADP Takes 16th Spot on Training Magazine's Training Top 125 List for 2018
2018-02-12,"Noteworthy Monday Option Activity: ADP, LGIH, ENV"
2018-02-12,See what the IHS Markit Score report has to say about Automatic Data Processing Inc.
2018-02-09,See what the IHS Markit Score report has to say about Automatic Data Processing Inc.
2018-02-08,Automatic Data Processing Becomes Oversold
2018-02-08,"Noteworthy ETF Outflows: VGT, ADP, ATVI, MU"
2018-02-08,"Media Alert: January 2018 ADP Canada National Employment Report to be released on Thursday, February 15, 2018"
2018-02-08,Wired News – Financial Engines Partners with Automatic Data Processing to Offer Advisory Services to ADP’s Clients
2018-02-07,"New York Added 12,400 Private Sector Jobs in January, According to ADP Regional Employment Report(R)"
2018-02-07,"California Added 33,300 Private Sector Jobs in January, According to ADP Regional Employment Report(R)"
2018-02-07,"Florida Added 18,100 Private Sector Jobs in January, According to ADP Regional Employment Report(R)"
2018-02-07,"New Jersey Added 6,400 Private Sector Jobs in January, According to ADP Regional Employment Report(R)"
2018-02-07,"Texas Added 28,800 Private Sector Jobs in January, According to ADP Regional Employment Report(R)"
2018-02-07,"Illinois Added 8,100 Private Sector Jobs in January, According to ADP Regional Employment Report(R)"
2018-02-07,How to Play the Benefits of Tax Reform
2018-02-06,Financial Engines® and ADP® Form Strategic Relationship
2018-02-05,"Notable Monday Option Activity: WFC, TRIP, ADP"
2018-02-05,A Legendary Investor Is Betting on a Nike Turnaround. Should You?
2018-02-05,ManpowerGroup (MAN) Beats Q4 Earnings and Revenue Estimates
2018-02-05,Free Research Report as Datawatch’s Quarterly Revenue Jumped 16% and Net Loss Narrowed
2018-02-05,Tax Reform Boosts Automatic Data Processing Earnings
2018-02-03,Cramer’s Exec Cut: Tackling taxes
2018-02-02,"Report: Exploring Fundamental Drivers Behind John B. Sanfilippo & Son, Spero Therapeutics, Live Oak Bancshares, Medtronic, Automatic Data Processing, and Enphase Energy — New Horizons, Emerging Trends, and Upcoming Developments"
2018-02-01,"Company News For Feb 1, 2018"
2018-02-01,"ADP Recognized as One of the ""50 Best Companies for Diversity"" in 2018 by BLACK ENTERPRISE for Second Straight Year"
2018-02-01,Automatic Data Processing: Cramer's Top Takeaways
2018-02-01,ADP CEO: Ackman proxy fight 'water under the bridge'
2018-02-01,"ADP CEO calls Ackman proxy fight 'water under the bridge,..."
2018-02-01,Cramer Remix: Here are the best-in-show biotechs for 2018...
2018-01-31,"ADP CEO calls Ackman proxy fight &apos;water under the bridge,&apos; says two have &apos;professional&apos; relationship"
2018-01-31,"ADP CEO calls Ackman proxy fight 'water under the bridge,' says two have 'professional' relationship"
2018-01-31,UPDATE 2-ADP boosts forecast as new tax law spurs demand
2018-01-31,"ADP, Q4, SOTU Boost Market"
2018-01-31,"Financial Sector Update for 01/31/2018: CATY,MKTX,SPG,CACC,ADP"
2018-01-31,"Technology Sector Update for 01/31/2018: GIB,GIB-A.TO,ADP,SLAB,CMCM,CHKP"
2018-01-31,"Markets Rebound Bigly on ADP, Q4, SOTU"
2018-01-31,"Technology Sector Update for 01/31/2018: ADP,CMCM,CHKP"
2018-01-31,"Financial Sector Update for 01/31/2018: MKTX,SPG,CACC,ADP"
2018-01-31,Should You Buy Automatic Data Processing Inc (NASDAQ:ADP) For Its Dividend?
2018-01-31,"ADP Tops Q2 Earnings & Revenue Estimates, Raises '18 View"
2018-01-31,"ADP TotalSource Exceeds Half Million Worksite Employee Mark, Showing Continued Momentum in its Professional Employer Organization"
2018-01-31,"ADP Q2 Earnings & Revenues Top Estimates, Bookings Increased"
2018-01-31,"Technology Sector Update for 01/31/2018: MSFT, AAPL, IBM, CSCO, GOOG, CMCM, ADP, CHKP, SLAB"
2018-01-31,"ADP National Employment Report: Private Sector Employment Increased by 234,000 Jobs in January"
2018-01-31,ADP tops Street 2Q forecasts
2018-01-31,ADP's quarterly revenue rises 8 pct
2018-01-31,ADP Reports Second Quarter Fiscal 2018 Results
2018-01-31,Automatic Data Processing Q2 18 Earnings Conference Call At 8:30 AM ET
2018-01-31,ADP Raises FY18 Earnings Growth Outlook - Quick Facts
2018-01-31,Automatic Data Processing Inc. Announces Rise In Q2 Bottom Line
2018-01-30,"Pre-Market Earnings Report for January 31, 2018 :  BA, LLY, TMO, ANTM, EPD, ADP, SPG, JCI, SIRI, IR, ERIC, WEC"
2018-01-30,Vanguard Information Technology ETF Experiences Big Inflow
2018-01-30,International Business Machines a Top Socially Responsible Dividend Stock With 3.6% Yield (IBM)
2018-01-30,Why Earnings Season Could Be Great for Automatic Data Processing (ADP)
2018-01-30,"NelsonHall Identifies ADP a 2017 ""Leader"" in Payroll Services"
2018-01-29,HCM Dominance & PEO Revenues to Drive ADP's Q2 Earnings
2018-01-29,First Week of ADP March 16th Options Trading
2018-01-29,"ADP Earns Top 10 Ranking on WilsonHCG ""Fortune 500 Top 100 Employment Brands"" Report"
2018-01-25,See what the IHS Markit Score report has to say about Automatic Data Processing Inc.
2018-01-24,"Simulations Plus, Inc. (SLP) Ex-Dividend Date Scheduled for January 25, 2018"
2018-01-24,Why International Business Machines is a Top 25 SAFE Dividend Stock (IBM)
2018-01-24,"MEDIA ALERT: January 2018 ADP National Employment Report(R), ADP Small Business Report(R) and ADP National Franchise Report(R) to be Released on WEDNESDAY, January 31, 2018"
2018-01-23,"Pershing Square lays off staff, Ackman to 'curtail' marketing and PR"
2018-01-22,"On heels of shaking Ackman campaign, ADP purchases N.Y.C. startup"
2018-01-22,"Agree To Purchase Automatic Data Processing At $97.50, Earn 2.4% Using Options"
2018-01-22,ADP Acquires WorkMarket to Further Extend Human Capital Management to Contingent Workers and Create More Agile and Inclusive Solutions for a Changing Workforce
2018-01-19,"ADP Celebrates Being Named to FORTUNE Magazine's 2018 ""World's Most Admired Companies"" List for 12 Years Straight"
2018-01-19,See what the IHS Markit Score report has to say about Automatic Data Processing Inc.
2018-01-18,"XLK, TXN, PYPL, ADP: Large Inflows Detected at ETF"
2018-01-18,Rapport national sur l'emploi d'ADP Canada : On dénombre 7 100 pertes d'emploi en décembre 2017 dans l'ensemble du Canada.
2018-01-17,"Daily Dividend Report: FAST, O, VNO, OHI, ADP"
2018-01-17,ADP(R) Workforce Vitality Report Q4 2017 Shows Steady Wage Growth
2018-01-16,ADP Declares Regular Quarterly Dividend
2018-01-16,3 of the Best Trades for the Week
2018-01-16,See what the IHS Markit Score report has to say about Automatic Data Processing Inc.
2018-01-14,How Paycom Plans to Take Over the Payroll Software Industry
2018-01-12,See what the IHS Markit Score report has to say about Automatic Data Processing Inc.
2018-01-11,ADP Stock Could Have More Room to Rally
2018-01-11,Avis aux médias : Le Rapport national sur l'emploi d'ADP(R) pour le Canada de décembre 2017 sera publié le jeudi 18 janvier 2018
2018-01-11,"Media Alert: December 2017 ADP Canada National Employment Report to be released on Thursday, January 18, 2018"
2018-01-11,See what the IHS Markit Score report has to say about Automatic Data Processing Inc.
2018-01-10,Elizabeth Warren's bill would thrash Equifax for another data breach
2018-01-10,"SCIENCE APPLICATIONS INTERNATIONAL CORPORATION (SAIC) Ex-Dividend Date Scheduled for January 11, 2018"
2018-01-10,"Florida Added 35,100 Private Sector Jobs in December, According to ADP Regional Employment Report(R)"
2018-01-10,"California Added 30,100 Private Sector Jobs in December, According to ADP Regional Employment Report(R)"
2018-01-10,"Texas Added 26,500 Private Sector Jobs in December, According to ADP Regional Employment Report(R)"
2018-01-10,"Illinois Added 8,100 Private Sector Jobs in December, According to ADP Regional Employment Report(R)"
2018-01-10,"New Jersey Added 4,900 Private Sector Jobs in December, According to ADP Regional Employment Report(R)"
2018-01-10,"New York Added 11,800 Private Sector Jobs in December, According to ADP Regional Employment Report(R)"
2018-01-09,What Were Pershing Square’s Top Holdings in 3Q17?
2018-01-09,See what the IHS Markit Score report has to say about Automatic Data Processing Inc.
2018-01-08,"Notable ETF Outflow Detected - QQQ, GOOG, ADP, MU"
2018-01-07,2 Top Stocks to Start 2018
2018-01-05,Automatic Data Processing Inc (ADP) President & CEO Carlos A Rodriguez Sold $11. ...
2018-01-05,Non-Farm Payroll Disappoints
2018-01-05,"Job Gains 148K: Worse than Expected, Better than It Seems"
2018-01-04,"Mid-Day Update: Record Highs Fueled by Bullish Labor Market Data; Dow Cracks 25,000"
2018-01-04,"ADP Brings 250K New Jobs, Better than Expected"
2018-01-04,ADP ADP Private Sector Payroll Read For December At 250K
2018-01-04,"ADP National Employment Report: Private Sector Employment Increased by 250,000 Jobs in December"
2018-01-03,YOUR MONEY-New U.S. tax law could impact paychecks by February
2018-01-02,YOUR MONEY-New U.S. tax law could impact paychecks by February
2018-01-02,Rise and Shine to a New Year of Trading
2018-01-02,What's Next Ahead of Q4 Earnings Season?
2018-01-02,What&apos;s Next Ahead of Q4 Earnings Season?
2018-01-02,"CSRA Inc. (CSRA) Ex-Dividend Date Scheduled for January 03, 2018"
