stock,method,sharpe_1x_short,Sharpe Ratio,sharpe_2x_short,sharpe_2x_no_short,Annual Return,Cumulative Returns,Annual Volatility,Calmar Ratio,Stability,Max Drawdown,Omega Ratio,Sortino Ratio,Skew,Kurtosis,Tail Ratio,VaR,alpha_ratio,Beta,Accuracy,B&H,1x_short,1x_no_short,2x_short,2x_no_short,action,labels,close,acc
AAPL,ESPMP,1.5168598774443125,2.2233308353835968,0.31161316615207835,2.7408658126438525,0.22348580237557902,0.24821473339297273,0.09637128134787004,4.338054411784132,-0.13773758997827104,0.051517519413424084,3.1995786299271685,0.13959939904351704,4.211971937255568,28.691249529398334,1.371247984254501,0.0,2.3190083108770287,-1.0400646276505316e-05,0.6137184115523465,1.5200482666202615,1.024993781364259,1.2482147333929727,1.1036969019069367,1.5428496744797449,-1,-1,1.5200482666202615,0.6137184115523465
AAPL,Transformer,-3.346954335098315,0.2633979570957376,-2.1186832735284336,4.077411271344706,0.15960183900560732,0.1767622992951865,0.1408753540752324,2.1330503446603584,0.10032829739763176,0.07482328741332189,1.4212630914927902,0.06291982311914945,0.8487286184526353,9.566383039993784,1.1237894211803459,-0.011065967664983273,1.1329294613192191,1.1074360988821623e-05,0.5956678700361011,1.5200482666202615,0.9110036434049852,1.1767622992951865,0.8518062191390618,1.355405066713915,1,-1,1.5200482666202615,0.5956678700361011
AAPL,Triviews,1.3774042537529103,2.047315819425185,1.9160061021877342,4.821474061385893,0.2697281909742084,0.3014008282141425,0.11645590075218934,4.29018619013838,0.019067384745712027,0.06287097552880527,1.94886628690063,0.13953390506450705,1.4156380119241125,8.214299322490449,1.368352924845123,-0.007185469110477593,2.316140180377572,1.7336294053120326e-06,0.5323741007194245,1.504739589839272,1.125539679498537,1.3014008282141425,1.3172727962915909,1.668834751756574,-1,1,1.504739589839272,0.5323741007194245
AAPL,DUAL-DNN,-0.31937129290134547,1.3872809723109143,-1.9317833695308568,0.7651909091620481,0.03945794140168779,0.04345632258716359,0.118560009538482,0.2660373642313621,-0.06627688027435014,0.1483172918799962,1.1633338089289593,0.019378527513119366,1.4408923609580553,15.456906417127827,1.4277278564128137,-0.007992886613546302,0.33280987033727083,-6.156877266663934e-06,0.6028880866425993,1.5200482666202615,0.7162937658341678,1.0434563225871636,0.5333614097129954,1.072530117763988,-1,-1,1.5200482666202615,0.6028880866425993
AAPL,CE-DNN,0.2613444179490237,2.648007046150462,-1.438956473790785,2.9107222387946954,0.10683501282414332,0.11803703888351169,0.1001823943464207,1.3185007765600123,-0.08236767528355535,0.08102764497634762,1.6419779331561255,0.04627239410264381,2.681844900922102,28.448097945546444,1.094651955437417,-0.001922672916546131,1.0664050656916675,-6.4655939847907745e-06,0.6137184115523465,1.5200482666202615,0.8223467950098241,1.1180370388835117,0.7092109388375395,1.2367628011401692,-1,-1,1.5200482666202615,0.6137184115523465
AAPL,LSTM,-1.377674272937133,1.1308731423025524,-3.3889748582344756,0.22411665188282937,0.004254793738540652,0.004677882098405917,0.05297847423171104,0.07167523292995402,-0.050635121135408495,0.059362119446458306,1.072830963097388,0.003968910615331536,4.0015671500429635,48.9461050908309,1.5326156615676971,0.0,0.08031174548235448,-2.101897400406493e-06,0.6389891696750902,1.5200482666202615,0.6640431550387745,1.004677882098406,0.4695861411156998,1.0063668835306725,-1,-1,1.5200482666202615,0.6389891696750902
AAPL,StockNet,-0.27344339299941767,1.8829650803923776,-1.273475987983122,3.480864010292739,0.13740793806665308,0.15202924060879863,0.15298187055371687,0.7879978984356696,-0.0023052950786372635,0.17437602097598837,1.2784594087305672,0.06238491014025449,0.48086700682402556,4.53724268717866,1.1506134678575104,-0.015028292391583709,0.8981975286960864,-2.7632915133732106e-07,0.628158844765343,1.5200482666202615,0.8731113349239747,1.1520292406087986,0.776289138849363,1.2939290295174326,-1,-1,1.5200482666202615,0.628158844765343
AAPL,SCL-DNN,-0.8272651227541128,1.7296055130630488,-2.101920168930914,3.581868967878903,0.10111089248909555,0.11168300261742936,0.08047121608158647,2.341944515711954,0.0012313431117588563,0.04317390604719673,2.119846123642107,0.0652676728369668,5.6929480514450255,54.84715893476201,1.4963619696297226,0.0,1.256485205673832,7.763898747087377e-08,0.631768953068592,1.5200482666202615,0.8130262212372501,1.1116830026174294,0.6986943926670812,1.2275588747062047,-1,-1,1.5200482666202615,0.631768953068592
ABBV,ESPMP,0.34733836583738975,3.185680144700975,-1.3798842542865664,4.699862913115461,0.19126629712121246,0.2020705208031881,0.1362022484427678,2.152618595578196,-0.05491489225090657,0.08885284997263443,1.581228510900883,0.07219686695770108,1.8991920377572196,27.55809500401198,1.1595675746606475,-0.010489493628108847,1.404281495408518,-6.124380362687703e-06,0.6415094339622641,1.5427147400967225,0.9366433725093304,1.202070520803188,0.8974033445331656,1.417871919475131,-1,-1,1.5427147400967225,0.6415094339622641
ABBV,SCL-DNN,-0.32423732618465456,1.4253209893441852,0.2234668603550998,3.1831067655240517,0.23325549952199376,0.24666636536946318,0.1344605992133899,3.170248168799679,0.008969884556289106,0.07357641645143165,1.5416874864810266,0.0864077897050193,-0.5941466487357228,9.798996880733021,0.9697711608509683,-0.012352327448577722,1.7347498143438709,9.87573978990011e-07,0.539622641509434,1.5427147400967225,1.0074299455037743,1.2466663653694632,1.0375768283234277,1.5245907896791235,-1,-1,1.5427147400967225,0.539622641509434
ABBV,StockNet,-0.0014270734292316347,2.884636589046637,-0.6403778254484644,4.733232982594297,0.2050559505402365,0.21670741573839858,0.1652260588174655,1.8988810361914636,-0.029009344252300676,0.10798778155766509,1.4527556061155464,0.0752816558258883,1.6406140502283435,17.088963414069703,1.177232991162598,-0.009857537544197669,1.2410630139569772,-3.924679509587601e-06,0.5169811320754717,1.5427147400967225,0.9595921378310016,1.2167074157383986,0.925431898376072,1.4398438380186418,-1,-1,1.5427147400967225,0.5169811320754717
ABBV,Triviews,1.459116188054262,2.6064712801815944,1.834893002684283,4.410945390959163,0.3380260838562721,0.35984807169680844,0.1301981972622073,4.267813472495223,-0.060622087594566804,0.07920357485976104,1.9965096837542569,0.16385229356416314,1.8292494219894342,11.295709920425187,1.409300953238299,-0.009215644468297368,2.596242428576168,-6.438683369811695e-06,0.5338345864661654,1.6066468961424334,1.150960290364634,1.3598480716968084,1.3583147218499267,1.8170361673309985,1,-1,1.6066468961424334,0.5338345864661654
ABBV,DUAL-DNN,-2.831137038861217,1.1903803323461406,-3.8494334711061122,3.17118215036112,0.09343730725425337,0.09848760183863092,0.11827265920796937,1.5013472226729936,0.019133749523183096,0.062235641324794866,1.2867587783943824,0.034672838510640534,-1.2381868248032637,15.462162673127239,0.8391905076485102,-0.010489493628108642,0.7900161193632605,1.8529862144003614e-06,0.6037735849056604,1.5427147400967225,0.7821763674323429,1.098487601838631,0.6308562075001115,1.188798778111094,-1,-1,1.5427147400967225,0.6037735849056604
ABBV,Transformer,-2.9573045298659246,,-4.800923854929468,,0.0,0.0,0.0,,,0.0,,,0.0,0.0,,0.0,,0.0,0.7433962264150943,1.5427147400967225,0.6482079765033586,1.0,0.4463892020998616,1.0,-1,-1,1.5427147400967225,0.7433962264150943
ABBV,CE-DNN,1.5837370883123514,2.3896652859947287,1.6730287173984804,3.8348635957573887,0.326961951134495,0.3464691493184595,0.16712539220211112,3.929835171026123,-0.055919845684306455,0.08319991473055133,1.6841872131604938,0.11331434395865012,1.48505925568973,14.97582895647946,1.0932443313497942,-0.014964916505124425,1.956387038655906,-7.652373272739399e-06,0.5811320754716981,1.5427147400967225,1.1751875592714625,1.3464691493184595,1.3856583168876586,1.7618593520145167,-1,-1,1.5427147400967225,0.5811320754716981
ABBV,LSTM,1.5995436586199936,2.276404929587751,1.3815381629197148,3.154082491490596,0.37582018938556816,0.39865209848026995,0.12189539250424038,12.477196959228825,-0.12869293514387645,0.030120562383812555,2.932918384095311,0.20540834468236208,4.241190069749576,34.3709184122385,1.5040607097924672,-0.00634368421196511,3.083136955914839,-1.2844870753180557e-05,0.6264150943396226,1.5427147400967225,1.2680423941892318,1.39865209848027,1.6579573638309828,1.9272135418804897,-1,-1,1.5427147400967225,0.6264150943396226
ACN,SCL-DNN,-0.573573623593357,1.9340371198606572,-3.0149002097182267,2.920053225851766,0.1944937001689777,0.17942608983085195,0.1288909354460076,3.111246168397291,-0.046049935114721746,0.06251311842327412,1.70916516519974,0.0831846609465562,2.6604334912956458,24.57937581652734,1.1394434434664933,-0.008274697757625368,1.5089788858771305,-5.499762309659374e-06,0.6452991452991453,1.755811942827322,0.7922522153105654,1.179426089830852,0.6447906690849092,1.370624810410127,-1,-1,1.755811942827322,0.6452991452991453
ACN,DUAL-DNN,-0.6389733591825869,2.279717448770144,-2.214461946819694,3.793757946462215,0.18381000568723715,0.1696275176882749,0.1217361879431321,2.7326334052945684,-0.03391181203154877,0.06726478763345978,1.7496600210837858,0.09155161535592996,3.4060901668144785,30.28228463081507,1.2669951876813623,-0.007368762046585475,1.5099043989540912,-3.825279883574945e-06,0.6367521367521367,1.755811942827322,0.7791429689962982,1.1696275176882749,0.6257639056775604,1.3502508879027988,-1,-1,1.755811942827322,0.6367521367521367
ACN,Triviews,0.1463768219231537,1.5867112564960903,3.78788991663082,4.858566327995227,0.5417947862243189,0.4974152109204577,0.16764752919388157,10.436369512910344,0.07033009006976834,0.0519141053365435,2.228063848714509,0.24205967519661933,2.770428375016312,15.591138610900973,1.5750106516774978,-0.00919485735993571,3.231749306592776,1.0879042615232193e-05,0.5574468085106383,1.8826248775015884,1.1910244790091329,1.4974152109204577,1.4253038741374364,2.186611970248169,-1,1,1.8826248775015884,0.5574468085106383
ACN,ESPMP,-2.2726603296351398,0.9393257454637038,-3.2978247445826003,3.9119113542759436,0.17453504071717885,0.161115843084918,0.13020473857544335,3.0630900716716956,0.06730059054786072,0.05698005498804204,1.5664364570458005,0.08678508852436304,3.010902839578119,26.146304584374466,1.1246210460841644,-0.00947963805947376,1.3404661199488497,8.119666413658567e-06,0.5555555555555556,1.755811942827322,0.7678441911562915,1.161115843084918,0.6054354512679971,1.3281378102921555,-1,-1,1.755811942827322,0.5555555555555556
ACN,CE-DNN,-2.167148861487314,-0.2757539707880585,-3.367364168883926,3.070194970344033,0.07675765220120745,0.07108472644162322,0.1239277479242642,1.2722148854717485,0.0802845732865014,0.060333873685768924,1.3133041280740316,0.036540404851399526,3.126904315044814,30.69574740257235,0.9092105502050989,-0.007320939777642454,0.6193742199536802,9.219198865536703e-06,0.6794871794871795,1.755811942827322,0.6533857432187177,1.0710847264416232,0.4396555239529585,1.131789039924616,-1,-1,1.755811942827322,0.6794871794871795
ACN,StockNet,-3.3566689453152003,-0.13223158594374834,-4.66802030525153,2.324570708456095,0.10929317810161998,0.10110502938159271,0.12896301463007817,1.1712797688060057,0.10046280513012068,0.09331090744701642,1.263057274681829,0.0478853109681285,-0.44265936692738184,7.91702212341341,0.9599235287581899,-0.011201078000869535,0.8474769174334222,1.2005023075697872e-05,0.5213675213675214,1.755811942827322,0.6905251389149927,1.1011050293815927,0.4891748851839994,1.1938267140288763,1,-1,1.755811942827322,0.5213675213675214
ACN,Transformer,1.4888576401669733,1.5344179548450312,3.8939092073175234,3.9713963613980128,1.0011134247658542,0.9043742387750244,0.24261485032980007,11.027099728571834,0.029322383615552026,0.09078664829446614,1.84200043256267,0.3402683463242064,2.0557031679977618,12.633480648263378,1.3072261134315724,-0.018158318967965714,4.12634850424442,6.591878191818683e-06,0.28205128205128205,1.755811942827322,2.0655066484341726,1.9043742387750244,4.0646784468535415,3.4412982547602917,1,-1,1.755811942827322,0.28205128205128205
ACN,LSTM,-0.11374223456209952,4.902531228283974,-2.051847404983514,5.629307603593525,0.15895800807858462,0.14680990778690672,0.11835365611351277,10.047421463640477,-0.10224738353684543,0.01582077637071566,7.602422353450615,0.12694057831435474,13.716360957991457,201.14488061627713,2.5341407844835384,0.0,1.3430764481506874,-1.1213118300004239e-05,0.7478632478632479,1.755811942827322,0.7490397647486325,1.1468099077869067,0.5810442061442173,1.3011093698252305,-1,-1,1.755811942827322,0.7478632478632479
ADBE,DUAL-DNN,0.1116711664527952,1.3417308062862787,-0.43793229922659943,0.08598926737892264,0.013439090256044173,0.013009689410817815,0.14120432249164522,0.10137059434277217,-0.09070361266496192,0.13257385283351053,1.1131483826149795,0.006351180043599893,6.965444731262665,102.84948893853692,1.0275215839522889,0.0,0.09517477948905805,-1.1384266880755054e-05,0.6557377049180327,1.1892354209328373,0.8628978020476876,1.0130096894108178,0.809590870530716,1.0086342321262554,-1,-1,1.1892354209328373,0.6557377049180327
ADBE,StockNet,-2.8983912748842022,-1.5128546513463133,-1.6387255485845238,-0.19041435459047545,0.012011506552142448,0.011627980590027232,0.21113643500603954,0.05530651906480887,0.11389061983538647,0.2171806643276033,1.0381980213599673,0.010382608081526285,-0.4612791742407139,4.051986179905203,0.898738585654897,-0.023414002151176512,0.05688978575298413,2.137389308978401e-05,0.5245901639344263,1.1892354209328373,0.8605454841816829,1.0116279805900272,0.7640235070198669,0.9798379656816956,-1,-1,1.1892354209328373,0.5245901639344263
ADBE,ESPMP,-1.3105137603954644,-1.5601234202322583,-1.741577688583251,-1.991461014481268,-0.0811020704113492,-0.07863143439217435,0.11513448365787707,-0.5846096948683783,0.05092826307487842,0.1387285758742145,0.7288612049531308,-0.018914940219639766,-3.124011367735798,29.251363733085647,0.7288612049531307,-0.004325571709035724,-0.7044116396295708,5.21190839853553e-06,0.610655737704918,1.1892354209328373,0.7138368221695995,0.9213685656078257,0.5582977553724119,0.837594551174051,-1,-1,1.1892354209328373,0.610655737704918
ADBE,LSTM,1.3835952665095024,1.465425344879941,4.3196162103958935,3.191139555498387,0.3410736028425756,0.3286374798137863,0.10427213574842255,9.102656715386349,0.013922735445583916,0.03746967654685407,3.823182349272301,0.2511772181163411,4.039118351397719,26.59726771393117,1.6822002336798123,0.0,3.27099469474265,1.2904029043603497e-06,0.5860655737704918,1.1892354209328373,1.4843802343031824,1.3286374798137863,2.429729282807274,1.7473497671752345,-1,-1,1.1892354209328373,0.5860655737704918
ADBE,SCL-DNN,0.6859467765818057,2.515425077076092,0.08137284031481626,1.2755993207651413,0.0826613231155322,0.07993500465671377,0.14737531744046,0.5211076792992847,-0.13042239850722892,0.15862618495026592,1.4334446515806265,0.026019214270248683,6.31256210277397,86.13288850114367,1.164673779409259,-0.0005125892001197499,0.5608898732240396,-1.708478147237257e-05,0.6557377049180327,1.1892354209328373,0.980680186407568,1.0799350046567138,1.0422679096905625,1.14443356265651,-1,-1,1.1892354209328373,0.6557377049180327
ADBE,Transformer,0.8827204010530357,1.1549655696686942,0.9794660571885632,1.1782986392701538,0.12385290457188325,0.11969476526425327,0.24614654283316337,0.6888554816633965,-0.024718298845609683,0.17979519343130224,1.192115769214619,0.029954763432301003,-0.0762896658311521,19.393749899105877,0.9411440283273308,-0.01739932274651791,0.5031673536679733,-5.4081012133908845e-06,0.4918032786885246,1.1892354209328373,1.0542205061271694,1.1196947652642533,1.1109920076049329,1.1815616045123072,-1,-1,1.1892354209328373,0.4918032786885246
ADBE,CE-DNN,-0.22186199251201003,1.3993452090572929,-0.1139871284011296,1.763654939888525,0.05634768679994462,0.054510992941511516,0.0921299664126181,0.5791849606529819,-0.028556668857165974,0.097287897006886,1.4074350427358353,0.015784578033744962,-0.7446675806661026,37.20307503594639,0.7916822115389074,0.0,0.6116108470894575,-2.3385192552977725e-06,0.6639344262295082,1.1892354209328373,0.9350490362641938,1.0545109929415115,0.9678914941354324,1.1028443921894715,-1,-1,1.1892354209328373,0.6639344262295082
ADBE,Triviews,1.9356365984352086,1.8891897214378912,5.650762606057044,4.47290475712804,0.4308616075497702,0.41669210794571443,0.17553994023774427,5.8083675861859225,0.017036437624639814,0.07417946628834082,2.299136201984076,0.11158891958804483,3.8291978149685972,41.572304371705464,1.1495681009920378,-0.006866883461351146,2.4544933020156465,2.6474139331884126e-06,0.6285714285714286,1.1598280145043438,1.7304432240097036,1.4166921079457144,3.185266424010789,1.951619077043052,1,-1,1.1598280145043438,0.6285714285714286
ADP,Transformer,-1.2737048876801347,-0.62022789927619,-2.6469479137149166,-2.443761001910057,-0.02562041243392088,-0.018064669518568,0.03972044686548204,-0.6266946439562852,-0.0352744918657568,0.040881811710055116,0.6175350255329628,-0.01507543544614039,0.9811773710335681,57.90163920813333,1.2350700510659258,0.0,-0.6450182325664013,-1.7128326907854538e-06,0.7401129943502824,1.620320523163472,0.5950655931736307,0.981935330481432,0.3734022762440475,0.9631425952017444,-1,-1,1.620320523163472,0.7401129943502824
ADP,ESPMP,-2.124343209437172,0.5414937240384416,-4.065062375735124,1.6141318910658156,0.1618057818128662,0.11108824588820676,0.17117766478623492,1.7244786013383113,0.033751659522732506,0.09382881393094356,1.2886903073974016,0.05034894577329365,-0.8539931784561963,9.85192911488727,0.9511761792695107,-0.01776033301576932,0.945250550151667,7.062887355262709e-06,0.559322033898305,1.620320523163472,0.7618968423239457,1.1110882458882068,0.588441348048072,1.2090762779132591,1,-1,1.620320523163472,0.559322033898305
ADP,StockNet,-1.459676538650532,0.1980656545365355,-2.7153639784889583,2.301066682850559,0.056286824654802725,0.039211460230952566,0.058902844284781354,1.8245996249718424,0.08464540387046927,0.030848863435270824,2.1437292284743137,0.011801069064206178,0.03477972923315617,47.417640200868306,0.7145764094914379,0.0,0.9555875499435852,6.0950840513819044e-06,0.7231638418079096,1.620320523163472,0.6665103870725914,1.0392114602309526,0.4672069734352337,1.077349880190055,-1,-1,1.620320523163472,0.7231638418079096
ADP,CE-DNN,-1.9273095020797386,-1.6077952333703858,-3.4827618704814474,-1.3423708645530223,-0.025598848299237087,-0.018049405881180425,0.10359227924397475,-0.39392144212082536,0.0532332964237327,0.06498465318723445,0.9128789425431166,-0.004229649300619674,-6.072602509034039,57.50208892433709,0.384370081070786,0.0,-0.2471115462084593,6.7414109154424005e-06,0.672316384180791,1.620320523163472,0.5950840932433359,0.9819505941188196,0.3682191046486783,0.9564345770463404,-1,-1,1.620320523163472,0.672316384180791
ADP,Triviews,-0.015892756715192365,1.0139968346582788,1.9639802069945098,3.344075468975527,0.7487296881174101,0.4840446737385591,0.21261356186002062,7.2624835205992975,0.09438102046641128,0.10309554383066266,1.8612469930873983,0.22490822151657072,0.8313261918616411,5.1871998330308005,1.098440848379448,-0.018235343478940735,3.5215518782868367,2.439436881434314e-05,0.43820224719101125,1.8087077307725985,1.2176586389173103,1.484044673738559,1.4658958388894452,2.1339924450324825,1,1,1.8087077307725985,0.43820224719101125
ADP,LSTM,0.4696762334998223,2.8387426994086336,-0.4341257529035133,4.756326843482758,0.33687272269678226,0.2262054947535621,0.13113182333982312,4.357012632119865,-0.05973191815211923,0.07731736194964389,2.3011426418514094,0.14709797360559165,1.9375676042839782,10.443926919705694,1.4957427172034161,-0.006832724147085412,2.5689623930858447,-9.575349007704419e-06,0.6271186440677966,1.620320523163472,0.9279521513609382,1.226205494753562,0.8888501138463756,1.4859916727473272,-1,-1,1.620320523163472,0.6271186440677966
ADP,SCL-DNN,-2.0088463852872147,0.6273390450543158,-3.8480301344754735,1.7977928402209138,0.16443715326317832,0.11285519339894123,0.13860188448190608,2.530399797462953,0.03855472313389729,0.06498465318723445,1.5056470902217727,0.03839604116581327,-2.0170473905378525,20.94180299692374,0.699050434745823,-0.0058038053238929355,1.1863991162735232,6.532610655412757e-06,0.6271186440677966,1.620320523163472,0.764322036146949,1.1128551933989412,0.600432291488867,1.2213331072758151,-1,-1,1.620320523163472,0.6271186440677966
ADP,DUAL-DNN,-1.096646014436352,1.094601634412787,-3.1415376015927685,2.1306790136212905,0.20672231800076313,0.14108880517467592,0.1311941091412657,3.181094425558488,-0.005769052719091478,0.06498465318723445,1.6793787941179978,0.048339898281621496,-2.3695806411346108,24.497304216863423,0.8396893970589989,-0.003934411935118537,1.5756981723788455,-9.252495734900772e-07,0.6045197740112994,1.620320523163472,0.8035963518827829,1.141088805174676,0.6655395800720734,1.2858462827565376,-1,-1,1.620320523163472,0.6045197740112994
AMT,SCL-DNN,0.8338721431535205,0.2762442163897407,1.8045725014707825,1.6674505031985556,0.14391942969260452,0.10374732940660003,0.15765513242854023,1.6011074379877155,0.0642735321815545,0.08988742808757644,1.3270155809602704,0.0519830458444067,0.46355010454759193,9.770862205982914,1.480132763378763,-0.013262193593224059,0.9128750042935542,1.1856069509487868e-05,0.5027027027027027,1.089778418192496,1.1178952958095851,1.1037473294066,1.283713828395599,1.196570677775199,-1,-1,1.089778418192496,0.5027027027027027
AMT,StockNet,1.515766823208066,1.6432975457283017,1.7145795012718223,3.1896240399369433,0.2030303851626818,0.14533680200663102,0.07313342732715952,11.416553640046429,-0.01421361972524602,0.017783859434646,6.462196248981877,0.1354570622603254,4.516512532960865,24.510020810970193,2.4233235933682042,0.0,2.7761639592581013,-1.216245018365769e-06,0.5891891891891892,1.089778418192496,1.2037276276828095,1.145336802006631,1.531116729909194,1.3067978080224567,-1,-1,1.089778418192496,0.5891891891891892
AMT,Triviews,1.9046004051373098,0.6879018192537597,4.102352039776472,3.2477308037405677,0.25243889500007777,0.18073827424922806,0.17651811487052088,2.4379345231922653,0.07795214124808986,0.10354621610982839,1.3949217957364128,0.1033319755495683,0.618151580644993,3.9862048688058627,1.3949217957364128,-0.01773376701417857,1.4301019200507896,1.6013839378523885e-05,0.5053763440860215,1.0943667989000003,1.2739265058830045,1.180738274249228,1.6513435636127756,1.3630596499042316,1,-1,1.0943667989000003,0.5053763440860215
AMT,LSTM,-0.46563577420839014,-1.2636074155288142,-2.294149189125186,-3.4533415721860745,-0.12750253138129086,-0.09528168357671063,0.14944539015577016,-1.149027624267587,-0.02706165796076934,0.11096559272242346,0.7283206483979684,-0.03565678473351868,-0.2915411667311239,14.991560632457427,0.8996902127269022,-0.013869889313743505,-0.853171390889958,-4.731919845798794e-06,0.5459459459459459,1.089778418192496,0.7510840904973864,0.9047183164232894,0.5811950700434454,0.8051285132912297,-1,-1,1.089778418192496,0.5459459459459459
AMT,DUAL-DNN,1.4862917965360676,0.874134361743686,1.4005569529028732,1.9640717593446655,0.12665206867034096,0.09149136238473154,0.14445512759178367,1.2902049777804594,0.010972437701844489,0.09816430013176713,1.350664945211067,0.04753278741901279,0.7932664491263056,13.469326749077913,1.4681140708815945,-0.01112920062591179,0.8767571686914953,1.8545414379181516e-06,0.5297297297297298,1.089778418192496,1.0932069990305502,1.0914913623847315,1.2349104192174971,1.1736050614403102,-1,-1,1.089778418192496,0.5297297297297298
AMT,Transformer,-0.11468486478802749,-0.4076677269180992,-1.8262852396372478,-1.1509728367104057,-0.03796951288788453,-0.028017445105803174,0.2330295584414168,-0.18908692599607496,0.0031414679795292917,0.20080453837761736,0.9890825635478097,-0.0035567962760951,-0.20827731953896605,3.1081628613081747,0.9890825635478097,-0.023502177897722437,-0.16293861234530896,8.565330108034997e-07,0.5297297297297298,1.089778418192496,0.866919431736967,0.9719825548941968,0.7389240268130315,0.9078291853188568,-1,-1,1.089778418192496,0.5297297297297298
AMT,ESPMP,1.3279816807248508,2.0002273323989086,0.7380158962921052,3.1005841133727188,0.08950140064306789,0.06495173966154288,0.05287888811867505,4.547196129134859,-0.05350375651228449,0.01968276672070801,4.47087658252582,,4.877856171401748,48.65601280352078,0.894175316505164,0.0,1.6925734225387201,-3.3102976477333153e-06,0.6054054054054054,1.089778418192496,1.0406906476356903,1.0649517396615429,1.1486431823580614,1.1318706953983044,-1,-1,1.089778418192496,0.6054054054054054
AMT,CE-DNN,-0.601435317848468,-0.8228390690849736,-1.0992568174899486,-0.06928785941721019,0.011107961507480502,0.008142668769052008,0.16962351020568245,0.06989047854402257,0.05760366341613473,0.15893383102941305,1.044488269567008,0.009283455004431456,0.4667326099550356,7.259937552972886,1.3623760037830537,-0.01776583225761183,0.06548597829399465,1.1432378805176295e-05,0.5567567567567567,1.089778418192496,0.9326222869035214,1.008142668769052,0.8884794989831121,0.9954694855705356,-1,-1,1.089778418192496,0.5567567567567567
APD,CE-DNN,1.0618295564734415,1.1126884214285442,1.5905418060257164,1.8749559875987643,0.19402032085487986,0.1175967362079251,0.10243865741609147,3.5409612674941573,-0.03277829242648883,0.05479312147127291,2.1957706205716887,0.052979111316363924,-0.5130033166875565,21.244209310897663,1.162466799126188,-0.0005026099053793362,1.8940146791147068,-4.593722053185444e-06,0.5822784810126582,1.0272293880202696,1.2159138741053632,1.117596736207925,1.5874662591280473,1.2407857532871245,-1,-1,1.0272293880202696,0.5822784810126582
APD,ESPMP,1.6782690404829628,1.7048799175564362,3.333248186686933,3.5215480400661825,0.4727485236572766,0.2747175379869833,0.15242338131487593,8.648873641934529,-0.002632827671227422,0.054660126072964,2.3280677842447317,0.13072159323310156,0.4241890218796641,6.935956426683916,1.0346967929976585,-0.008035081389572471,3.1015485916866887,-5.490204690334343e-07,0.5126582278481012,1.0272293880202696,1.5818324715020065,1.2747175379869833,2.644288725790916,1.6013968992906105,-1,-1,1.0272293880202696,0.5126582278481012
APD,LSTM,1.5212725734245371,1.4991065536736619,2.6450551003843503,2.820641109239751,0.28261941935953616,0.16889529807434878,0.16427704458281964,3.4415790305475578,-0.00980160353401127,0.08211911359611324,1.8886487941117742,0.06608718293922758,1.0555927645769472,13.20653942164937,0.999872891000351,-0.00477491753302781,1.7203829060672848,-2.20286825192578e-06,0.5949367088607594,1.0272293880202696,1.3300984510320106,1.1688952980743488,1.8623999309534525,1.343943527440509,-1,-1,1.0272293880202696,0.5949367088607594
APD,StockNet,-1.8893004522138201,-1.6943819479322328,-2.56836472509414,-2.1884947059352604,-0.21411502123517379,-0.14021127355699048,0.1771709493667518,-1.1447469008908049,0.08752982790203552,0.18704136352634493,0.5261553854065655,-0.03225319822465771,-4.5359548868729345,36.537970087279035,0.5261553854065655,-0.00737887125336476,-1.2085221759011187,2.121598003073124e-05,0.5822784810126582,1.0272293880202696,0.7196412629346483,0.8597887264430095,0.5392265962174461,0.7231530112252293,-1,-1,1.0272293880202696,0.5822784810126582
APD,Triviews,2.023811697379555,2.122858026587222,2.158901848225847,2.7525779798181125,0.40511649688351437,0.2376940066787061,0.16507427398572236,4.447191766789606,-0.11219675210810633,0.09109490171051582,2.09989126555085,0.09994013292325431,1.0275727316422083,11.705273808386032,1.1374411021733775,-0.007527529333835178,2.454146773461223,-2.5338108528181105e-05,0.6708860759493671,1.0390208897277289,1.4743557798629194,1.237694006678706,2.2880166831566564,1.5064062904448026,-1,-1,1.0390208897277289,0.6708860759493671
APD,DUAL-DNN,-1.0891623897521412,-1.1696570275465836,0.647794731662108,0.35788201177998386,0.026926967361770027,0.01679902272030831,0.14906059493540094,0.30888319238169426,0.0992806495375293,0.08717524302356905,1.1243017374749635,0.006646596393126615,-1.8217319828339802,19.06444017064144,0.6918779922922851,-0.00017570371787221033,0.18064443774318414,2.0246127670700278e-05,0.5506329113924051,1.0272293880202696,1.0064745661117844,1.0167990227203083,1.0710882980793277,1.019194764037892,-1,-1,1.0272293880202696,0.5506329113924051
APD,SCL-DNN,1.2580811537906533,1.288130164988162,2.6663602504482777,3.130770795554906,0.2038989126750541,0.12338511396747798,0.11533602694662114,4.202279716019764,0.03002884381090347,0.04852102345728171,2.2916088596017143,0.049162668864278884,0.8775981884575852,19.65802673972152,1.0576656275084837,0.0,1.7678683588556499,4.73825150258691e-06,0.5506329113924051,1.0272293880202696,1.2285416762811914,1.123385113967478,1.615422305464119,1.251663489475175,-1,-1,1.0272293880202696,0.5506329113924051
APD,Transformer,1.3860204352747418,0.6961617345167316,0.08486840961720538,-0.0951631626728501,0.056125128242473954,0.03483036619978441,0.3500727872946119,0.25764892574231335,-0.019289099197916194,0.21783567729138253,1.0609175696988848,0.025941786099873018,-0.6382032059629943,2.7308698636170656,0.858838032613383,-0.03720763961250037,0.16032416765728366,-9.238145754429973e-06,0.3987341772151899,1.0272293880202696,1.0424875877753317,1.0348303661997844,1.0105141874095582,0.989955685556542,1,-1,1.0272293880202696,0.3987341772151899
AVGO,Triviews,0.6904767322908255,1.3716272058722423,1.368121897016441,3.7519241855068586,0.4730831342003039,0.4328839711824888,0.22043407062143164,3.602620352703238,0.036380831396174935,0.13131639969927011,1.6046582680003785,0.166641110066082,1.491180276621179,7.763728751481704,1.1311525495740373,-0.017062298978067724,2.146143438111098,7.430941842181697e-06,0.47863247863247865,1.8325249795860807,1.1203975376834758,1.4328839711824888,1.2530883294084838,1.9659648769728288,-1,1,1.8325249795860807,0.47863247863247865
AVGO,LSTM,-1.8280468265737444,-1.2803368681437828,-3.3692403789687635,-2.1640006454794727,-0.08989545205496652,-0.08340882421250795,0.08736050868805027,-0.8685587182959958,0.021495862992389113,0.10349956791790682,0.5122951607674141,-0.023523110660406445,-3.5119138096571803,43.46645798796235,0.8538252679456902,0.0,-1.0290170399072205,1.7474733722157335e-06,0.7124463519313304,1.835449933668141,0.4577293927339553,0.916591175787492,0.224757065674294,0.8339905400040103,-1,-1,1.835449933668141,0.7124463519313304
AVGO,CE-DNN,-1.2184463347438932,1.2092796250350244,-1.9673237148054876,3.919315095405426,0.26447200039460195,0.24229742669167265,0.17623218440999616,2.0712733834283132,0.04770173292065171,0.12768570412315894,1.6565800060455675,0.08090150096255033,1.5045200498186397,11.239385755062765,1.779289636123017,-0.010368376145508966,1.5007020498555466,7.82275822732901e-06,0.6523605150214592,1.835449933668141,0.840830832841331,1.2422974266916726,0.7280878461138306,1.501054077013609,1,-1,1.835449933668141,0.6523605150214592
AVGO,DUAL-DNN,-1.4634543994617029,1.6764886497085951,-3.8782530390728627,3.5376150840398886,0.15217849578482978,0.1399383652083357,0.14373652156001163,1.80255291226558,0.0003996314450700037,0.08442387169293175,1.488546440072188,0.04825921500507485,0.8490524195040278,17.598827076008092,1.275896948633304,-0.009098514707029165,1.0587322841348539,5.3452412500162864e-08,0.6180257510729614,1.835449933668141,0.7079787100903837,1.1399383652083357,0.5255436362230458,1.2752896600992198,-1,-1,1.835449933668141,0.6180257510729614
AVGO,StockNet,0.965187385652929,1.4639208569885598,2.1511892797937557,3.937468972011002,0.5457487535638688,0.4958168873522395,0.2162691319737081,3.7403603159433283,0.03981568533573096,0.1459080696684778,1.7472024596107676,0.15320740993473164,1.1322911953924588,7.707427220181209,1.235091393862784,-0.01738932065780068,2.523470402748995,8.0128914570616e-06,0.47639484978540775,1.835449933668141,1.2190297972424498,1.4958168873522395,1.4869264547971026,2.1451081447205285,-1,-1,1.835449933668141,0.47639484978540775
AVGO,ESPMP,-0.38619991753002797,1.295704432582558,-0.3268940279993306,3.855338425480992,0.3601857805267299,0.32900112306255913,0.17945193601924114,4.669934778246995,0.0482479888605332,0.07712865331749597,1.965098975298993,0.1010725209531829,2.3327480168935075,17.899586951021337,1.3293316597610836,-0.009451176255220533,2.0071434642427604,8.056898462041647e-06,0.6223175965665236,1.835449933668141,0.9622948317482644,1.3290011230625591,0.9524260777119344,1.7168015103525147,-1,-1,1.835449933668141,0.6223175965665236
AVGO,SCL-DNN,-1.4375397935446959,1.2177978784709125,-3.66675827297689,1.1523756834467787,0.04607800098627801,0.04253105416111258,0.12302033829319231,0.3660637250420069,-0.02955587662243169,0.1258742613215511,1.2196214699824304,0.015407580016461829,0.8518995929457674,26.66665204964373,1.2958478118563321,-0.003081994074511679,0.3745559606287302,-3.383461889731533e-06,0.6995708154506438,1.835449933668141,0.5921550781383456,1.0425310541611126,0.3713547677404454,1.0720102792821538,-1,-1,1.835449933668141,0.6995708154506438
AVGO,Transformer,0.9652708456122058,1.4839176970777082,3.5525913700250764,4.91214282181356,0.6660236752154463,0.6031239868860157,0.26813339890239146,3.33585885879569,0.05685497006294962,0.19965583179855928,1.5090102681424788,0.1903510333761812,0.6515657516125275,3.246592929597879,1.300870920812482,-0.023488702696019714,2.4839265751369477,1.4185997394684917e-05,0.3776824034334764,1.835449933668141,1.400205186852013,1.6031239868860157,1.873742677221071,2.408016297911974,1,-1,1.835449933668141,0.3776824034334764
AWK,StockNet,0.4562940144367064,1.9323066512876443,-0.5741501143800206,2.502402396270446,0.05947949692758003,0.05245835749041872,0.042061719361960036,12.689392854983417,-0.0827987369768825,0.0046873398599383,5.28421987226299,0.2912551329484146,9.09006616121101,89.38833826075218,5.284219872262989,0.0,1.4141004654548754,-3.3851438104736302e-06,0.6860986547085202,1.1817237774957974,0.9373329159871016,1.0524583574904187,0.913991598569596,1.1060184800566228,-1,-1,1.1817237774957974,0.6860986547085202
AWK,Transformer,-0.9109005171071274,-0.43536208426326156,-2.856427018134072,-1.7955911883855662,-0.07006277340853684,-0.06225670132921002,0.1657282426808461,-0.35976236150405944,-0.020505232974752086,0.19474736911228074,0.9313463280967602,-0.028834968461728068,-0.27134576904443264,2.935228358227488,1.0135239452817684,-0.016534779558600395,-0.42275699226149027,-3.3031448836033374e-06,0.5022421524663677,1.1817237774957974,0.7441353986000352,0.93774329867079,0.5503329826193487,0.8582307134231717,1,-1,1.1817237774957974,0.5022421524663677
AWK,ESPMP,-0.5298214511859056,0.09519816845599995,-1.9100653155324647,-0.5754478830564432,-0.004712017844998306,-0.004170894347384602,0.11194250953187819,-0.06661240615917746,-0.008920751462171861,0.07073784174284947,1.00395365032412,0.0007961539160868039,0.27237930701051705,6.8790119264930905,1.1155040559156888,-0.011732552837131493,-0.042093194664860105,-9.706504685699507e-07,0.6547085201793722,1.1817237774957974,0.8391771635215453,0.9958291056526154,0.7188396068248872,0.9808605793038312,-1,-1,1.1817237774957974,0.6547085201793722
AWK,Triviews,0.9862700198644077,0.9675870563475137,2.1021736870792433,2.759021711139421,0.19828599573845462,0.17444191130064568,0.12614229069519284,2.215293704315949,0.04393979259475336,0.08950776836143381,1.531954419530678,0.0934605632644572,0.4145460914806865,5.72838314234269,1.1288085196541837,-0.009792215081348409,1.5719232197676518,5.363582595573333e-06,0.6205357142857143,1.2247712352941176,1.126180761983919,1.1744419113006457,1.2873479474526146,1.3601164238553871,-1,-1,1.2247712352941176,0.6205357142857143
AWK,CE-DNN,1.1122445548246611,1.5354124579202755,1.1355814656744205,3.240972013603789,0.12469155302736423,0.10958490090878481,0.08787136830205249,2.9916981481884077,0.005223998404033508,0.041679189159798735,1.6770305788974742,0.07619323024791998,1.1125063017422718,10.047558195762521,1.0672012774802107,-0.005444054380907003,1.4190236869732653,4.4618689941135544e-07,0.6860986547085202,1.1817237774957974,1.0418497755319462,1.1095849009087848,1.1174126149483647,1.2229200534985534,-1,-1,1.1817237774957974,0.6860986547085202
AWK,SCL-DNN,0.36810205450981126,1.7818305753653756,-0.8940082293588029,2.311563971913076,0.05572422091489204,0.04915658434653891,0.10668305346275886,0.9882559553181222,-0.02772197399356966,0.05638642561678697,1.2649956355226728,0.019093854091081455,-1.025727207428287,24.903273546376848,0.843330423681782,-0.0044970308728098695,0.5223343268323715,-2.8746566461883706e-06,0.6636771300448431,1.1817237774957974,0.9314609381984892,1.049156584346539,0.8870597145522541,1.089601543647123,-1,-1,1.1817237774957974,0.6636771300448431
AWK,DUAL-DNN,-0.7865478371235581,0.12148144418390193,-2.238866169940826,0.5514165699941816,0.016582168603501257,0.014659987862896573,0.10689840187391655,0.16577711597135594,0.010061791849701534,0.10002688553446926,1.0858291654735708,0.007223208960181663,-1.4400291655179933,23.620897542881654,0.8025693831761175,-0.006181983896972841,0.15512082793398002,1.04547326468601e-06,0.6412556053811659,1.1817237774957974,0.8712145008638394,1.0146599878628966,0.775876759824757,1.019031604113215,-1,-1,1.1817237774957974,0.6412556053811659
AWK,LSTM,1.7425558553146705,1.5323412670401553,3.4388860167476434,3.865263164166369,0.22635547803706002,0.19789419179949008,0.15109137256282557,2.624120266452504,0.024459535508230365,0.08625956703694282,1.3567939663036734,0.10694633368984342,-0.15540869740669344,3.081435698054463,1.0815024369087252,-0.014603295294879281,1.4981363541650186,3.5921483325204538e-06,0.4798206278026906,1.1817237774957974,1.214285878031303,1.19789419179949,1.4776281826319946,1.406286684113236,-1,-1,1.1817237774957974,0.4798206278026906
BA,Triviews,1.7985960044119933,1.896914334845881,3.1108221917769923,2.9498682389600726,0.27238181265940176,0.20490825903635002,0.16717382819203133,2.8312332101501485,-0.04580379869363972,0.09620606726528069,1.6147579620048151,0.0995469821681665,1.3159185072614847,8.91942758908161,1.336351416831571,-0.013018405029057477,1.6293328663055966,-8.50330242979653e-06,0.5897435897435898,0.7953604842252634,1.8253407624445497,1.20490825903635,3.4705667111548872,1.4216583025028178,-1,1,0.7953604842252634,0.5897435897435898
BA,DUAL-DNN,0.618538763015963,-0.572615402391532,3.1312700255940844,1.6626530779293134,0.08208551797980057,0.06261509719044889,0.14242959546992678,0.8100758512079582,0.10350282294661863,0.10133065670010699,1.2608903633757471,0.03294924088294127,1.3363645107391853,14.284175013553414,1.0807631686077832,-0.009691344877069196,0.576323465000169,1.645454836613862e-05,0.5412371134020618,0.8002037357414438,1.4110791968883152,1.0626150971904489,2.101501490304649,1.112170869977826,-1,1,0.8002037357414438,0.5412371134020618
BA,Transformer,-1.0713786978180442,-1.9035363863679442,-0.13109790482865372,-2.5630868043490347,-0.14680556183123727,-0.11505166426679092,0.19411380150750876,-0.6054691460195921,0.05202505650942876,0.24246580159591957,0.8232010144483345,-0.04509113139599452,-0.014680143949641336,5.231597899181036,1.2348015216725017,-0.02075552517023213,-0.7562860584416431,1.127203961170237e-05,0.5412371134020618,0.8002037357414438,0.97866770915703,0.8849483357332091,0.9832666144015272,0.7607506137571225,1,1,0.8002037357414438,0.5412371134020618
BA,SCL-DNN,0.7319984648699274,-0.36529926365724225,3.260631118778699,2.079183260966457,0.0979882539676451,0.07461718254249416,0.12863385793630805,1.2368265211560556,0.11056627704634647,0.07922554399630433,1.3613836054352064,0.03896880319232139,1.575775993558474,19.042922687740536,1.1571760646199254,-0.008393957689108266,0.7617609822148314,1.5874918788381264e-05,0.5412371134020618,0.8002037357414438,1.4431350885228822,1.0746171825424942,2.2104199083391425,1.1406280735344516,-1,1,0.8002037357414438,0.5412371134020618
BA,LSTM,-1.5575472666933265,-1.6606236530111211,-2.3881646327208097,-2.7140525468203927,-0.381690106841554,-0.30934380393911753,0.2401763468910833,-0.9368157357147824,0.05826865410331125,0.40743349229753034,0.6222881203544659,-0.14495469577649267,0.8250433008710784,6.943500733652886,1.3304090848957546,-0.02542335496700429,-1.5892077291634603,1.562063744360534e-05,0.5154639175257731,0.8002037357414438,0.5961056664092038,0.6906561960608825,0.3538077001011919,0.456341856522018,-1,1,0.8002037357414438,0.5154639175257731
BA,CE-DNN,0.15435788024973388,-1.9447274319389283,1.9639517835001243,-1.4482530433452607,-0.0376047607755754,-0.029076950861959383,0.14103560292877557,-0.3930925114499042,0.07787646498676948,0.09566389508889883,0.9354967668954061,-0.011184077114849282,0.7157796129337245,12.974322433214416,0.8980768962195899,-0.013974090272450819,-0.2666331053625246,1.2259380364519267e-05,0.5515463917525774,0.8002037357414438,1.1780644418937178,0.9709230491380406,1.4650831585337245,0.9286195076215658,-1,1,0.8002037357414438,0.5515463917525774
BA,ESPMP,1.052612336011381,-0.6998281275930631,-0.11775017965774918,-3.154044397573842,-0.15568495318624853,-0.12215032373209944,0.12634481538452483,-0.861563806538475,-0.08410481476252042,0.18070043333383234,0.6113055811667938,-0.05371303786212769,-0.9421797884088235,15.197047434424801,0.9373352244557505,-0.01015358389392238,-1.2322227288268877,-1.186074078622341e-05,0.5360824742268041,0.8002037357414438,0.9630298131633002,0.8778496762679006,0.9839939363943482,0.7610319252352276,-1,1,0.8002037357414438,0.5360824742268041
BA,StockNet,-0.5993258437166035,-1.0859466003860136,-1.2595169069491172,-2.217908278927541,-0.21757025662404783,-0.17211534292380526,0.2399118673499393,-0.6063199586924115,0.008194445983258383,0.35883736549471246,0.7969153746711116,-0.059989221009867325,0.1909191819367648,6.770131527992975,1.206142188691412,-0.020914546042125837,-0.9068757582829213,2.194344743619932e-06,0.4948453608247423,0.8002037357414438,0.8565231263099577,0.8278846570761947,0.7304405760405006,0.6556908297338843,1,1,0.8002037357414438,0.4948453608247423
BAC,StockNet,-1.8844363568037892,2.096277381018186,-3.004451000302868,0.9233240523085685,0.05553958487102428,0.06075977135819022,0.1910445595890926,0.3656136020610898,-0.05813072520530865,0.15190787366205338,1.0905811585598526,0.03118883243133582,0.4899119112000033,3.5476081765694105,1.00796137382047,-0.021928338311714844,0.29071534405628385,-8.764570137573325e-06,0.5309090909090909,1.799108797119935,0.6254270416181357,1.0607597713581902,0.3976327500178107,1.0820030804424794,-1,-1,1.799108797119935,0.5309090909090909
BAC,Transformer,-3.680531974721331,0.2211087702467861,-4.701103562744381,0.6424676769874724,0.026145941842999676,0.028566055296338044,0.10125882720452314,0.2676712696049525,0.012963202127764728,0.09767929849769696,1.1117287320499394,0.015687984950973684,0.3622835757358484,10.378079190734221,1.1117287320499396,-0.007802539090973298,0.25820901312820815,1.0359418805416373e-06,0.6290909090909091,1.799108797119935,0.5880401073028303,1.028566055296338,0.3718223440161531,1.0462974479259084,1,-1,1.799108797119935,0.6290909090909091
BAC,ESPMP,0.30418401174586684,1.5998332279822571,2.0761907213597857,2.882024835041477,0.46371665334003254,0.5155080564548982,0.1812549472655716,5.985967584334874,-0.03179458622630435,0.07746728441255968,1.7355709456727177,0.16897938404311358,0.8591262329669151,5.56544537939163,1.388456756538174,-0.014128956201109193,2.5583668767981433,-4.548134001295584e-06,0.4727272727272727,1.799108797119935,1.2766124388121685,1.5155080564548982,1.6692589625042282,2.2169162264784417,1,-1,1.799108797119935,0.4727272727272727
BAC,SCL-DNN,-2.26427664495077,1.114322340421497,0.5528415148396505,2.9491788427781884,0.31219864657624385,0.34514588971440285,0.11246954631668787,4.00896289589551,0.050998614129159986,0.07787516489511082,2.5355964779527587,0.09484611305521205,0.2961844334052801,12.293344709888345,0.8674409003522595,0.0,2.775850501763079,4.526718860919326e-06,0.5927272727272728,1.799108797119935,1.005729874431231,1.3451458897144029,1.081446693380479,1.784390828457269,-1,-1,1.799108797119935,0.5927272727272728
BAC,LSTM,-2.1221058823077175,0.8714637968593651,-2.6079630247374053,1.580276594914156,0.09954957020304867,0.10911475410737848,0.19253980948872945,0.6622146014935397,-0.0024862276403772913,0.15032826213515593,1.2307191318401705,0.04753402159780861,5.721201723009753,68.76658959451927,1.1213218756765997,-0.014663792795499248,0.5170337005494747,-3.777910222246043e-07,0.6254545454545455,1.799108797119935,0.683747164011376,1.1091147541073785,0.4784797611977741,1.1869138842352145,1,-1,1.799108797119935,0.6254545454545455
BAC,Triviews,0.6176939481744539,1.612306546801244,2.4979791039070673,2.9952009558515558,0.5606365743738526,0.6282139601479548,0.18847846218601755,3.1232347481246143,-0.032109463244926924,0.17950510274979936,1.8670998169748836,0.17855325465520636,0.9164787545654416,6.1987527051982925,1.2283551427466337,-0.013212948753253184,2.9745392013042644,-4.759015999851353e-06,0.463768115942029,1.813490417980885,1.4618663951764184,1.6282139601479548,2.168405221122957,2.551026658250071,1,1,1.813490417980885,0.463768115942029
BAC,DUAL-DNN,-4.364433241999875,0.9467723658000857,-3.8250812986708262,1.9529116564363576,0.17278508388562086,0.18996993573747822,0.11346270651942189,2.218744372719379,0.004803489393496695,0.07787516489511082,1.7557976661406467,0.05641888151785495,-0.025554945001447123,13.082163057098391,0.768161478936533,-0.0005045483062121987,1.5228359095774302,4.301304417351845e-07,0.5963636363636363,1.799108797119935,0.7870721605196291,1.1899699357374782,0.6621565470466425,1.3962647132354145,1,-1,1.799108797119935,0.5963636363636363
BAC,CE-DNN,-5.369443064262667,1.3085591655722744,-6.043464085278726,2.3823757796577434,0.1417459739191249,0.15564340964200873,0.1079977858102702,1.8201691657416195,-0.01564241577065011,0.07787516489511082,1.7045467617352519,0.04810485820177549,0.4089110710156836,16.463230333656654,0.883839061640501,-0.0012608069164265921,1.312489629816516,-1.3332416787712919e-06,0.6327272727272727,1.799108797119935,0.7423184703376084,1.1556434096420087,0.59065784725653,1.3187285630941714,-1,-1,1.799108797119935,0.6327272727272727
BBL,SCL-DNN,0.2617842836423831,1.469175405003002,2.718512329452506,4.436886486916305,0.3337695446907061,0.23403885903589394,0.2008976796463644,2.960461835294483,0.04757043546888878,0.11274239063362401,1.693341364016245,0.07491037450544949,0.7605179444957428,13.536319687363319,1.354673091212996,-0.01039593856926615,1.6613907401928831,1.1242096408817719e-05,0.5815217391304348,1.1455353248730065,1.3293801356841035,1.234038859035894,1.8575212091169608,1.4794438813481994,1,-1,1.1455353248730065,0.5815217391304348
BBL,LSTM,-1.6282851553988626,-0.872491731611197,-2.985755052611316,-2.194371671401021,-0.3180892508652401,-0.24387306465866265,0.29479726923357114,-0.7659226691608899,-0.028598623804392178,0.4153020450664089,0.7796797717299238,-0.07800711245966331,-0.5975671113293947,2.654084225852039,0.8576477489029163,-0.036581849110131716,-1.0790101675372523,-9.917537442274878e-06,0.5,1.1455353248730065,0.4990923718673306,0.7561269353413373,0.2433702710603216,0.5355072665242222,1,-1,1.1455353248730065,0.5
BBL,Transformer,-0.9258310966491142,0.5243120545668831,-2.1165050120766002,-0.6140510254310091,-0.02710492839342038,-0.019864119065334362,0.19354757074723627,-0.11845713367865848,-0.05566196697331494,0.2288163452185883,0.9849645829648979,-0.0019345930610354485,-0.8042378317436353,10.265513657795573,0.9028842010511564,-0.013578812885300263,-0.14004272070569204,-1.2673061185923829e-05,0.5597826086956522,1.1455353248730065,0.8386178271735719,0.9801358809346656,0.7408955037592306,0.9343510651687452,-1,-1,1.1455353248730065,0.5597826086956522
BBL,CE-DNN,0.3614062456756467,1.2025387663275786,1.5481339387686612,2.4541238709647404,0.2637327656919779,0.18638177157344238,0.23810947454110618,2.217714867677151,0.0016782876190645068,0.11892095306562711,1.3783514678118116,0.05846760817853879,0.051281309677365126,8.413395031677263,1.1695103363251733,-0.021384793075236976,1.107611388418096,4.70087090686687e-07,0.5869565217391305,1.1455353248730065,1.2286846833621416,1.1863817715734424,1.5483104159490846,1.3507053595777203,-1,-1,1.1455353248730065,0.5869565217391305
BBL,Triviews,1.2264767684478473,1.6199117690054683,2.653339936547688,3.2121341347515564,0.9234578173139547,0.6122242118187595,0.20919052444159658,18.700973276796816,-0.033463232171870666,0.04938020089359374,2.8626922944686406,0.27413646120399826,2.0688828081028037,7.959702939873315,1.6997235498407552,-0.012823587055464958,4.414434256900449,-8.234650151132298e-06,0.5706521739130435,1.1222452815972876,2.316130842158762,1.6122242118187595,5.613787709345158,2.520090083628975,-1,-1,1.1222452815972876,0.5706521739130435
BBL,StockNet,-2.155247436213883,-1.1402108867891265,-3.6472763297624606,-2.5267474274292785,-0.2694913392856657,-0.20489428925361297,0.18055119943232065,-1.0287252863751832,-0.015118244606893526,0.2619662827918282,0.5671882681853367,-0.07547772078608095,-1.149277615414644,11.276334504278793,0.7877614835907455,-0.020674420498846945,-1.492603428462319,-3.210975583868043e-06,0.592391304347826,1.1455353248730065,0.5518756842628151,0.795105710746387,0.3228096895381708,0.6167439337555288,-1,-1,1.1455353248730065,0.592391304347826
BBL,ESPMP,0.6897825540789267,1.748686370690388,2.7626366165234764,3.385915760774606,0.29441666836927993,0.2073463685516137,0.2553579824895904,1.7012671475539018,0.0011268925935778717,0.1730572819163616,1.3613659139459418,0.05887628412858954,-0.4266906646303284,7.120080225512769,0.8548111552683821,-0.023120104160930945,1.152956588624684,3.385066622373398e-07,0.4673913043478261,1.1455353248730065,1.272492625940073,1.2073463685516137,1.637960164427786,1.3892591733371176,1,-1,1.1455353248730065,0.4673913043478261
BBL,DUAL-DNN,-2.4811325423669124,-0.8672929682330514,-2.3856869528120397,-0.9101548124791304,-0.03079623469675319,-0.022580810235255155,0.28329074388167924,-0.1383085250826861,0.03963954982643463,0.22266331506566228,1.007289720917913,0.0018679437853293956,-0.4719101371653002,4.6077615744045985,0.9429946323486844,-0.03219287144454479,-0.10870893370810489,1.3209803460402756e-05,0.5108695652173914,1.1455353248730065,0.8339753927940013,0.9774191897647448,0.6877937980330057,0.9002450314275319,1,-1,1.1455353248730065,0.5108695652173914
BHP,StockNet,-0.8270562483383243,0.28248118915068243,-1.7944176878368698,-0.8511504840107961,-0.11973143668373987,-0.09351110242492,0.2900929479860161,-0.30042999403821025,-0.07596026636632135,0.3985335654219392,0.9343030470147909,-0.01903157398152498,-0.4720873951810247,4.307770379117944,0.8650954139025842,-0.03240667105396028,-0.41273473731430216,-2.4595586395477397e-05,0.5360824742268041,1.0740275484132005,0.7650847714669153,0.90648889757508,0.5741344083383297,0.7692939246950927,-1,-1,1.0740275484132005,0.5360824742268041
BHP,ESPMP,0.19945196113784075,1.9779901602657703,1.3594566979186802,1.238260408355458,0.10971967447671949,0.08344545820864879,0.18263636544057138,0.852117336046708,-0.0969007533003787,0.1287612278676904,1.2616675726346271,0.03195611538855695,0.7183034880790006,14.872495888402968,1.2068124607809476,-0.01343345668983275,0.6007548070289512,-1.9753676625100853e-05,0.5618556701030928,1.0740275484132005,1.0929459515700828,1.0834454582086488,1.271140383175532,1.1446751985834058,-1,-1,1.0740275484132005,0.5618556701030928
BHP,DUAL-DNN,0.6500299581097638,3.3963231820670634,1.733349735616002,3.093574999895017,0.18578535503614035,0.1401787336584699,0.17740619729157497,2.421771688682162,-0.10768268208450121,0.0767146448628433,1.4194326715335959,0.06336324956480341,1.679487678425813,12.83530627150326,1.3668610911064258,-0.013437500284608812,1.0472314827355995,-2.132299385726234e-05,0.5927835051546392,1.0740275484132005,1.210404283025793,1.14017873365847,1.5650647619422815,1.270140229308259,-1,-1,1.0740275484132005,0.5927835051546392
BHP,LSTM,-1.5648111756593117,0.5529758809621819,0.5644272740824108,1.4308833724773946,0.05156062166052844,0.0394628116147977,0.11768174709403356,0.7022895281790815,0.017629244172190903,0.0734178990169716,1.331222054061697,0.009280939947700809,-2.4788405065715575,38.786110911781776,0.739567807812054,0.0,0.4381360995544104,2.31566819635871e-06,0.6237113402061856,1.0740275484132005,1.0060104494772757,1.0394628116147977,1.107881264766741,1.0686417176089609,-1,-1,1.0740275484132005,0.6237113402061856
BHP,Triviews,0.5865567218948778,1.6167433270344813,2.0664549155478347,2.771896986466692,0.34219316533001853,0.25575374515841776,0.15575046905124182,6.016720037800634,-0.04187309824255911,0.056873705803187846,2.1146677685866493,0.11669044073266911,2.5685747006280337,18.503917244081016,1.4379740826389216,-0.007425617835055486,2.1970602555131773,-7.24239653970752e-06,0.6,1.0425973852813852,1.5124893758042577,1.2557537451584178,2.467294297763892,1.548891959113388,-1,-1,1.0425973852813852,0.6
BHP,SCL-DNN,0.38667844651135125,1.540149355577192,1.128866586920985,0.8899965903690868,0.11547371577892562,0.08776770200671802,0.18539829345186562,0.6992553056822861,-0.11060320698914582,0.16513813315474835,1.2689666820632426,0.032145122298636156,0.6354807671108351,14.854670358020327,1.1279703840562159,-0.011626142722609,0.6228413089946035,-2.2887954569825223e-05,0.5412371134020618,1.0740275484132005,1.1016836349096677,1.087767702006718,1.2894388965154064,1.1528847605104535,-1,-1,1.0740275484132005,0.5412371134020618
BHP,CE-DNN,-2.1041232271487624,0.742352783635265,-3.057322370093618,-0.7370306438162331,-0.06165623909407303,-0.04781112196709281,0.15253159587831597,-0.28373104530523313,-0.13613653437041073,0.21730522660198948,0.8714014825920894,-0.010218983779424864,-3.002050951260544,22.27326165574807,0.7469155565075052,-0.007581834471603632,-0.4042194585262196,-2.3177577158058124e-05,0.6030927835051546,1.0740275484132005,0.8441716981925624,0.9521888780329072,0.7678616864703605,0.8896660423138218,-1,-1,1.0740275484132005,0.6030927835051546
BHP,Transformer,0.8939228781330447,1.2133843908928004,-0.4571978641996409,-0.18887669687316405,0.02927465127157136,0.022461806989692468,0.3715132957351891,0.057721428423800895,-0.1061554314128134,0.5071712892590203,1.0466747544779653,0.022789945707432712,-0.21945770494909764,1.2048178748897027,0.9158404101682196,-0.03959940641407884,0.07879839458676612,-4.4020007413810846e-05,0.36082474226804123,1.0740275484132005,0.9733718174149,1.0224618069896925,0.85624959837045,0.9394760334411664,-1,-1,1.0740275484132005,0.36082474226804123
BP,CE-DNN,-1.2466773887018563,0.6646765282237843,1.131856097403589,2.68349347017763,0.2940410920203136,0.28480849351765625,0.3226675002266572,1.799890780178284,0.04041764242279399,0.16336607490771637,1.3083145081697056,0.079172023821006,2.67459585971355,20.365207724550803,1.4510397272427644,-0.024792234491648156,0.9112820219382645,1.1544983548428492e-05,0.46530612244897956,1.500834752411505,1.0998764936397902,1.2848084935176562,1.2292455246229312,1.505595872509608,1,-1,1.500834752411505,0.46530612244897956
BP,StockNet,-1.989151554909475,-1.7590292988849219,-2.898749219281426,-3.2205495216370292,-0.29042233303646803,-0.28362762713781176,0.2241711918151279,-0.8603194717213231,0.006232614670425771,0.33757498531957253,0.6828850373508906,-0.07791069262650599,-0.7574137365002467,6.755486328115347,0.8734576059139298,-0.024510587605020034,-1.2955381585158225,1.236850459872301e-06,0.5183673469387755,1.500834752411505,0.341935963153587,0.7163723728621882,0.1290718060583109,0.4878707613269017,1,-1,1.500834752411505,0.5183673469387755
BP,LSTM,-1.5723808546953981,0.8111878678155978,-0.8049362549827258,2.1032172091249763,0.13116709610098054,0.12730104382254281,0.1341077447461954,1.901589958348466,0.022459238955210962,0.06897759189625685,1.6805956883345299,0.03877177863869185,3.0724302088553466,32.76219067664903,1.4565162632232591,-0.0003099927060539075,0.978072492004245,2.666342968945206e-06,0.6448979591836734,1.500834752411505,0.8467338868329725,1.1273010438225428,0.8471433640768639,1.2498777997260293,-1,-1,1.500834752411505,0.6448979591836734
BP,SCL-DNN,-1.2778868863161774,1.0157503133672565,-0.2423458412533814,2.329793834674425,0.2162432220097661,0.2096472830308609,0.32701266694266323,1.1569201073676922,0.008973996285466223,0.18691283921218915,1.2248629874869352,0.0599613006189435,2.333559668394913,19.38621877331564,1.263139955845902,-0.024482419455427916,0.6612686414611612,2.5978709733741224e-06,0.4775510204081633,1.500834752411505,0.9749551354623393,1.2096472830308609,0.9586753075461436,1.3296118232683447,1,-1,1.500834752411505,0.4775510204081633
BP,Triviews,1.5634072669835213,1.7627064508121553,3.7775658345572727,3.4699809369913566,0.9235987585003476,0.8938686604165675,0.37139464081787094,4.631706620870821,-0.03260920681363752,0.19940787146114602,1.841250719390122,0.1995039947669033,3.293875444015329,18.03851398058573,1.841250719390122,-0.02450637092013892,2.4868392189678183,-1.0677873113784232e-05,0.516260162601626,1.505298382598996,2.382742547504311,1.8938686604165675,5.482419881025312,3.1890488476411663,-1,1,1.505298382598996,0.516260162601626
BP,Transformer,-1.7506227971529862,0.3710521327272861,-1.9280173128280813,1.8664857646252628,0.023018604800023823,0.022372100190102495,0.058220489344164884,0.6812154712128085,0.027778832109085508,0.03379049034080572,1.4005120486898741,0.011253227888102891,2.958039949917919,45.47622059298258,1.4005120486898741,0.0,0.39536948348117673,1.4317162388600904e-06,0.6285714285714286,1.500834752411505,0.6964422362739457,1.0223721001901025,0.5886718428141416,1.041899259146513,-1,-1,1.500834752411505,0.6285714285714286
BP,DUAL-DNN,-1.9913147339023713,-0.7237999658515152,-1.9645607078134217,-0.12603508535674884,0.03428540377616618,0.03331734198586078,0.2843384254127207,0.1815512770911547,0.037562974901520226,0.18884694354946285,1.0721790659933883,0.016779408710645864,1.3447208708773544,17.265572796162168,1.000700461593829,-0.02519750383513652,0.12057956544705661,9.455024329208204e-06,0.5061224489795918,1.500834752411505,0.7114339053870515,1.0333173419858608,0.531444510947781,0.9899609425379354,1,-1,1.500834752411505,0.5061224489795918
BP,ESPMP,1.9336350408368863,1.8885904371698918,2.7882122196090307,2.627084733726586,0.5335259688366798,0.5154201153410571,0.40478940211602854,3.6009163431839433,-0.05466369615326381,0.1481639443933691,1.3624852346338492,0.128175867547881,2.38444809998211,12.742324426490697,1.379952994052232,-0.02795294703471084,1.3180334417049542,-1.958823221412152e-05,0.4122448979591837,1.500834752411505,1.5301472212649316,1.5154201153410571,2.149236274717357,1.990816257179324,1,-1,1.500834752411505,0.4122448979591837
BRK-A,CE-DNN,1.20923726582499,0.8105772960632303,2.198228333200264,1.9745105587779685,1.2339557009341928,0.0795560507147095,0.21764418436936497,69.00848827303672,0.08141567198403006,0.017881216236065978,4.535476641670121,0.3583550527465184,2.454644606441373,6.5743949581412995,3.0236510944467474,-0.00394030018656214,5.66960107162818,0.0001514131936598476,0.4166666666666667,1.0135027799841143,1.14991422781594,1.0795560507147095,1.324614798047663,1.160684702766354,-1,-1,1.0135027799841143,0.4166666666666667
BRK-A,DUAL-DNN,0.8339892181865747,0.508942957485671,1.9636009247359192,1.7529254610943554,1.101014123495493,0.07326636962275912,0.2251390000892164,39.75395567448247,0.17028942765081753,0.02769571240937463,3.6089765141276997,0.24699589449608855,2.085117801572419,6.007805733204632,3.6089765141277,-0.0034138214903589254,4.890374937523892,0.00032760238877637543,0.5416666666666666,1.0135027799841143,1.1365540607409796,1.0732663696227591,1.2933175950003362,1.1468907563454591,-1,-1,1.0135027799841143,0.5416666666666666
BRK-A,ESPMP,0.7594758433316476,0.359218609888571,1.0571989203813523,1.121364438082433,0.3559286838559139,0.029423280254544437,0.18655418105607818,14.8217189674568,0.07405953610365705,0.024013994910941583,1.9605696786336664,0.11395255963741154,2.6498088434184024,12.703678523188929,1.9605696786336666,-0.004276979134599124,1.907910516081769,0.0001180577808307196,0.4583333333333333,1.0135027799841143,1.0455938660046262,1.0294232802545444,1.097786789869494,1.0566434364237756,1,-1,1.0135027799841143,0.4583333333333333
BRK-A,Transformer,0.5924082966443733,,-0.3460154702074926,,0.0,0.0,0.0,,,0.0,,,0.0,0.0,,0.0,,0.0,0.5416666666666666,1.0135027799841143,0.9866771159874602,1.0,0.9832434932766732,1.0,-1,-1,1.0135027799841143,0.5416666666666666
BRK-A,StockNet,-0.5760087063226224,-0.5760087063226224,0.3755653902470422,0.3755653902470422,0.15122951362715753,0.013502779984114088,0.33388049196490166,2.3176302178473014,0.15890108463384564,0.0652517871326449,1.1252401756443042,0.04727179184077386,-0.39676545673416436,3.126639732237888,1.2275347370665137,-0.023409533046367725,0.4529450425125621,0.0004533426171815488,0.4583333333333333,1.0135027799841143,1.013502779984114,1.013502779984114,1.0170420723227829,1.0170420723227829,1,-1,1.0135027799841143,0.4583333333333333
BRK-A,Triviews,1.4050118083552203,1.0380921516442645,2.306401204686256,2.14566473979075,1.6059951420900833,0.09551047240565325,0.20638248306915766,188.17805127184567,0.01840306991965459,0.00853444453928387,13.035242517059856,5.667199248590853,2.931110700911491,7.822066534237125,8.690161678039905,-0.0030301105323336515,7.781644634791621,3.2454262951675426e-05,0.5,1.0135027799841143,1.1841538265630291,1.0955104724056532,1.4055717308907718,1.1956276953899452,-1,-1,1.0135027799841143,0.5
BRK-A,LSTM,1.063955169433896,1.2638125740085917,0.3085288010545067,2.022100118413747,0.08607386280579665,0.007894736842105177,0.026132081891085686,inf,-0.09642365197998372,0.0,,,4.795831523312718,22.999999999999993,,0.0,3.2938004390365325,-2.1531100478468666e-05,0.5,1.0135027799841143,1.0023177248413055,1.0078947368421052,1.0145384177579715,1.0157894736842104,-1,-1,1.0135027799841143,0.5
BRK-A,SCL-DNN,1.3715466200468516,0.9998058212791198,2.3337819202891463,2.152666482644972,1.589779876643738,0.09485943897806881,0.20659664116902396,316.6461296841206,0.03936452262554955,0.005020683114711266,12.1081912352742,1.7779325378877713,2.9266989873865885,7.804778148634169,12.1081912352742,-0.0034138214903589145,7.695090625133075,6.949233214597697e-05,0.4583333333333333,1.0135027799841143,1.1827468210182517,1.0948594389780688,1.4022252236235384,1.1942035200489742,-1,-1,1.0135027799841143,0.4583333333333333
CCI,ESPMP,0.5755936114526788,0.8172808369886733,1.0837416259955086,2.3813666843931145,0.24992380995188146,0.12097298403090351,0.10386904573612085,10.85339650349933,0.0730214905009703,0.023027244040269013,2.765001987820266,0.10100992831680812,2.52282056029663,20.283827393379113,0.8507698424062357,0.0,2.406143314215214,1.2682181525506176e-05,0.6046511627906976,1.19868945409858,1.04829522494807,1.1209729840309035,1.1554734964009394,1.2498686123400669,-1,-1,1.19868945409858,0.6046511627906976
CCI,SCL-DNN,0.1951709185900548,0.7203161222310281,0.6064702356006638,2.5029769916318356,0.20612145117602543,0.10068858304648032,0.09001210693814941,6.150555273098129,0.09484959131495227,0.03351265731690578,2.654105607740691,0.10644233378525092,2.6929618101756114,16.33595026846747,1.4476939678585588,0.0,2.289930301461102,1.4275572087201953e-05,0.5891472868217055,1.19868945409858,1.0106999379250687,1.1006885830464803,1.0769428070612508,1.206648250813375,-1,-1,1.19868945409858,0.5891472868217055
CCI,Triviews,1.2191657152420488,1.2244379534272902,2.008119595514208,2.823421977007951,0.6887695140851995,0.30765856103366107,0.13578231872130772,15.666277519396838,0.03563622947637048,0.04396510359480199,3.863065621427138,0.2172176780652098,1.4475703695466018,6.594068670067221,1.0816583739995986,-0.00016145643629145154,5.072600914253749,8.090811770746293e-06,0.5736434108527132,1.258499282063506,1.3587380911659022,1.307658561033661,1.9275717889417197,1.6937158375194188,-1,-1,1.258499282063506,0.5736434108527132
CCI,StockNet,-0.6099180288891971,,-2.0576180652944425,,0.0,0.0,0.0,,,0.0,,,0.0,0.0,,0.0,,0.0,0.627906976744186,1.19868945409858,0.8342444296817518,1.0,0.739658520728252,1.0,-1,-1,1.19868945409858,0.627906976744186
CCI,Transformer,0.13564085101672793,0.6404973857479367,0.012125140896767325,2.0512719264126598,0.19237633817975763,0.0942495012223139,0.2378367281798835,1.1877939728890354,0.03164445104098311,0.16196103244390647,1.2557325000212698,0.04913840931268777,-0.03975368461255726,9.104818732394223,0.8633160937646229,-0.02089082795030376,0.8088588320734772,1.2584431985545229e-05,0.5193798449612403,1.19868945409858,0.9989092394457738,1.094249501222314,1.001209841808781,1.1634478535544024,1,-1,1.19868945409858,0.5193798449612403
CCI,LSTM,-1.4524597271749355,-1.5105180135287097,-2.802695109170022,-2.4852598238684243,-0.23979751813509564,-0.13094525922130995,0.19926719409973834,-1.1879217524420935,0.03681422496467772,0.2018630584397728,0.7040936225676726,-0.06882572372277031,-1.0725542492135511,6.57096024735478,0.7711501580503081,-0.0216053826023963,-1.2033968723174315,1.2266159210577247e-05,0.5736434108527132,1.19868945409858,0.6300682298384548,0.86905474077869,0.4046304985619358,0.7396285635903553,-1,-1,1.19868945409858,0.5736434108527132
CCI,DUAL-DNN,1.3778591325844969,1.31184541852709,2.451766385069847,3.0758732485138927,0.5448395650942659,0.2493677852920213,0.1139845922651442,18.397780135249814,0.04475205942229641,0.02961441875535642,3.608617276675664,0.25155823124386667,1.517829569145355,5.736814975074717,1.4762525222764078,-0.002596425928045302,4.779940466224526,8.529357262454804e-06,0.6201550387596899,1.19868945409858,1.302188700825194,1.2493677852920213,1.7779998707857565,1.5504230994832586,-1,-1,1.19868945409858,0.6201550387596899
CCI,CE-DNN,0.24597898328538945,0.6729689012207445,1.102667370010447,2.6126085690664658,0.24738585161044413,0.11980724688326494,0.1422886522707269,4.819098250515411,0.08126297747892812,0.05133446938625619,1.8131580573648787,0.06754892436691312,0.24614708312498368,13.644139358334636,0.8532508505246488,-0.008465973497600844,1.738619683738047,1.9333929324644012e-05,0.5891472868217055,1.19868945409858,1.0461160443888828,1.119807246883265,1.1394471725072566,1.2411705584455883,-1,-1,1.19868945409858,0.5891472868217055
CHTR,Triviews,-0.2395249075355461,1.7860037601617795,1.3936725572280664,2.591307391596091,0.29059987024417766,0.19381937508104352,0.21471791186611905,2.1953281937395297,-0.04009309511261001,0.1323719483368766,1.464847699465215,0.08298033113160362,0.9851177313412458,7.947436463517773,1.262799740918289,-0.018382151293937943,1.3534030194247257,-1.0643173549232771e-05,0.6,1.3056523231771269,1.0915652467502623,1.1938193750810435,1.2191047562609862,1.3816568031815797,1,-1,1.3056523231771269,0.6
CHTR,ESPMP,1.7610660680578634,2.7673913085468835,1.7851493121867759,2.6109251999104632,0.33812734385814314,0.2241804741426947,0.24447745023584458,1.9803533425783806,-0.11650730359086307,0.1707409160720319,1.3977449967709128,0.08592536245347825,0.4538387962716628,5.844864880989377,1.223026872174549,-0.024769168680185215,1.383061478806964,-3.5214801385968475e-05,0.5371428571428571,1.2711266263722851,1.1789681705820227,1.2241804741426947,1.3950006859720208,1.4388143825733537,-1,-1,1.2711266263722851,0.5371428571428571
CHTR,CE-DNN,-0.3347919703641026,1.5065033539076382,0.08363736172576573,1.4864279944204495,0.18009108696805698,0.12186691502201219,0.19607805187524982,1.3858320733286424,-0.0731198762432014,0.12995159401636203,1.3726285947508476,0.050550544067797784,1.354502058926658,12.47956009676479,1.2079131633807458,-0.01641372432892975,0.9184663211700809,-1.7725468207969286e-05,0.5885714285714285,1.2711266263722851,0.9901337513579814,1.1218669150220122,1.0139269957420567,1.2266506773353023,1,-1,1.2711266263722851,0.5885714285714285
CHTR,StockNet,2.387469677309479,2.3539092009974043,3.045135639694445,2.3835298804120235,0.4898784558045235,0.3189964874031428,0.34264056056656067,1.3057698965254227,-0.08482765802304609,0.3751644582311642,1.260219175877957,0.12046646759790307,-0.16129219912999412,1.3751864105698943,1.0863958412741008,-0.03237173139624251,1.4297153115629482,-3.593432847835331e-05,0.3028571428571429,1.2711266263722851,1.3686690984886158,1.3189964874031428,1.7331041349227336,1.603724962013002,-1,-1,1.2711266263722851,0.3028571428571429
CHTR,Transformer,0.4105029648464457,1.5872451054230792,-0.7346058228480367,0.6826166614884174,0.14711928821188014,0.10000548015718969,0.29714806811027555,0.40242419128365703,-0.08757350651970616,0.365582615057503,1.1310722568377327,0.04316210839045412,-0.52065913665422,2.8487553154603575,0.9015793351605116,-0.0318795115388513,0.49510430657513893,-3.217206483658917e-05,0.4685714285714286,1.2711266263722851,0.9519209426279924,1.1000054801571897,0.8714625504614482,1.1372132843551204,1,-1,1.2711266263722851,0.4685714285714286
CHTR,DUAL-DNN,-2.105725125186735,0.6812599534500537,-3.7511633348755375,-1.2354772003264154,-0.06549416695277555,-0.045950639403152804,0.20815485996194816,-0.3325604870303337,-0.081667229141921,0.19693911185185886,0.9313660129588978,-0.011999356664219345,0.6797240680716253,11.502709565045807,1.1743310598177406,-0.02141020856879367,-0.314641546033315,-2.1016851741091902e-05,0.6057142857142858,1.2711266263722851,0.7160657038968145,0.9540493605968472,0.5262878660205073,0.8837496166416414,1,-1,1.2711266263722851,0.6057142857142858
CHTR,LSTM,1.4853591626060025,2.1174123805341893,2.1102889145028647,2.251302960953428,0.41508687511005604,0.2726544140327547,0.30108595213385486,1.8234219354971375,-0.07883108057770544,0.22764170323358912,1.289682550604587,0.09819651744177381,-0.4089804478261146,2.55639625527613,0.9990498631443984,-0.027954769763240166,1.3786324873952251,-2.9344131302766656e-05,0.38285714285714284,1.2711266263722851,1.2741840379659342,1.2726544140327547,1.5569868416600998,1.5200575506002076,-1,-1,1.2711266263722851,0.38285714285714284
CHTR,SCL-DNN,-2.3769179668000215,0.776804531942197,-3.099723331910353,-0.1475539177925542,0.008326134520197481,0.005774709352746488,0.1928039637334766,0.06519052905149972,-0.05224618090211098,0.12772000229695846,1.0485222507713428,0.007364702832469485,1.3060811375091266,13.619669056075073,1.153374475848477,-0.02002894802085422,0.043184457201861,-1.245385464317829e-05,0.6285714285714286,1.2711266263722851,0.7958158888234398,1.0057747093527465,0.6560482487053286,0.986700731330979,1,-1,1.2711266263722851,0.6285714285714286
COP,LSTM,2.936937697319864,2.4251116487969244,3.9534241146993216,3.462843416298312,1.5443479886192377,1.353848281560459,0.34865475815325947,4.353043511223538,-0.12428994642917036,0.35477430552610256,1.828009101890872,0.2715083917342,0.7840375274139776,3.1480888561662326,1.204824180791711,-0.03122876384130756,4.429447619757947,-4.0671659509492825e-05,0.41125541125541126,2.2309621435286746,2.483503249338715,2.353848281560459,5.941813790992225,4.969381526686091,1,-1,2.2309621435286746,0.41125541125541126
COP,ESPMP,-0.740689805688678,2.15977046574422,-0.03520369517384383,3.4527989758661906,0.5098878971953067,0.45892392137616556,0.2259740757768056,3.489591301254657,-0.05591661069628832,0.14611679511350806,1.7598830754289903,0.13427248213823312,1.2805898198552415,7.467123648266269,1.2278254014620862,-0.018088781500492916,2.2563999673082966,-1.1859319078433286e-05,0.5714285714285714,2.2309621435286746,0.954054292018178,1.4589239213761656,0.9956821215257976,2.0342446242000483,-1,-1,2.2309621435286746,0.5714285714285714
COP,CE-DNN,-1.6464673468908178,2.4150906305663504,-2.327210200479357,3.463398891161237,0.23689436138747522,0.2151733196013521,0.23865652420975617,1.6415137750665223,-0.0371260579773359,0.14431457413622684,1.3589045877816692,0.0596606042346177,0.6818558557665411,7.312133332746773,1.0191784408362519,-0.02300305594192381,0.9926163224403111,-8.315961032657877e-06,0.5887445887445888,2.2309621435286746,0.6618876079785839,1.215173319601352,0.4737484518681642,1.4031907863657669,-1,-1,2.2309621435286746,0.5887445887445888
COP,SCL-DNN,-1.1801229197860168,2.486845460597166,-2.1980779299962743,1.9532398797881834,0.17124698504488878,0.15592000195737143,0.25897076729140467,0.8331074594034416,-0.0662023116786069,0.2055520966857176,1.2260647454699845,0.05702917740471017,0.7612652994683975,6.081460688034226,1.0002107134097242,-0.029202885532226937,0.661259905262568,-1.6091042944910864e-05,0.6320346320346321,2.2309621435286746,0.5989124713751384,1.1559200019573714,0.3811498870533666,1.2586086731843091,-1,-1,2.2309621435286746,0.6320346320346321
COP,DUAL-DNN,-0.6639043125216239,2.815155517250594,-1.6817621742291913,3.1733792653026933,0.3290033487125301,0.29787311313641873,0.26867986761502993,1.5789608772215384,-0.07997911203007882,0.20836700481868164,1.3556740148946977,0.09068799800746377,0.7834558362127065,5.167452176130518,1.1343394818506656,-0.02369687954338837,1.2245180542664735,-2.0168425698928278e-05,0.5411255411255411,2.2309621435286746,0.7550440166313701,1.2978731131364187,0.6003795787340704,1.5796314737612744,-1,-1,2.2309621435286746,0.5411255411255411
COP,Triviews,1.9039061378771869,1.9809057363355076,2.9165105711715493,3.2016429460989726,1.6428129133107978,1.4466344426846778,0.2985027564394731,9.821728987854243,-0.12587083408475797,0.16726310768117658,2.2958462635510997,0.29907223035499053,1.0768824121116067,3.5235625620778475,1.3904421032774266,-0.023584083476445472,5.503510027532721,-3.511315754044986e-05,0.4353448275862069,2.24093410445808,2.6712164736225272,2.446634442684678,7.276009159191597,5.522742130533231,1,1,2.24093410445808,0.4353448275862069
COP,StockNet,-1.3029117236528311,2.03247095036349,-2.7405808312872333,2.0783678790775735,0.2755825513022565,0.24996980598085705,0.2112554769850011,1.8318510902624634,-0.09904669315106161,0.1504393849299026,1.5823176455492094,0.0711277954550846,1.3865577531588866,10.527244356339398,1.3071319680623905,-0.01695957663970303,1.3044989660638362,-1.963849730559894e-05,0.6406926406926406,2.2309621435286746,0.7003366329616715,1.249969805980857,0.5428657169524024,1.5020660508360382,-1,-1,2.2309621435286746,0.6406926406926406
COP,Transformer,2.075667711808048,2.2569284418615503,3.639200610498718,3.5402638613286483,0.8281953577287717,0.7385507992995746,0.2600225450575724,5.474286895862743,-0.08292749943477319,0.15128826338179135,2.18684338466646,0.15181290349726462,1.744727992022982,12.203813660267016,1.0478624551526785,-0.015707276016767434,3.185090575686037,-2.023810620258164e-05,0.5844155844155844,2.2309621435286746,1.3548230258019838,1.7385507992995746,1.952220610102568,2.848441268131307,-1,-1,2.2309621435286746,0.5844155844155844
COST,SCL-DNN,-1.8513276173548256,-1.6799853671680172,-3.409133212502467,0.5460557926809176,0.017874722469774618,0.018733824427475065,0.09235448243854903,0.1674006291347397,0.1326830104683465,0.10677810807620902,1.0933884371448108,0.010443262253934217,0.6888635785323189,16.033020016240165,0.8747107497158486,-0.0056753460380879915,0.1935447202756848,1.007148905447011e-05,0.6098484848484849,1.4647238722554892,0.7085421523406453,1.018733824427475,0.5144627416153472,1.0287116203876108,-1,-1,1.4647238722554892,0.6098484848484849
COST,StockNet,-0.7005163274154182,-0.08877564402487957,-2.3062213288805395,1.2544062351362322,0.033438723826538785,0.03505864299802108,0.12118574936368255,0.37257678721768667,0.0313734395310833,0.08974988505390014,1.1148608923118466,0.014364583144034269,-1.023350461045613,14.347217403239013,1.1148608923118466,-0.009855695082338054,0.27592950493038615,3.1248852641314496e-06,0.678030303030303,1.4647238722554892,0.7314323298323572,1.035058642998021,0.5409002931121711,1.0548125544995115,-1,-1,1.4647238722554892,0.678030303030303
COST,LSTM,0.8837435545085234,0.7275262186449294,2.7565785914033145,2.8381939225956776,0.3843058491850966,0.4059095786640119,0.1662677482163119,2.162130526941462,0.09751547797950436,0.1777440558728587,1.448705037525093,0.16117996789016611,-0.6184703605027773,3.0866633821444056,1.0546572673182677,-0.01600789685011187,2.3113673776655728,1.3326065956747699e-05,0.38636363636363635,1.4647238722554892,1.3494569050312035,1.405909578664012,1.7907666276990075,1.919270455395136,1,-1,1.4647238722554892,0.38636363636363635
COST,ESPMP,-1.3699967936036228,-2.174342423617588,-3.7357412234573166,-3.8183600042491994,-0.06589795065801585,-0.06892528914016516,0.06998251786339989,-0.7566746683819768,0.01893681443162012,0.08708888167080797,0.6644135089684977,-0.03023484334578839,-2.314703544387315,17.65716487097518,0.7034966565548798,-0.0037891307907784596,-0.941634463433328,1.0892231837416822e-06,0.6363636363636364,1.4647238722554892,0.5918522484840831,0.9310747108598348,0.3615458300008226,0.8623793729869554,-1,-1,1.4647238722554892,0.6363636363636364
COST,CE-DNN,-0.11293906091186591,0.9992353353092961,-2.5797846437768706,1.5630910288241888,0.05908616594167615,0.06198528644784873,0.09230155943538658,0.8520932160453683,-0.01208967952596131,0.0693423733801094,1.270334156045865,0.03204987593786343,0.5677815314350535,11.646777608183843,0.983484507906476,-0.00630802249246597,0.6401426617611803,-9.171581227361163e-07,0.6060606060606061,1.4647238722554892,0.7699831824922955,1.0619852864478487,0.6075498728432822,1.1179120795682471,-1,-1,1.4647238722554892,0.6060606060606061
COST,DUAL-DNN,-1.5658389716189487,-1.4578752152715002,-3.8073274599538505,-1.177837049442061,-0.02360178890371134,-0.02471168375802002,0.0789809175608848,-0.2591720619536271,0.06484487511535827,0.09106609997158699,0.8944423465524243,-0.010089925627283646,-0.231300546650785,19.30765315696715,0.724072375780534,-0.005495955229473668,-0.29882900367062964,4.209380865217926e-06,0.6553030303030303,1.4647238722554892,0.6493970077332102,0.97528831624198,0.434147793864272,0.94500799121578,-1,-1,1.4647238722554892,0.6553030303030303
COST,Transformer,1.9342979217220242,1.145910778200807,1.142120254442745,2.3393291406542036,0.26247460963969016,0.27656454667895325,0.15906579277827643,1.27071427358421,0.00400844600375876,0.20655674929923262,1.3438266187589585,0.12800980506945495,-0.11218004164668384,1.4871800385407168,0.9921710549715674,-0.01752120015476851,1.6501009114232148,5.240505988317068e-07,0.38257575757575757,1.4647238722554892,1.1125762832882915,1.2765645466789532,1.224384541783598,1.586995154386036,1,-1,1.4647238722554892,0.38257575757575757
COST,Triviews,-1.3942014785593695,0.20879084863022115,-2.24421074680654,3.217256233699618,0.1495618872310005,0.1578573520430715,0.12101951945511856,1.5572663156892905,0.11286399363866656,0.09604130374116526,1.5255874927300588,0.07860208645914298,2.6744820840223644,24.572024849789457,1.0297715575927897,-0.008833559194311835,1.235849290299547,1.1184036611256576e-05,0.6075471698113207,1.5315746372748826,0.8753302745111865,1.1578573520430715,0.7762116851209903,1.3209616263112876,-1,1,1.5315746372748826,0.6075471698113207
CSCO,DUAL-DNN,-1.6367437914014513,1.8519941090382583,-4.147968294901757,2.1263681580795764,0.11166760485614602,0.1168164266081495,0.08997027504296386,1.4279462803608345,-0.0876313552581843,0.07820154468831153,1.603767950501212,0.07366770309722295,1.9492543487283727,11.819124277627278,1.4701206212927775,-0.005342023875368701,1.2411610924032515,-6.504557746140616e-06,0.688212927756654,1.6273843480533052,0.7664316866718093,1.1168164266081495,0.6105759004551197,1.237041268183856,-1,-1,1.6273843480533052,0.688212927756654
CSCO,SCL-DNN,-1.7672621611405377,1.396754575441132,-3.6838087245015156,0.20277733808185155,0.008558149749315236,0.008933383556941621,0.07367137174032273,0.0885267926378687,-0.10190809402325339,0.09667299011185859,1.06616943444985,0.008295210912394319,1.533703187624537,15.04176532730333,1.266076203409197,-0.005467051899735759,0.11616655896514388,-6.193934845271047e-06,0.7072243346007605,1.6273843480533052,0.6255108534583959,1.0089333835569416,0.4088858523825925,1.0123143677488566,-1,-1,1.6273843480533052,0.7072243346007605
CSCO,LSTM,-3.229658130476468,-2.9722621546191506,-4.63623800541215,-3.1897024913813854,-0.05748255106221378,-0.059915026344954825,0.1439721254758478,-0.4201031548345011,0.05169358225042667,0.136829610539009,0.9035223787129297,-0.016775537782175293,-1.7660020855054779,25.878570181190405,1.0541094418317511,-0.012560381565998896,-0.39926166868917157,6.140083005786934e-06,0.6045627376425855,1.6273843480533052,0.5430553383097059,0.9400849736550452,0.2979875996686175,0.8641983937070491,-1,-1,1.6273843480533052,0.6045627376425855
CSCO,Transformer,2.2563748916494104,2.3235675460146528,2.0087553728269456,3.4144888631107615,0.3920579110480187,0.4123035736108185,0.21326034381836179,2.8628967821210995,-0.06687416573282413,0.1369444799744215,1.3894258875632794,0.13712618202810892,-0.18365187507048125,8.256935142560703,1.1657047700742769,-0.016398035770297196,1.8384004453352212,-1.1765968446548758e-05,0.3688212927756654,1.6273843480533052,1.2256486222322691,1.4123035736108185,1.4426699953836928,1.901506693527368,1,-1,1.6273843480533052,0.3688212927756654
CSCO,CE-DNN,0.5860826484126663,1.7293609788882007,0.5260095188576105,2.864689677677201,0.2814885064336299,0.29543774892706565,0.1381081958420617,2.635742959303812,-0.04256042339674536,0.10679664549231327,1.6905269245002152,0.11718506590767479,0.3373463703551136,10.128479952933448,1.1863346838598001,-0.01035530953605951,2.038173800746305,-4.849361820106358e-06,0.5779467680608364,1.6273843480533052,1.031200136189496,1.2954377489270656,1.07990063557713,1.6451528614758066,-1,-1,1.6273843480533052,0.5779467680608364
CSCO,StockNet,-2.266887337654483,,-3.6010290655564052,,0.0,0.0,0.0,,,0.0,,,0.0,0.0,,0.0,,0.0,0.7262357414448669,1.6273843480533052,0.6144829899563754,1.0,0.3989985178301666,1.0,-1,-1,1.6273843480533052,0.7262357414448669
CSCO,ESPMP,1.527613691347216,2.06604517617449,1.0938028481057946,3.078116550474535,0.3027803742407147,0.31790900937097555,0.12008315373391032,9.137779628733474,-0.08959387263646948,0.03313500506059819,2.3352915034221793,0.19967122776124344,3.8623407597863313,29.884850764231786,1.4134659099660558,-0.008460227712941287,2.5214225711596416,-8.876046964720024e-06,0.623574144486692,1.6273843480533052,1.0672857699896572,1.3179090093709755,1.169580806667878,1.7121013714477022,-1,-1,1.6273843480533052,0.623574144486692
CSCO,Triviews,2.2357994397721317,2.13220282590912,4.055087962313711,4.170581539099124,0.5197839851541963,0.55037994893868,0.20771847966480378,4.292946407174429,-0.02872806999470526,0.12107861031890044,1.5394055975995682,0.16691722194382866,-0.2945181271807929,9.17726520402101,1.2104727775996604,-0.014189665430740394,2.5023483033044243,-4.9045817185869485e-06,0.3939393939393939,1.6582836142079338,1.449497519891492,1.55037994893868,2.026181851323778,2.2959093718109806,-1,1,1.6582836142079338,0.3939393939393939
CVX,ESPMP,0.5357994427990234,2.8438676449323137,1.8934559346423674,4.5738251067563604,0.31167046642682306,0.3474532380566331,0.17419360772565723,2.9993739017720267,-0.04988221394463655,0.10391184181561641,1.966429205048349,0.11186906883003044,5.045781686012022,50.34431288135349,1.310952803365566,-0.00901810778361456,1.7892187348096165,-6.80829159220698e-06,0.6389891696750902,1.622665280810295,1.1189185164808948,1.347453238056633,1.309662072613425,1.7615337058821845,1,-1,1.622665280810295,0.6389891696750902
CVX,LSTM,2.412733362280866,2.9933470388846453,3.502551121023651,4.350213344818534,0.4708818489497839,0.528278731802347,0.24268569283767974,2.8179982928593446,-0.07510939053431433,0.16709798942851495,1.4555893717383155,0.1605877510672788,1.6695019291146935,12.053013757948985,1.0916920288037368,-0.022891736507078653,1.9402950517760151,-1.428231558496352e-05,0.4693140794223827,1.622665280810295,1.4393824220563043,1.528278731802347,2.0345856759425693,2.195580290614504,1,-1,1.622665280810295,0.4693140794223827
CVX,StockNet,-1.3918396087642935,2.153302569102557,-2.626114429115452,1.3891370295058723,0.08100930751073188,0.08939537667298336,0.19316737030031522,0.410954452097756,-0.05729689673053878,0.19712478377399778,1.157446380740149,0.036733486682729015,2.983601044613076,31.116759497333735,1.0747716392587097,-0.017377724606860184,0.41937366225355543,-8.672116060049147e-06,0.4620938628158845,1.622665280810295,0.7313783691260355,1.0893953766729834,0.5505769639957853,1.1421426532953265,-1,-1,1.622665280810295,0.4620938628158845
CVX,DUAL-DNN,3.1931302850999823,3.570419550536013,4.0715334110793595,4.923331233927561,0.6458052538260497,0.7291973443309896,0.24663341438638436,4.118070266602018,-0.10867323901375223,0.15682230074207282,1.937886221382812,0.19102358522348933,3.3121670003688233,22.183230270497464,1.2282377459468525,-0.018732721931558283,2.6184823959591665,-2.1000746856894826e-05,0.5703971119133574,1.622665280810295,1.8427235061985177,1.7291973443309896,3.3385645112593445,2.812491499443716,1,-1,1.622665280810295,0.5703971119133574
CVX,SCL-DNN,3.620314126728734,3.5943918524376226,4.252201199577434,4.691910119449355,0.6354377703697043,0.7172276595551768,0.25620342252109496,2.9141437556984484,-0.11724292855891953,0.21805299382610777,1.7323170953151716,0.20479705111877153,2.916736618846697,18.58772472476904,1.2314061279951218,-0.021017541870710532,2.4802079695769264,-2.3535953545226832e-05,0.49097472924187724,1.622665280810295,1.8173007518031117,1.7172276595551768,3.21311613007382,2.7591451209817084,1,-1,1.622665280810295,0.49097472924187724
CVX,Transformer,2.7652898797953234,2.948424903920036,3.7319297730354153,4.116172192446254,0.6704704604035006,0.7577043360117302,0.3128303562416984,3.5466951692236335,-0.08815343457336497,0.18904090383111938,1.4008151627252619,0.19620487668978429,1.3815968569045838,7.571868706418005,1.0937871818539717,-0.028474939153396772,2.143239768858886,-2.1607689979431884e-05,0.3249097472924188,1.622665280810295,1.903981412168779,1.7577043360117302,3.2829045430154444,2.788948274733507,1,-1,1.622665280810295,0.3249097472924188
CVX,CE-DNN,3.2832595999429337,3.540050221313903,3.146210302983226,4.2390526857891615,0.5447669255731957,0.6128700126504651,0.24916651435214762,3.434936228343701,-0.12478792786495614,0.1585959358074831,1.6528794895385408,0.18148256087985742,2.9852813559806877,20.453883115955428,1.384286572488528,-0.018573894833347704,2.1863568906505444,-2.4362534280129617e-05,0.5090252707581228,1.622665280810295,1.6031338739238363,1.6128700126504651,2.518726375477,2.442878274829753,1,-1,1.622665280810295,0.5090252707581228
CVX,Triviews,2.5055306504534594,2.8852564162386694,5.138437500840173,5.162183248549356,0.8117599778809224,0.9263273692739791,0.2502494611377076,5.684897178884437,-0.06341118795810717,0.14279237642081966,1.934250189150351,0.22149853165538178,2.7615506462697343,19.56063947148825,1.1809106417970563,-0.01910610854592303,3.2438031002761125,-1.2389183239866754e-05,0.5,1.6350152292073084,2.2695428564375324,1.926327369273979,5.032799431675177,3.4787317712363235,-1,1,1.6350152292073084,0.5
DE,Transformer,1.6730174008133405,2.6459336397825437,1.4606709628326258,2.347049058189126,0.3694359517633199,0.28341304291413594,0.2717280182638674,1.462121208627079,-0.120741427004235,0.2526712214989464,1.3099371183179422,0.12652807366477165,1.1696868429640155,6.0974598129203965,1.199238206910792,-0.02359296524797404,1.3595798995029327,-3.553011076240295e-05,0.365,1.2969619996671615,1.2700056278787122,1.283413042914136,1.569317750249401,1.5572676872707336,1,-1,1.2969619996671615,0.365
DE,SCL-DNN,1.3753256732651973,2.4123273647056425,2.361883262369884,2.9395277841427356,0.40222751048285543,0.30774360760293806,0.22105624869389862,2.0204331527552153,-0.0959781015011536,0.1990798408422212,1.5957684619204449,0.12020705856524352,1.9436493332419442,14.216941556448045,1.356403192632378,-0.0210953727772236,1.819570868769372,-2.2976336681186062e-05,0.55,1.2969619996671615,1.3186148427365123,1.307743607602938,1.7582802541506808,1.6483592828264633,1,-1,1.2969619996671615,0.55
DE,CE-DNN,0.1385059402976823,2.7583831722430854,1.0082714565346278,3.0871527689100056,0.2175911765308045,0.1691179465028685,0.20226487271288277,2.15446388899054,-0.07609341999191492,0.1009955087401142,1.3847588462922684,0.06986254370206067,2.0797397063152623,19.58563148614876,1.153965705243557,-0.02012098527045839,1.0757734331837125,-1.666761287301248e-05,0.54,1.2969619996671615,1.0538757289618783,1.1691179465028685,1.1367410500882682,1.325374469315686,-1,-1,1.2969619996671615,0.54
DE,ESPMP,1.414571065262907,2.563012073902145,2.3231948365478945,2.903092993242291,0.3272881945339776,0.25196288341027784,0.21916960150413584,1.9573435264755896,-0.09857416081652633,0.16721040027311695,1.496424246913748,0.09662583389531527,1.8633093176178441,15.02267928666991,1.1757619082893735,-0.022319769352731535,1.4933101684167707,-2.3396411009437877e-05,0.535,1.2969619996671615,1.2085250468704685,1.2519628834102778,1.4786506924039784,1.5116130209003285,-1,-1,1.2969619996671615,0.535
DE,Triviews,1.3820907961932132,2.1664459275485726,2.8955184551023074,3.3284372412720473,0.6800489039378852,0.5125894192758589,0.23187386005090652,5.572683173088791,-0.08194187143485468,0.12203257978525128,1.8244276207526617,0.18627910396347927,1.5962787066914912,10.829627951663756,1.376926506228424,-0.021063617316030403,2.932839880220153,-2.047451497992476e-05,0.47761194029850745,1.29924594440479,1.7609650899109963,1.5125894192758589,3.108013105109852,2.1953690562546866,1,1,1.29924594440479,0.47761194029850745
DE,LSTM,-1.9607889871229804,1.7742928129442386,-0.9633443167193687,2.277194748008192,0.1186125508361604,0.09303652059088607,0.13643190445551293,0.928086713735703,-0.039809915036854424,0.12780330660992356,1.3794437679218197,0.039555405120935375,0.30634903976734834,13.489817340017016,1.3794437679218197,-0.007764384125420952,0.8693901276943402,-5.88183757975541e-06,0.6,1.2969619996671615,0.9211748961434733,1.093036520590886,0.897076121015312,1.177395785683908,-1,-1,1.2969619996671615,0.6
DE,StockNet,-0.18253749609195413,1.550556791613436,-1.9778295865234279,-0.3279247752845386,-0.005278039991232775,-0.0041912066008011895,0.2617768951353726,-0.018631833817954056,-0.1260975676855517,0.2832807571601855,1.0255032009977212,0.00908418510869921,1.1886895162954279,7.610006574177749,1.3445486413081233,-0.02610294762617845,-0.020162359968794584,-3.574735040627205e-05,0.46,1.2969619996671615,0.76458304350139,0.9958087933991988,0.5732555728294463,0.9412001146878082,1,-1,1.2969619996671615,0.46
DE,DUAL-DNN,-0.29938874243098634,2.200081905161047,-0.1887892799196161,1.859576659787375,0.1645982677758071,0.12854984609881437,0.22291978630023948,0.9872059694366668,-0.07149432422614918,0.16673143484913533,1.2411575124738958,0.0604078583263655,1.7080666004977143,13.697535844330464,1.1431713930680618,-0.022882729378804166,0.7383744193712709,-1.7259412922663715e-05,0.555,1.2969619996671615,0.982006223356201,1.1285498460988144,0.9738142261465146,1.2267212433900287,1,-1,1.2969619996671615,0.555
DEO,Transformer,-0.2778889752487132,6.017424277341759,-1.5537615715871564,7.460716580127836,0.31281186082065604,0.16198091085173316,0.19034380642925464,8.919271861060002,-0.10291063925016522,0.03507145714285698,2.8721958917383508,0.12583943676942283,8.708927581895455,92.67940723334594,1.9147972611589006,-0.0030231951865574086,1.6434044621090378,-3.0422400956018663e-05,0.6618705035971223,1.5473571785714286,0.8725843366237991,1.1619809108517332,0.7649023466537882,1.3281521395455087,-1,-1,1.5473571785714286,0.6618705035971223
DEO,SCL-DNN,1.0859887998399638,3.795940599397439,-0.27671189081099035,5.050456274799531,0.4672399585134557,0.2354919436589149,0.1977207138144739,12.176087720261647,-0.11004461965707404,0.03837357033293576,2.497578863894482,0.27950074949529463,7.7619699950969965,77.94023106142973,1.6363447728963847,-0.007622162116786013,2.3631310523786504,-3.379212036432043e-05,0.5899280575539568,1.5473571785714286,0.9864822188341448,1.235491943658915,0.9743732441730126,1.4990202667122698,-1,-1,1.5473571785714286,0.5899280575539568
DEO,DUAL-DNN,-3.609994326979484,0.6449836741167881,-4.524237160492765,3.1889680877760544,0.14494682530474212,0.07751973848575378,0.10567237133221741,2.623358410384736,0.08388158146338685,0.05525239125960091,1.4540083236917558,0.07562512294065175,0.1438208529632858,6.725117666522477,1.0770432027346337,-0.008015375360430758,1.371662464629018,1.3766467796235037e-05,0.6187050359712231,1.5473571785714286,0.7503431030050393,1.0775197384857538,0.5774579318285017,1.1539978644171385,-1,-1,1.5473571785714286,0.6187050359712231
DEO,Triviews,2.448198206779605,2.6964275576311185,4.551841572316566,4.725242803913361,0.7402981785406997,0.35745349002105,0.216025837274925,11.607585035934047,-0.05658027264183841,0.0637771057673866,2.8591528887707987,0.2329495005775864,5.780343507618235,53.279339791085796,1.3834610752116767,-0.006763560604024237,3.4268964670117685,-1.8983015088380426e-05,0.5683453237410072,1.5473571785714286,1.1908562567768324,1.35745349002105,1.4072759146543332,1.8015007903424949,-1,-1,1.5473571785714286,0.5683453237410072
DEO,CE-DNN,-3.1104872212869106,1.6477995208067708,-2.7082809461897637,3.4669861804499926,0.37531660416804047,0.19217816739349103,0.12649988527802697,5.987695016084356,0.002563860082486786,0.06268131612579664,1.9734626488322107,0.17196003285044412,0.6555040472100282,5.049815268655278,1.038664552016953,-0.010750086417094712,2.9669323679081074,5.037080741759156e-07,0.5827338129496403,1.5473571785714286,0.9185266352800878,1.192178167393491,0.8606726050934654,1.4088469607882983,1,-1,1.5473571785714286,0.5827338129496403
DEO,LSTM,-3.0738703190374816,0.7634171739050739,-4.517538065934289,2.1371716927584634,0.07519635319585172,0.04080234269285632,0.09354880067380869,1.492737265557304,0.02645853900151999,0.05037480803279715,1.3294514829015618,0.047850918849530286,1.4731083774349882,11.490876448232573,1.119538090864473,-0.007880848710435845,0.8038195322038458,3.844134226020877e-06,0.6762589928057554,1.5473571785714286,0.7000772229945318,1.0408023426928563,0.5040933593593084,1.0782024584234666,1,-1,1.5473571785714286,0.6762589928057554
DEO,StockNet,-0.30706106799858146,3.2424127485839027,-1.2313974322799732,3.2282371337808127,0.2499149983500495,0.13093603500727657,0.21112611804317719,2.0384760427419364,-0.09758809137070115,0.12259893818221723,1.801928189965612,0.07451835503550183,6.1286390798238966,61.96843175049127,1.24748874689927,-0.005990626078893128,1.1837237413655266,-3.199876718637998e-05,0.697841726618705,1.5473571785714286,0.8265811753035666,1.1309360350072766,0.680009807081641,1.2522828058075357,-1,-1,1.5473571785714286,0.697841726618705
DEO,ESPMP,-3.9388579009783173,0.8760343448568796,-2.95480002956983,2.6958549783077994,0.34321125039996137,0.1767461336782421,0.14315753877949478,4.932817017703709,0.07311229213333989,0.06957712989721454,1.7142426952770162,0.13788470154471236,0.25875385103974896,4.390790437137111,0.9670086998998552,-0.01131646320791088,2.3974374896777797,1.6255453229825133e-05,0.49640287769784175,1.5473571785714286,0.8949009849200554,1.176746133678242,0.8129824154306476,1.369258373862147,1,-1,1.5473571785714286,0.49640287769784175
DHR,Transformer,-1.3767141457592675,0.24927253333750582,-0.7271103189626101,2.666695216455168,0.29099833497091865,0.16301953749404263,0.1769456530674053,2.5445630892979683,0.13139265203496803,0.1143608253199977,1.730654534735996,0.06647848416781439,-0.27464511728839447,13.991403119977916,1.4010060519291396,-0.007574118592074064,1.6445633443171748,3.370914937984146e-05,0.6040268456375839,1.4697609106057206,0.9202955629262282,1.1630195374940426,0.8650874219326634,1.327732464129126,-1,-1,1.4697609106057206,0.6040268456375839
DHR,LSTM,-1.838853720133809,-1.6929886980481283,-3.366563828132858,-3.5101052097633194,-0.3206997116400424,-0.2043845528356545,0.15790998325911085,-1.548244894513644,-0.025009382666069953,0.20713758706808783,0.32070623755557903,-0.07656104134364895,-3.299301849548003,21.797335098489746,0.5247920250909476,-0.012903882758019278,-2.030902068514653,-5.725974060360757e-06,0.6644295302013423,1.4697609106057206,0.4306849741334098,0.7956154471643455,0.1904026775900845,0.6228982362866978,1,-1,1.4697609106057206,0.6644295302013423
DHR,StockNet,-1.5722264471398786,-1.3643604121126933,-2.6983261198850323,-2.387766681556727,-0.20618277655110528,-0.12761585024212496,0.14800910070796203,-1.1910891455680594,0.019243087520747264,0.17310440391325344,0.5747890095374544,-0.05977308549918321,-1.6587101051445163,13.775847461288832,1.045070926431735,-0.01463216780160435,-1.3930412087154438,4.129523976940319e-06,0.6174496644295302,1.4697609106057206,0.5178081001182182,0.872384149757875,0.2767025849404135,0.750908782180104,-1,-1,1.4697609106057206,0.6174496644295302
DHR,DUAL-DNN,-1.6793181060043278,0.8063047129252909,0.0067608191234249425,3.1644282923281226,0.35848414071821577,0.1985913967524915,0.10189597207734774,14.745385501892121,0.15631264096552175,0.024311615364156824,3.7361791067300474,0.3103578406812291,3.187098685001799,12.628734884496756,2.417527657295913,-0.004453054822404784,3.518138483885268,2.30934030078231e-05,0.6375838926174496,1.4697609106057206,0.9774524046751426,1.1985913967524915,1.0006976154402154,1.4280124963209384,-1,-1,1.4697609106057206,0.6375838926174496
DHR,SCL-DNN,-1.5476207207550083,0.9422776155599814,-0.466825748918395,2.8666709638257215,0.3326682878319529,0.1850710655646426,0.10569582913913096,12.250731025156265,0.09503340257976944,0.02715497443775683,2.96951591701259,0.30974656979093934,3.1236801110880466,12.583103607426942,2.4745965975104918,-0.005656716568182435,3.147411686359454,1.4563673904310522e-05,0.6308724832214765,1.4697609106057206,0.9555250927579344,1.1850710655646426,0.9555162781843332,1.3954028976873911,-1,-1,1.4697609106057206,0.6308724832214765
DHR,CE-DNN,-0.8936333672537352,0.8723096695821158,1.3483762010673894,3.2248557861220877,0.46612882031978176,0.2538701671068111,0.11312315235274778,17.73163663000927,0.16258221426984593,0.02628797499328961,4.498910974315477,0.3692788100882942,3.0297120663705024,10.450600386865464,2.9110600422041317,-0.003806167575968676,4.120543059711325,2.6666213386133635e-05,0.610738255033557,1.4697609106057206,1.0696912570035142,1.253870167106811,1.1950190722540857,1.5605151659744056,-1,-1,1.4697609106057206,0.610738255033557
DHR,ESPMP,-1.386803911960374,0.7570555222758768,0.2262366427028995,3.0096919572511824,0.3788923118405898,0.20920542792117103,0.13382874095080863,7.137617109677112,0.12592322820374627,0.05308386622853323,2.277653448096612,0.2002031552631507,1.9612843283313561,7.560335439214533,1.9522743840828105,-0.007602575551465501,2.8311729539461115,2.4433858703260348e-05,0.6442953020134228,1.4697609106057206,0.9948405596876476,1.209205427921171,1.027742542810384,1.4471806352333094,-1,-1,1.4697609106057206,0.6442953020134228
DHR,Triviews,0.6392170966810922,1.1637289916738345,3.1365449394196157,3.1363893791961432,0.7741198896235066,0.40670861021505855,0.16139214562534107,11.988176898493965,0.07530947723411245,0.06457361249989202,3.2644326740830594,0.2969944842575998,2.0675325501669817,7.561404899357983,1.6816774381640003,-0.00784525029565708,4.796515261780854,1.7506242426990596e-05,0.5866666666666667,1.5065042370444883,1.3135237627577552,1.4067086102150586,1.7748707098876002,1.948730978409136,1,-1,1.5065042370444883,0.5866666666666667
DLR,Triviews,1.4411068365116968,1.114244959775007,2.4117194236445108,3.035932209289318,0.4608011195226427,0.2306462073419091,0.2206542680381283,7.312092467204428,0.04510982428453842,0.06301904982594086,1.7730147872278532,0.15253685193227573,2.758346884898665,16.472965207742384,1.3930830471075988,-0.014961374495953533,2.0883399338689332,1.5569682642968956e-05,0.5434782608695652,1.2009044305755183,1.2611245733511236,1.230646207341909,1.6100301433298596,1.4775330707387782,-1,-1,1.2009044305755183,0.5434782608695652
DLR,CE-DNN,-1.693909174624757,-1.1044200245567377,-2.266536332418182,0.35377707844407585,0.04174189871657252,0.02264708898415857,0.22794508080128534,0.4027640420483672,0.07139341942653517,0.10363859321771285,1.0872505145112519,0.023238050525968727,1.7815412660656655,13.564620303754777,1.1390243485355973,-0.024420181978961585,0.18312261256017923,2.545567984730803e-05,0.5869565217391305,1.1840875340886263,0.883217700127816,1.0226470889841586,0.7880008418433929,1.0180673550107535,1,-1,1.1840875340886263,0.5869565217391305
DLR,SCL-DNN,1.4966638786847406,1.3048712707847776,2.0811456901682,2.8213344839437986,0.3725301899985962,0.189349830853921,0.2303991986715634,4.143065767852674,0.007635479658475764,0.08991655234854656,1.5472524001548598,0.11863857625955361,2.211548614944856,14.216969606102206,1.5472524001548598,-0.01772489368547503,1.6168901287267154,2.7517791868239633e-06,0.5942028985507246,1.1840875340886263,1.1946355142071547,1.189349830853921,1.440787784700807,1.3766171632344135,1,-1,1.1840875340886263,0.5942028985507246
DLR,DUAL-DNN,0.4091671354189544,0.6814753718985667,1.5677153106883486,3.075472119329159,0.25418524337787973,0.1320477168253087,0.2415216199469985,2.2699772180131927,0.05687418459149266,0.11197700195438809,1.3546323570747951,0.08705360054836084,1.944074583703387,11.892547418651592,1.3546323570747951,-0.022740988843649057,1.0524326701421605,2.1486589607346325e-05,0.6231884057971014,1.1840875340886263,1.0822950130589546,1.1320477168253087,1.1760673602990774,1.2437390480899664,-1,-1,1.1840875340886263,0.6231884057971014
DLR,StockNet,0.42479701566996786,0.46779419652084075,2.1763345452328995,2.2382511342984146,0.35120956777226153,0.17919667768976288,0.34760419455356273,1.4849175903162068,0.05900718904637963,0.2365178849403171,1.1899220117119316,0.1210860962295269,0.5844472735941092,1.905152511651571,1.2440093758806559,-0.029971532748946792,1.0103720647655856,3.20838315616405e-05,0.3333333333333333,1.1840875340886263,1.1743260229023726,1.1791966776897629,1.2939455985487651,1.304581392569738,1,-1,1.1840875340886263,0.3333333333333333
DLR,Transformer,-0.24072445153373467,0.6485051967991409,-1.1517090265290328,2.4298085752178253,0.07412817300390895,0.03993672667244241,0.05350126894286245,5.675405998986744,0.06865513896561411,0.013061298701298796,4.0654035350020274,,7.24141687829703,70.94960953630574,1.3551345116673423,0.0,1.385540464153763,5.745574046717332e-06,0.6521739130434783,1.1840875340886263,0.9133348374574212,1.0399367266724424,0.8865691408403504,1.0798650273674748,-1,-1,1.1840875340886263,0.6521739130434783
DLR,ESPMP,2.5997584543399754,2.0528854718165834,2.4989339790347223,3.138006219597282,0.47345137812776716,0.2364708879061832,0.23632188520298938,5.875492168456668,-0.055208038173889994,0.08058071810044298,1.6866081293905264,0.15180750818413624,2.314847975723106,13.046002552732054,1.8332697058592677,-0.013408755371808455,2.0034174055487695,-2.0408098884349854e-05,0.5072463768115942,1.1840875340886263,1.291171651271749,1.2364708879061832,1.678585406482186,1.4858839531066936,1,-1,1.1840875340886263,0.5072463768115942
DLR,LSTM,2.3035243660284968,2.0138614506904085,2.8814199958890794,3.4687484877332717,0.628458341816925,0.3060894731506558,0.22484067464743845,5.545812022445306,-0.04670607011489448,0.11332124840751812,2.1068353114560265,0.1614477662827001,2.4293294092418654,16.655807317242527,1.4747847180192184,-0.0121567561709929,2.7951274510378488,-1.6426479629714947e-05,0.4855072463768116,1.1840875340886263,1.440661828424652,1.3060894731506558,2.1002183924214965,1.662055032753506,1,-1,1.1840875340886263,0.4855072463768116
DUK,Transformer,-0.782225229220306,1.6145833142206893,-0.13488043989108742,2.471930877425675,0.12398038313272841,0.11826072638042806,0.09485169224208932,3.5312378536054525,-0.04140651308591371,0.03510960979480393,1.6428299082452873,0.0852905321807595,3.949684782969126,36.60109263000594,1.5114035155856644,-0.007183946506735133,1.3070972188487069,-3.5341569231560375e-06,0.5643153526970954,1.2754861535184137,0.9804160152702353,1.118260726380428,0.9862901694923872,1.2402901313463652,-1,-1,1.2754861535184137,0.5643153526970954
DUK,ESPMP,-1.5013414179509876,2.4900425166687983,-2.247363695539785,2.2815455148240247,0.048285605164150924,0.04613003334756738,0.0708502795627384,0.860565224865295,-0.0755683164314167,0.05610917542212923,1.3170963130371363,0.02756533086977519,0.054024594582409324,11.563999414413136,1.1853866817334227,-0.004043132024420487,0.6815160852173306,-4.817851406505366e-06,0.5684647302904564,1.2754861535184137,0.8580164070405042,1.0461300333475674,0.7606068449085167,1.089183492536795,1,-1,1.2754861535184137,0.5684647302904564
DUK,DUAL-DNN,-2.49094113274393,0.6048179592012584,-2.3282695384369023,2.4700338822210126,0.0504900359690541,0.0482338074413482,0.07991765013743492,0.9169193227118686,0.03552314697942833,0.0550648619986821,1.300635171902128,0.029209144835605164,0.9098286152376889,12.596456753026724,0.9613390401015731,-0.004918278146647675,0.6317757827241673,2.5546195098032155e-06,0.5643153526970954,1.2754861535184137,0.8614708297945637,1.0482338074413482,0.7648348300896342,1.092206519411106,-1,-1,1.2754861535184137,0.5643153526970954
DUK,LSTM,1.2506509777789443,1.8885215954620147,2.282709039850553,2.828587266798318,0.2937497520041712,0.2792868215873312,0.1656373112315236,3.6684120304509307,-0.05767770110200688,0.08007545214817724,1.4194138139184491,0.1384009819498546,0.6731862527126112,5.023043657507712,1.1799946163900359,-0.014372321961603223,1.7734515841879088,-8.59682726024968e-06,0.42323651452282157,1.2754861535184137,1.2830988148107645,1.2792868215873312,1.6307214933411394,1.5948169162900057,-1,-1,1.2754861535184137,0.42323651452282157
DUK,StockNet,-2.227026878680309,1.221561657636433,-1.9491193645091198,2.093677449836316,0.08369140437330125,0.07989609380988272,0.12250368572424303,1.0813502678403695,-0.009016207315315149,0.07739527779509081,1.2609789779034621,0.04410754795731749,1.6832425007077476,15.725557492075394,1.2227674937245694,-0.00936256080601852,0.6831745826953436,-9.939055843641721e-07,0.5850622406639004,1.2754861535184137,0.9142988892579976,1.0798960938098827,0.8480027558881978,1.1500575349801998,-1,-1,1.2754861535184137,0.5850622406639004
DUK,SCL-DNN,-2.9171294666761094,-0.16155176856659048,-2.954606015899098,1.5936068976828894,0.029800563452035522,0.02848139800817262,0.07801336189072437,0.4530837920352603,0.0490499113191708,0.0657727422077291,1.1795154026860604,0.017957118053373,0.2591558522181914,13.238730172882674,0.8042150472859502,-0.00491827814664768,0.38199306797953475,3.443335233348927e-06,0.5892116182572614,1.2754861535184137,0.8293104422427381,1.0284813980081726,0.7091476748572831,1.0516937125886614,-1,-1,1.2754861535184137,0.5892116182572614
DUK,CE-DNN,-1.873953691684438,0.23784726008156823,-3.202004251058264,-1.3877546300422976,-0.03584118003071701,-0.03430383752038002,0.08442279608106906,-0.37262873620720316,-0.06471127635161902,0.0961846914854877,0.856428178739345,-0.01599694845670986,-0.3610209071126791,12.834186220887936,0.7748635902879787,-0.006293444895408545,-0.4245438636775266,-4.915998978145392e-06,0.5684647302904564,1.2754861535184137,0.7311479435941987,0.96569616247962,0.5500589779259824,0.9262443347210918,1,-1,1.2754861535184137,0.5684647302904564
DUK,Triviews,1.2287208625204002,1.8550099186724558,3.3993401988423924,3.7822854253444067,0.3883093531715316,0.37035166971332845,0.09542613474828371,16.93156721479242,-0.016191008838398475,0.022934046697832056,3.5266683592027546,0.24461993442103844,2.4097729684500226,11.892210821376688,1.679365885334645,-0.0036908029925186714,4.0692138919366165,-1.3846058436768727e-06,0.6198347107438017,1.277561,1.4698818284888984,1.3703516697133284,2.213417538146951,1.8614208489958408,-1,-1,1.277561,0.6198347107438017
ECL,Transformer,1.5712833278427978,1.5712833278427978,2.4125973847138837,2.4125973847138837,0.28967664717166053,0.13220526446665493,0.29652092678709074,2.6971484294793413,-0.02043921258112299,0.10740107737696136,1.1869008773783953,0.09751335931562745,-0.10028239209585652,1.1625188284571975,0.8816977946239508,-0.024041879103503642,0.9769180553642861,-1.0622225982360445e-05,0.2601626016260163,1.1322052644666547,1.132205264466655,1.132205264466655,1.2286023365725445,1.2286023365725445,1,-1,1.1322052644666547,0.2601626016260163
ECL,StockNet,1.0831090736434108,1.2877040612881387,3.354405174305074,3.3711202454615874,0.9430653268284013,0.3829590707955963,0.18309077830148038,16.559435720136587,0.07564192972831528,0.05695032987637472,2.578518642943127,0.41237322923731073,1.4413176525509939,3.7486516666358094,1.160333389324407,-0.014807235288823366,5.150807351288517,2.427309176016002e-05,0.4715447154471545,1.1322052644666547,1.6892482763686625,1.3829590707955963,2.882024477316248,1.8817178340256044,1,-1,1.1322052644666547,0.4715447154471545
ECL,SCL-DNN,-1.7384283060622021,-0.20143294237991669,0.3130307530421234,2.34517387184363,0.1313952610395197,0.06210856612158944,0.09382487673127156,3.9231877084789417,0.17479336593801054,0.033491963883232834,2.0363428888286927,0.06481770095530846,3.3851115384052064,23.189054686058345,1.3575619258857952,0.0,1.4004309477096926,2.874345535835239e-05,0.6991869918699187,1.1322052644666547,0.9963516701719782,1.0621085661215894,1.0273295167358905,1.1234675984164648,-1,-1,1.1322052644666547,0.6991869918699187
ECL,ESPMP,-1.7024481973717192,-0.08115742212223044,-1.0455548376176786,1.0823266216030722,0.06874266943021645,0.03298222025525033,0.12584274698179096,1.1590397988373786,0.06753414321934116,0.05931001635937916,1.2258681588007645,0.04006902125686273,1.9132947045155495,11.501426598525029,1.0095384837182768,-0.013461855113226411,0.5462584938658666,1.4895243642280752e-05,0.6178861788617886,1.1322052644666547,0.9424547834673064,1.0329822202552503,0.9131353979117632,1.0591885023363374,1,-1,1.1322052644666547,0.6178861788617886
ECL,LSTM,0.4465086160901511,1.3049654612067854,3.043521233202343,3.6759012987272928,0.3085673781813443,0.14026978124383915,0.10339930737910268,10.936601561226775,0.07654992088124422,0.02821419217422161,5.9116229277069126,,3.230178208298064,20.343458175918244,0.8445175611009875,0.0,2.9842306104625487,1.3872617211091859e-05,0.7073170731707317,1.1322052644666547,1.1483917402825028,1.1402697812438392,1.3621696754447872,1.2936633434011071,-1,-1,1.1322052644666547,0.7073170731707317
ECL,CE-DNN,-1.325573848271238,0.15296305616798692,0.8691649684398848,2.4480056975338083,0.16256575515852423,0.0762916797530897,0.11294250689375863,4.403753823669373,0.1322427282303078,0.0369152685794476,1.6718681122846428,0.07923283510002432,1.595702859698159,11.118551671010234,0.9404258131601116,-0.0057801417220708405,1.439367335023337,2.6177324138039943e-05,0.6910569105691057,1.1322052644666547,1.023139369036067,1.0762916797530897,1.079127819393266,1.151442122022207,-1,-1,1.1322052644666547,0.6910569105691057
ECL,DUAL-DNN,-2.54787447370292,-2.4341141607426686,-2.5124196802178167,-1.4221987027256677,-0.05865090391155736,-0.029070164787496355,0.101389326529847,-0.5828252619770318,0.19343060267603576,0.10063205515938789,0.8131565629934474,-0.031144046834052665,1.440839908957545,14.866312219026792,1.0571035318914817,-0.011731106317395266,-0.5784721717654541,3.437268438680129e-05,0.6747967479674797,1.1322052644666547,0.8326270637417117,0.9709298352125036,0.7163239374314192,0.9381243325226604,-1,-1,1.1322052644666547,0.6747967479674797
ECL,Triviews,0.7265386987000038,1.1088252075925713,3.749469823505638,3.7236348191249773,0.6270529187081815,0.2681894981792867,0.15644105531752975,10.790535967204754,0.1273335618092011,0.05811137839806646,2.7774142658166694,0.27344119945806106,2.1221956939434823,7.511708899121314,1.4955307585166682,-0.011835983574729219,4.008237591055921,3.491319961462253e-05,0.6666666666666666,1.1322052644666547,1.4205062048089392,1.2681894981792867,2.0568396714411965,1.589666010924231,-1,-1,1.1322052644666547,0.6666666666666666
EL,SCL-DNN,-1.7993332886279696,-0.5468047049635212,-2.624788397632213,0.7459368195575659,0.03473187671557332,0.0228839835069099,0.14059440301951115,0.36629507657979926,0.05743601908307381,0.09481939271440576,1.1582669765099485,0.008815782794821135,-2.981332233560162,44.51764681534833,1.0755336210449524,-0.007896985748709284,0.24703598414762898,1.0457532970554775e-05,0.6047904191616766,1.5909705863658192,0.6576436124472681,1.02288398350691,0.4530287774997643,1.0319605523283195,-1,-1,1.5909705863658192,0.6047904191616766
EL,LSTM,-1.951115908733879,-1.145867569040145,-2.3928067101342054,2.2657181141164586,0.08029784371998616,0.0525172693597169,0.11960454917342454,1.573517949868853,0.14621056872455365,0.051030777072914035,1.3512129089203058,0.02583301526954459,0.10284986014350245,17.85254095332153,0.8107277453521834,-0.00041310591349866255,0.6713611169049738,2.2646617460074494e-05,0.6227544910179641,1.5909705863658192,0.6962998636140182,1.052517269359717,0.5123425301041898,1.0974390395509062,-1,-1,1.5909705863658192,0.6227544910179641
EL,StockNet,-1.0469905078327115,1.4587243617127146,-2.062423514232266,2.325182892160182,0.22477164810219463,0.14381026880029335,0.18759469688883065,2.359437735059641,-0.02642348062343965,0.0952649204351701,1.3748799499392512,0.09456979143751584,1.3446913643656466,5.973161150964025,1.3748799499392512,-0.018075464366995336,1.1981769838376357,-6.419296871326263e-06,0.5868263473053892,1.5909705863658192,0.8223294272218412,1.1438102688002934,0.6962090219718108,1.279293003026998,-1,-1,1.5909705863658192,0.5868263473053892
EL,CE-DNN,-2.0039453467304362,-1.598505330546789,-2.6596987278974513,0.1844161676886654,0.01787927803443856,0.011813123347348187,0.13682016284904638,0.18165915252522488,0.12865142663839774,0.0984221151860536,1.0972113734901974,0.0049282974138440865,-4.184659796031783,48.40368469052994,0.7314742489934649,-0.0035178729951973464,0.13067721644334512,2.2795104574138677e-05,0.562874251497006,1.5909705863658192,0.6434850558214634,1.0118131233473482,0.4341561000557921,1.010236730834039,-1,-1,1.5909705863658192,0.562874251497006
EL,DUAL-DNN,-2.196181878598305,0.09392159326155726,-3.0460062487941677,1.5628951870257504,0.1030744586885477,0.06717133778410744,0.17821934322720234,1.26837393349433,0.05677605055862528,0.08126504019566283,1.2249875818856977,0.029199015868804273,-1.156834565325144,18.374159288789222,1.1374884688938622,-0.014101090764344626,0.5783573029844665,1.3103789175463983e-05,0.562874251497006,1.5909705863658192,0.7158238335438709,1.0671713377841074,0.5285042147180856,1.1146138331452202,-1,-1,1.5909705863658192,0.562874251497006
EL,Triviews,0.7851598354243841,1.4616060854869766,1.722449142832027,2.813373254285615,0.5819240183313805,0.3551893942486062,0.16903317644964394,9.357008575195415,-0.018797841217616424,0.06219124559466671,2.1942791206231593,0.207746436887899,1.2643402172413933,5.053160954000802,1.6300359181772042,-0.013430086684114106,3.4426615564710716,-4.114876535301319e-06,0.5209580838323353,1.5909705863658192,1.1543508786539065,1.3551893942486062,1.3822912697259366,1.802602560718909,1,-1,1.5909705863658192,0.5209580838323353
EL,ESPMP,-2.4305369418183753,0.5492994582978326,-3.5388438009015717,1.5219868702958286,0.13873902357391543,0.08991399783486509,0.2064973790920264,1.6438137198238778,0.02444391055351482,0.08440069692859131,1.2547171040264111,0.03852189803191042,0.19188585832680283,16.50133584683874,1.2128932005588642,-0.0175472309674623,0.6718682057077626,6.5367535148485444e-06,0.5269461077844312,1.5909705863658192,0.7466590098248606,1.089913997834865,0.5675402053082955,1.1550439710998868,-1,-1,1.5909705863658192,0.5269461077844312
EL,Transformer,-0.5195738845332014,2.1057752515824593,-2.3951010072258203,1.7391186310870164,0.14380442441693986,0.09312449646779042,0.10229864453917714,1.9554135009307996,-0.18603585763025252,0.07354169557921497,2.3083634697121695,0.05099227784594534,4.453666986287678,40.165843493147605,1.1541817348560848,0.0,1.4057314743976623,-2.4645828348322608e-05,0.6107784431137725,1.5909705863658192,0.7510642717207382,1.0931244964677904,0.5995209353813928,1.1871412007021238,-1,-1,1.5909705863658192,0.6107784431137725
EQIX,CE-DNN,2.1414372667227757,1.2565759940878627,2.98540990242029,2.637175419866495,0.24938160124463926,0.12967126499560955,0.15008405848247383,3.9332071610117527,0.006551856728984369,0.06340413587076099,1.892832142739591,0.06079970132946898,0.9083539997459404,15.549504436303033,1.1648197801474407,-0.002557430620993848,1.6616128572626583,1.5381378168653758e-06,0.6014492753623188,1.038692816599944,1.2286184582792754,1.1296712649956095,1.5934144896115394,1.2608465792688102,-1,-1,1.038692816599944,0.6014492753623188
EQIX,Transformer,0.10407443768108904,-0.13696779539502835,0.21614095706114783,0.11771542871227918,0.0859253320665696,0.04617597487195679,0.36341235682107037,0.40071811072142266,0.04178475565467413,0.2144283718843556,1.0785212337337722,0.03353900956567606,-0.19957475327180083,1.372714575087465,0.9045661960347766,-0.04362817016462277,0.23644031484839076,2.3752747377501686e-05,0.43478260869565216,1.038692816599944,1.0537130448075809,1.0461759748719568,1.0390674824081914,1.0181686960695728,1,-1,1.038692816599944,0.43478260869565216
EQIX,SCL-DNN,2.0878970230997775,1.140148793031183,3.4860895930586526,2.752799314828192,0.328849813703177,0.16847050621323456,0.16701517077445757,6.56725097861822,0.02826768944568286,0.05007419615511155,2.1310479165687894,0.05727183568050226,0.20292729919343896,13.41221583423839,0.6659524739277467,0.0,1.968981692970071,7.384864414907319e-06,0.6304347826086957,1.038692816599944,1.3144630463118656,1.1684705062132346,1.812586935562801,1.3447677525477566,-1,-1,1.038692816599944,0.6304347826086957
EQIX,StockNet,0.3200740219095061,-0.15684745021864083,1.4564158723370624,1.307404937968738,0.13269578262120962,0.07061534744466491,0.23971945649561446,0.7377500347358262,0.07038260651033795,0.17986550508089827,1.1787675344456703,0.041516637920138856,0.26077918152972385,5.131520083448725,0.8472391653828256,-0.024607533025770276,0.5535461516601479,2.639155157155671e-05,0.4927536231884058,1.038692816599944,1.1035189652471908,1.070615347444665,1.2379378285649951,1.1113408561402398,-1,-1,1.038692816599944,0.4927536231884058
EQIX,ESPMP,0.9317726222636188,0.5454019154457153,1.955651833286882,1.6435497211391241,0.3489695971057425,0.17812578153653624,0.18454867138647565,3.633789446684159,0.06526451754481775,0.09603462232083315,1.7702342584031054,0.09647942700665336,1.3022835925800829,10.253886855909352,1.5046991196426396,-0.012474781439842484,1.8909352989864774,1.8840149627916918e-05,0.5797101449275363,1.038692816599944,1.3362760721350604,1.1781257815365362,1.8625891873873432,1.3631900334468965,-1,-1,1.038692816599944,0.5797101449275363
EQIX,Triviews,0.8107124451324911,0.5910719859994767,2.9943466437052524,2.552350408201297,0.9138868679193672,0.4268644416544476,0.218416845166486,7.777656249316422,0.1700004794605726,0.11750157613351564,2.5399283503277488,0.17739900590336283,0.9931985516865958,9.947080087713214,1.166994106907344,-0.013739336659587464,4.184140958646145,5.808079721205549e-05,0.5362318840579711,1.038692816599944,1.9601003321870567,1.4268644416544476,3.945348690326977,1.9839949372882903,-1,-1,1.038692816599944,0.5362318840579711
EQIX,LSTM,-1.8986806255873896,-2.3780549078992665,-2.948849341790991,-3.1275837361654295,-0.3365700549175795,-0.20124868509550298,0.20859180769949706,-1.4367288435976113,0.11981662152339777,0.23426136143741516,0.5170971812612706,-0.07646760159549817,-1.8827939633255928,11.3537365946541,0.6463714765765882,-0.023475376298976447,-1.6135343886680888,3.909404514681758e-05,0.572463768115942,1.038692816599944,0.6142370996172893,0.798751314904497,0.3877783400691807,0.6219989293117363,-1,-1,1.038692816599944,0.572463768115942
EQIX,DUAL-DNN,1.190069379552206,0.3544373295137081,1.6110960669803216,1.1221870538659717,0.12219337826921195,0.06516779481639823,0.17079080093651997,1.428707868863999,0.03075506659893847,0.08552719623947402,1.3434117337377973,0.02903981019014163,0.0037491522764921156,12.383866468592114,0.8060470402426784,-0.005365862325820234,0.7154564391007754,8.216321786437381e-06,0.6231884057971014,1.038692816599944,1.0923175870494308,1.0651677948163982,1.2500643261334743,1.1167707852941424,-1,-1,1.038692816599944,0.6231884057971014
EQNR,Transformer,1.8446162493979865,1.9089669106899854,3.4717173607315983,3.7350076744232674,1.8614183606704646,0.949363933776014,0.4365686333191433,8.177018166885988,-0.03387466837542946,0.2276402378814011,1.9342980560670517,0.2338175917780881,1.7424748447820126,9.457812310072255,1.6248103670963234,-0.03501517151485047,4.263747366636206,-1.9981616934863588e-05,0.46875,2.0574797347089167,1.8469293681010703,1.949363933776014,3.1859191298055283,3.3983945181676933,1,1,2.0574797347089167,0.46875
EQNR,StockNet,2.268022443272399,2.1948662257228326,2.530369537963382,3.562026099547809,1.1321900920784334,0.6172544786160741,0.30918758426265297,8.587459464746042,-0.07477196543402732,0.1318422633290317,2.062013740796756,0.2397053378333995,1.9176123255829092,8.833772060971224,1.257325451705339,-0.019949290188747082,3.6618226271228433,-3.1236609621118354e-05,0.525,2.0574797347089167,1.2712212929639302,1.617254478616074,1.6841679782434698,2.470865602662268,-1,1,2.0574797347089167,0.525
EQNR,ESPMP,0.8793364438458738,1.79178922147354,1.2710180384326202,3.1919549419877447,0.9783090497468885,0.542138082443657,0.2997592387435938,5.792701497279224,-0.042456240209075,0.1688864945321955,1.9603859738273766,0.15555104814180334,0.889938676475041,6.9576217656551975,1.3929058235089256,-0.01915056271082467,3.2636493668964395,-1.7195592963246193e-05,0.575,2.0574797347089167,1.1558752318206702,1.542138082443657,1.3962871405147976,2.249799364912413,-1,1,2.0574797347089167,0.575
EQNR,LSTM,-0.2577208766190805,3.1480407813096294,-1.5585071531112555,3.6766779762899233,0.417887502255472,0.24818940474346385,0.2886416424491857,3.123670915194537,-0.08643632308625769,0.13378089869285947,1.5492584604928652,0.09767537775683927,2.1090414718318393,13.830781786796042,1.2513241411673142,-0.01977117106443225,1.4477727423860525,-3.370996632769256e-05,0.63125,2.0574797347089167,0.7572258252809754,1.2481894047434638,0.6069683731957064,1.4833357090245554,-1,1,2.0574797347089167,0.63125
EQNR,CE-DNN,-0.44377715014123525,1.3742793612248019,0.2921087043053536,2.931126599509748,0.7375709684266358,0.4201835479611429,0.19567386537720627,13.879109283845132,0.007494731945162131,0.0531425290587737,2.6958032849266913,0.19962262784984997,2.01554787966638,9.542960597045727,1.6367377087054913,-0.009270364000151543,3.7693892692557514,1.9814904166827924e-06,0.575,2.0574797347089167,0.9802873271968542,1.4201835479611429,1.0706903436621162,1.9701004202266488,-1,1,2.0574797347089167,0.575
EQNR,Triviews,0.9690992329400855,1.5601422929555642,4.397260132414842,4.192762045365768,1.8942840591265142,0.971848362813245,0.30680356006022486,13.41559410757576,0.04089794729889286,0.14120016183679973,2.729093035372521,0.2472072560007291,1.0158562142803433,6.128575087718257,1.4597474375248367,-0.017197966228193064,6.174257100389156,1.684939443878281e-05,0.5279503105590062,2.008190543559196,1.936163865724656,1.971848362813245,3.890224377341088,3.6641116310987063,1,1,2.008190543559196,0.5279503105590062
EQNR,DUAL-DNN,-1.4741358132420734,2.777728516648854,-1.9749651383248772,6.276570665842066,0.4351519087856659,0.25781768636107505,0.18008324645522986,12.148030265401687,0.006327439919455149,0.03582077911223225,3.2048675595520186,0.27443593431283014,6.090419813492363,47.139219237599306,2.7118110119286314,-0.006662215163825468,2.4163930701562966,1.5395875443019058e-06,0.65625,2.0574797347089167,0.7689530571957515,1.257817686361075,0.6658884597876923,1.5536642221562602,1,1,2.0574797347089167,0.65625
EQNR,SCL-DNN,-1.894604233585168,1.146035489426425,-2.202550956003486,2.8145113648376263,0.4239774482335623,0.25159060053512183,0.1909878079921854,5.078991911058967,0.029632879136182785,0.08347669294577853,1.9483718010108504,0.1063671566987376,1.3776064361970608,13.356494214298312,1.2739354083532481,-0.011840770451333514,2.2199189188605697,7.646849474789838e-06,0.6,2.0574797347089167,0.7613581824996616,1.2515906005351218,0.6471951651143133,1.5317012007267732,-1,1,2.0574797347089167,0.6
FCX,Transformer,-3.129840473878098,1.6251714599573501,-3.367983899156474,2.3370971891959496,0.32177677586706177,0.2097488630787092,0.3008610501077391,1.9771564899917573,-0.03910912133154786,0.1627472471177045,1.4993045818457227,0.05510045006814023,1.3176494338680091,10.988892272817637,1.3993509430560078,-0.018791044912104593,1.0695195531353516,-1.479865027571067e-05,0.5930232558139535,2.2414169482288826,0.6529317594732419,1.2097488630787092,0.5054358905692555,1.3798448353807184,-1,-1,2.2414169482288826,0.5930232558139535
FCX,SCL-DNN,-1.7262967754360685,1.8695468425918118,-2.1497281590509196,1.7080295707176707,0.3904614978610701,0.2523095034656313,0.32591450946857226,1.7553263708546698,-0.09305886661914736,0.22244381691306447,1.485729248763095,0.0713895800652385,1.4014877898746592,8.825200159078673,1.215596658078896,-0.023844093007044043,1.1980488334126225,-3.8145168308829305e-05,0.6104651162790697,2.2414169482288826,0.6996819996875443,1.2523095034656313,0.5693439078013943,1.464483734749492,-1,-1,2.2414169482288826,0.6104651162790697
FCX,CE-DNN,-2.794977044094471,2.223243499430029,-3.073628412317317,2.6033284786149427,0.4652418036971653,0.2978953647864335,0.36551705011708946,2.3573467700796473,-0.0595829416707603,0.19735823749063708,1.435970149633354,0.08517336401090836,1.1276726179669212,6.065070263430257,1.2702812862141208,-0.03748904891303162,1.2728320157654207,-2.7390985772489364e-05,0.5058139534883721,2.2414169482288826,0.7515479791768286,1.2978953647864335,0.6336357340233888,1.544959304790286,1,-1,2.2414169482288826,0.5058139534883721
FCX,LSTM,0.5878700709501032,2.048562149498585,1.9617844771269655,3.445539860590929,1.4013877547111795,0.8183631089339525,0.42147883362925387,4.8788545163904296,-0.05891168775712604,0.2872370450898343,1.9733511146831841,0.19020491174957696,2.2054345904193746,12.93995550112323,1.4800133360123882,-0.02755925331887843,3.324930323651518,-3.122880139921008e-05,0.5290697674418605,2.2414169482288826,1.4751581130608609,1.8183631089339525,2.3303123480672823,2.962813274918529,-1,-1,2.2414169482288826,0.5290697674418605
FCX,ESPMP,-3.4600981137745004,1.257217001035013,-4.642160972614703,-0.35673629062235285,0.02399851562255928,0.016318191917714886,0.3039853935444138,0.18050848730489039,-0.04702608481324274,0.13294951379224762,1.0778379549475148,0.01347215921080109,1.1101250912198954,10.030690228377846,1.3047512086206758,-0.023257646432467083,0.07894627877590105,-1.7979169233972642e-05,0.5872093023255814,2.2414169482288826,0.460825759365776,1.0163181919177149,0.2509027846581187,0.9721873243186808,-1,-1,2.2414169482288826,0.5872093023255814
FCX,Triviews,1.919021424135254,2.725440569501114,2.4726954387044975,3.631867351304113,1.879343348194097,1.0668483020770294,0.4826615230730624,3.5686698769221605,-0.1236808612696604,0.5266229191854972,1.8578082287051119,0.2319876819630319,1.7280038432485765,7.725965806943476,1.6044707429725966,-0.03613408536134381,3.893708651620886,-7.464959504047567e-05,0.5086705202312138,2.2864922501910536,1.8683036880801849,2.0668483020770294,3.4791202155841603,3.692223300748823,-1,1,2.2864922501910536,0.5086705202312138
FCX,DUAL-DNN,-3.5340221261442766,1.5892553140862535,-4.213927183543995,1.8747773359403277,0.2357938915902107,0.15546507703084056,0.32155961955580376,1.249546868356282,-0.025396474985195868,0.18870351930086948,1.3055386007488352,0.048988308315946104,1.202200305128644,8.880110254377392,1.1352509571729001,-0.029007118280110766,0.7332820330983468,-1.0271007075934123e-05,0.6104651162790697,2.2414169482288826,0.5956497943378417,1.1554650770308406,0.4136515220368965,1.2482872278499129,1,-1,2.2414169482288826,0.6104651162790697
FCX,StockNet,2.2241919924338647,2.668068813052342,1.9863033995675217,2.7019879392747317,2.008465813394611,1.1207501166867893,0.6481746884195326,2.1019089979927026,-0.11546569050671517,0.9555436583185435,1.4236207065035473,0.2446306586318729,0.6551271100803195,1.4538655206935918,1.2958598738686136,-0.058072163577246094,3.0986489433765527,-9.412892652740865e-05,0.38372093023255816,2.2414169482288826,2.0065793921032524,2.1207501166867893,3.12322759904053,3.4300387822415632,1,-1,2.2414169482288826,0.38372093023255816
GE,CE-DNN,-1.2332468323935577,1.8309819745023335,2.050809695535867,3.5125277632886633,0.4457600051838695,0.4713630155582953,0.17692765002891597,4.577078907532463,-0.024713291355715632,0.09738962648214033,2.2739585459716847,0.0913825948597043,0.5274009258401502,15.07997971966993,1.53826607521614,-0.006379956181263123,2.519447950114169,-3.593740284980937e-06,0.5833333333333334,1.820618188979229,1.1891066104126984,1.4713630155582953,1.519420975222895,2.095170477471308,-1,-1,1.820618188979229,0.5833333333333334
GE,LSTM,-2.646589834645135,2.188889603505971,-3.9097413703815036,0.8103803610522079,0.09740746605245021,0.10227559496641447,0.20912028403007887,0.3576417386725558,-0.1271482559578389,0.2723604532681043,1.1629287987624894,0.03886132747169481,0.9176609400508161,6.2081224160982575,1.1882098596051525,-0.02024769412413223,0.46579635497453503,-2.1853799642770926e-05,0.5227272727272727,1.820618188979229,0.667362050216462,1.1022755949664145,0.4674188986072119,1.1620730811225757,1,-1,1.820618188979229,0.5227272727272727
GE,Transformer,0.2507841686766671,2.5527506496793033,0.47256410652312164,2.1274942233062037,0.35290836615861565,0.37252182083851726,0.23834583363963843,1.2108778094956523,-0.14025422633831264,0.29144837190930684,1.3794281608308436,0.12186407105426142,0.891584010598605,3.8966735504863674,1.295826454113823,-0.021463043977590978,1.480656744737512,-2.7475392871530647e-05,0.5568181818181818,1.820618188979229,1.0347123631309452,1.3725218208385173,1.0942492881083092,1.778027376536108,1,-1,1.820618188979229,0.5568181818181818
GE,SCL-DNN,1.0574925573194365,2.920594083466434,3.1325956517665796,3.128282164769428,0.44646169445358996,0.47211114520998443,0.17633441789527535,2.9744047587383458,-0.17747149364381568,0.1501011902102274,2.469457143953921,0.10980762387139818,2.314295061122664,15.683328659109177,1.899582418426093,-0.0037045697064656312,2.5319032993249375,-2.5720895352774253e-05,0.5946969696969697,1.820618188979229,1.1903161447961192,1.4721111452099844,1.527069150952089,2.1004369960680696,-1,-1,1.820618188979229,0.5946969696969697
GE,Triviews,1.0741069268479106,2.1229468007122523,1.8631332686060158,2.2949283439575523,0.6147980173837226,0.6552151939550499,0.20869104023763974,2.4735645940583844,-0.16929639156791645,0.2485473873859998,1.9836268113387368,0.18714197468377097,1.422228173113193,6.375279050616829,1.5869014490709892,-0.015907715948764684,2.945972269262938,-2.89293881047997e-05,0.5584905660377358,1.8584244317165453,1.4742258504259311,1.65521519395505,2.281709951258361,2.6204105152181025,-1,1,1.8584244317165453,0.5584905660377358
GE,ESPMP,-0.6305386952303457,1.6918286960026199,1.155307114650386,2.46522864022524,0.4117184771711653,0.43508941392939837,0.14904111135910902,3.353980992926994,-0.08005741320895052,0.12275516111731499,2.8616991223794983,0.10870238514885695,2.850685873661267,23.009685905863705,1.2625143186968373,-0.0021832593326156936,2.7624490546044367,-9.80681591153558e-06,0.6136363636363636,1.820618188979229,1.131199083058111,1.4350894139293984,1.403841343010594,2.013906582029692,1,-1,1.820618188979229,0.6136363636363636
GE,StockNet,0.30005773468036473,2.7130225130486147,3.5364087530314716,3.603320103457836,0.49939973348638467,0.5286020925179631,0.21084351207161273,3.2261374386804413,-0.10684499945649438,0.15479803417508764,1.7810919677761776,0.17685149600672226,1.7661868384345591,7.870804154689804,1.705300820211234,-0.014876990045221571,2.3685800363483045,-1.8515473910126607e-05,0.5757575757575758,1.820618188979229,1.2834236038037024,1.528602092517963,1.728322941545282,2.2345637777774896,1,-1,1.820618188979229,0.5757575757575758
GE,DUAL-DNN,-1.3872537905989673,3.427075946653187,-0.3489401535964788,3.7624947764799237,0.29843952144606756,0.3146881865430209,0.21004120630555057,2.2248321588928808,-0.10294520598953906,0.13414024076071285,1.602658121225408,0.06511120221007663,0.8392503581955052,12.586130507017252,1.4141101069635953,-0.007495244648631338,1.4208617761027444,-1.7771783761556123e-05,0.5492424242424242,1.820618188979229,0.9493506317240762,1.3146881865430209,0.9444416576850296,1.65183960474745,-1,-1,1.820618188979229,0.5492424242424242
GOOG,LSTM,-2.2274934515859885,1.4702172659762485,-2.843667428608169,2.991572621366889,0.12078346557389397,0.1071738436992713,0.08857148081537307,2.6786700009703637,-0.003172602864410499,0.04509083445521078,2.374592744860151,0.03071793628199044,1.2313192472202197,40.81576857602185,1.5111044740019144,0.0,1.3636834843674643,-2.7072245596702177e-07,0.76,1.5349409115965706,0.7986196151985839,1.1071738436992713,0.6587319516578495,1.2173923085433818,-1,1,1.5349409115965706,0.76
GOOG,StockNet,-0.7042499863722106,3.049375469225126,-1.5776979391410586,3.853799651357026,0.17468839432085526,0.1545984297663281,0.10754967412799243,3.0373705367644197,-0.09169007804889669,0.0575130337923615,1.8569315247988771,0.07333559139386756,2.0229615505113996,19.915562626507114,1.2998520673592138,-0.0036939834187630356,1.6242577742538071,-9.500492180417775e-06,0.64,1.5349409115965706,0.8685008810093177,1.154598429766328,0.7741770044672356,1.3197641362924282,-1,1,1.5349409115965706,0.64
GOOG,Triviews,2.016986954885367,2.542532555881797,1.6820991421675333,3.1425917358060773,0.36138182142526176,0.3187322261804246,0.12743685327172313,3.502254659480842,-0.15072042783257913,0.10318547808822998,2.9313699622627696,0.12661456945833316,3.858458572083646,35.31843718582033,1.3114023515386075,-0.0027960722981244623,2.8357716951368612,-1.8423353798302883e-05,0.6150442477876106,1.5726876628810509,1.105785163457667,1.3187322261804246,1.242383778968416,1.7150235341280688,1,1,1.5726876628810509,0.6150442477876106
GOOG,Transformer,-2.979877036681286,-2.9023658928822873,-4.43436180217887,-4.289135980078056,-0.15971031391286306,-0.14389719053939143,0.0958529403678031,-1.1095603058660293,0.07329275487179537,0.14394018339382342,0.38554881911562106,-0.05007940445747395,-3.225847863191314,28.322499674638607,0.7360477455843675,-0.004240186164391618,-1.6662015093123796,6.768324141146873e-06,0.72,1.5349409115965706,0.4774854946070908,0.8561028094606086,0.2346760958244649,0.7266254687815338,-1,1,1.5349409115965706,0.72
GOOG,ESPMP,-2.437266796029776,1.5659975956030634,-3.1438074430273093,3.311500955975323,0.09812977297329706,0.08717114348161004,0.08390812333077109,2.1600271455453495,0.005811244958181526,0.04542987951594557,1.5293060855507352,0.05249976331820829,0.6569105653259021,14.214139676862867,1.0587503669197398,-0.006226814297550503,1.169490736748614,4.697727853886498e-07,0.6533333333333333,1.5349409115965706,0.7700238401944167,1.08717114348161,0.6132526295053919,1.174615962546796,-1,1,1.5349409115965706,0.6533333333333333
GOOG,SCL-DNN,0.16058489155233382,3.296164665961758,-1.3194862010393595,3.365905330125975,0.19023259490522726,0.1682301973053819,0.10786433237569776,6.3724437799867815,-0.15859041102570373,0.029852377121422302,2.8297474503692506,0.12800914410134498,6.857833694543248,67.03013405794827,1.8191233609516613,0.0,1.7636283534638313,-1.6480464499098424e-05,0.72,1.5349409115965706,0.8891298574331531,1.168230197305382,0.8122527959965946,1.3518291167909982,-1,1,1.5349409115965706,0.72
GOOG,DUAL-DNN,-2.78787181941594,-0.5674687068551159,-4.284821730094436,-1.1770783835166836,-0.01704652480771307,-0.01523409877559001,0.09241369047422814,-0.3452137344649782,0.0030650191880234384,0.04937962515927197,0.9373937589267498,-0.004405245323866561,-0.8104755800084431,29.908367526287304,0.8202195390609062,-0.0029642289385502785,-0.18445886881302417,2.728878345725591e-07,0.68,1.5349409115965706,0.6317923203998935,0.98476590122441,0.4116478244506968,0.9623634073838524,-1,1,1.5349409115965706,0.68
GOOG,CE-DNN,-2.8364474639940847,1.452403861852696,-4.309217481310027,2.0383653312106382,0.13064289109656801,0.11586592213407432,0.08543297302328405,3.5573512143712036,-0.06119816992201107,0.03672476604749875,1.780070911740742,0.05404483252481665,0.02624498525523829,12.593781529700497,0.9642050771929019,-0.0014703241228318335,1.5291858222113186,-5.037077333734251e-06,0.6755555555555556,1.5349409115965706,0.8112082665677197,1.1158659221340743,0.6802146913061994,1.237084007926089,-1,1,1.5349409115965706,0.6755555555555556
O,SCL-DNN,-2.5527621990023297,-1.548213134954655,-1.7922555688943067,1.0494677569579176,0.039651264227437144,0.022942329557185115,0.12491712728520478,0.6307744286402946,0.1230770865227791,0.0628612423507876,1.129502533057539,0.014306075048481557,-1.5198378701203055,10.977842301286193,0.8348496983468766,-0.007660687401002342,0.3174205578463815,2.2591527335245957e-05,0.6122448979591837,1.156142845891666,0.9050879943756834,1.0229423295571851,0.8348559762009611,1.0368151004533692,-1,-1,1.156142845891666,0.6122448979591837
O,ESPMP,-0.8387254946689712,0.9912745200011308,1.0036742359442619,3.248227381161138,0.1587401484750588,0.0897457868901026,0.10053724235563256,4.2722386084586566,0.058878840702440614,0.03715619913194157,1.7394519012321443,0.054712625099528935,-0.7209563114299115,15.261924526243359,1.1069239371477282,-0.0038293717097260815,1.5789188638528977,8.698264643206782e-06,0.6530612244897959,1.156142845891666,1.0271618980860833,1.0897457868901026,1.0823591809824928,1.1805414392722169,-1,-1,1.156142845891666,0.6530612244897959
O,StockNet,1.4244794100831837,1.51467715982752,3.3305985873801554,3.1307980387953225,0.6422999645309002,0.33561293182048635,0.15810746219271185,12.37102169983736,-0.005700268010741275,0.05191971852570143,2.3959177488293557,0.18827720262084027,0.3624205602088772,5.979687549320063,1.3776527055768795,-0.008210306422081232,4.0624266282133,-1.3243233639676575e-06,0.5374149659863946,1.156142845891666,1.542942474612928,1.3356129318204863,2.399482803507241,1.7577388611545477,1,-1,1.156142845891666,0.5374149659863946
O,DUAL-DNN,-3.688275438552935,-3.57209922837397,-3.3309326525651364,-1.470731094296196,-0.037950928988061405,-0.022316285747306375,0.11450372129247313,-0.40919806303601447,0.19173021387254072,0.09274464474852917,0.9063282338944648,-0.010476118718762424,-1.6715226636259517,12.366695818621029,0.7552735282453874,-0.007972085669944395,-0.3314383895971781,3.225942006063892e-05,0.6326530612244898,1.156142845891666,0.8267710590534686,0.9776837142526936,0.6986636492904157,0.9484831229263996,-1,-1,1.156142845891666,0.6326530612244898
O,LSTM,-0.6122774484779783,0.8463694922679869,-2.1917484341303113,-0.6982537843444371,-0.01941952953306947,-0.011374314499013605,0.17377974703218566,-0.17489219174209816,-0.06368515801915783,0.11103714430948497,0.9930998570156696,-0.00136682418238663,-1.0359770235267207,5.22475499788567,1.0924098427172366,-0.015072263946697556,-0.11174794453736192,-1.6262368177234056e-05,0.5170068027210885,1.156142845891666,0.8453806114922587,0.9886256855009864,0.7158984320944061,0.9601105440859328,1,-1,1.156142845891666,0.5170068027210885
O,CE-DNN,-2.5029373503247054,-2.8977498005130427,-2.209131031502563,-1.093383719221817,-0.03753501273838078,-0.02206974725867561,0.10485752062017603,-0.34553369764334035,0.2217229206942131,0.10862909462776738,0.9048938332348875,-0.012782178635936267,-1.6530293686921504,11.74552586372075,0.7756232856299036,-0.008218124795643378,-0.3579620471319682,3.4163045003553027e-05,0.5918367346938775,1.156142845891666,0.8271880785536808,0.9779302527413244,0.7011450952152565,0.9501659952605268,-1,-1,1.156142845891666,0.5918367346938775
O,Transformer,0.4536604652978147,1.0583611178510408,1.5235996271286962,1.9694711923477364,0.20960200453041433,0.11739860221440401,0.228406134312062,2.1309736560135017,-0.00035817539972828256,0.09835973520316776,1.1911314534573132,0.06974624892678087,-0.621382922912474,1.7292166644047726,0.9300615458502309,-0.02921111629143494,0.9176723959788385,-1.2021257931297346e-07,0.35374149659863946,1.156142845891666,1.07995274171138,1.117398602214404,1.1388383741150838,1.2109510271012982,1,-1,1.156142845891666,0.35374149659863946
O,Triviews,1.672532634011321,1.6468218560216037,3.6185101319092263,3.192176590497328,0.4717150698655499,0.2528445262707064,0.17508257643291453,3.7826113860535817,-0.01699768755713477,0.12470619414004691,1.7836485474700627,0.14050378993798238,-0.09402813966550191,5.349039588274396,1.4356195625978554,-0.011293200884224253,2.694243364908983,-4.372996891332246e-06,0.5306122448979592,1.156142845891666,1.3576344935092497,1.2528445262707064,1.8459255213325607,1.541709756297968,-1,-1,1.156142845891666,0.5306122448979592
